Month,Geography,Estimate,North American Industry Classification System (NAICS),Value,Monthly Change,Yearly change,Indexed value
Jan 2010,Alberta,Average weekly earnings including overtime for all employees,Health care and social assistance,$  826.96,  4.8%,  6.9%,100.0
Feb 2010,Alberta,Average weekly earnings including overtime for all employees,Health care and social assistance,$  842.26,  1.9%,  3.0%,101.9
Mar 2010,Alberta,Average weekly earnings including overtime for all employees,Health care and social assistance,$  825.13, -2.0%, -0.8%, 99.8
Apr 2010,Alberta,Average weekly earnings including overtime for all employees,Health care and social assistance,$  805.83, -2.3%, -3.8%, 97.4
May 2010,Alberta,Average weekly earnings including overtime for all employees,Health care and social assistance,$  850.86,  5.6%, -1.4%,102.9
Jun 2010,Alberta,Average weekly earnings including overtime for all employees,Health care and social assistance,$  828.70, -2.6%,  1.4%,100.2
Jul 2010,Alberta,Average weekly earnings including overtime for all employees,Health care and social assistance,$  834.55,  0.7%,  4.5%,100.9
Aug 2010,Alberta,Average weekly earnings including overtime for all employees,Health care and social assistance,$  871.78,  4.5%,  7.7%,105.4
Sep 2010,Alberta,Average weekly earnings including overtime for all employees,Health care and social assistance,$  861.15, -1.2%,  4.5%,104.1
Oct 2010,Alberta,Average weekly earnings including overtime for all employees,Health care and social assistance,$  860.64, -0.1%,  4.7%,104.1
Nov 2010,Alberta,Average weekly earnings including overtime for all employees,Health care and social assistance,$  857.55, -0.4%,  1.6%,103.7
Dec 2010,Alberta,Average weekly earnings including overtime for all employees,Health care and social assistance,$  839.47, -2.1%,  6.3%,101.5
Jan 2011,Alberta,Average weekly earnings including overtime for all employees,Health care and social assistance,$  868.78,  3.5%,  5.1%,105.1
Feb 2011,Alberta,Average weekly earnings including overtime for all employees,Health care and social assistance,$  861.76, -0.8%,  2.3%,104.2
Mar 2011,Alberta,Average weekly earnings including overtime for all employees,Health care and social assistance,$  858.83, -0.3%,  4.1%,103.9
Apr 2011,Alberta,Average weekly earnings including overtime for all employees,Health care and social assistance,$  872.85,  1.6%,  8.3%,105.5
May 2011,Alberta,Average weekly earnings including overtime for all employees,Health care and social assistance,$  854.82, -2.1%,  0.5%,103.4
Jun 2011,Alberta,Average weekly earnings including overtime for all employees,Health care and social assistance,$  862.36,  0.9%,  4.1%,104.3
Jul 2011,Alberta,Average weekly earnings including overtime for all employees,Health care and social assistance,$  849.17, -1.5%,  1.8%,102.7
Aug 2011,Alberta,Average weekly earnings including overtime for all employees,Health care and social assistance,$  859.92,  1.3%, -1.4%,104.0
Sep 2011,Alberta,Average weekly earnings including overtime for all employees,Health care and social assistance,$  878.13,  2.1%,  2.0%,106.2
Oct 2011,Alberta,Average weekly earnings including overtime for all employees,Health care and social assistance,$  875.88, -0.3%,  1.8%,105.9
Nov 2011,Alberta,Average weekly earnings including overtime for all employees,Health care and social assistance,$  860.39, -1.8%,  0.3%,104.0
Dec 2011,Alberta,Average weekly earnings including overtime for all employees,Health care and social assistance,$  861.08,  0.1%,  2.6%,104.1
Jan 2012,Alberta,Average weekly earnings including overtime for all employees,Health care and social assistance,$  876.58,  1.8%,  0.9%,106.0
Feb 2012,Alberta,Average weekly earnings including overtime for all employees,Health care and social assistance,$  895.49,  2.2%,  3.9%,108.3
Mar 2012,Alberta,Average weekly earnings including overtime for all employees,Health care and social assistance,$  868.95, -3.0%,  1.2%,105.1
Apr 2012,Alberta,Average weekly earnings including overtime for all employees,Health care and social assistance,$  885.44,  1.9%,  1.4%,107.1
May 2012,Alberta,Average weekly earnings including overtime for all employees,Health care and social assistance,$  871.65, -1.6%,  2.0%,105.4
Jun 2012,Alberta,Average weekly earnings including overtime for all employees,Health care and social assistance,$  927.60,  6.4%,  7.6%,112.2
Jul 2012,Alberta,Average weekly earnings including overtime for all employees,Health care and social assistance,$  906.34, -2.3%,  6.7%,109.6
Aug 2012,Alberta,Average weekly earnings including overtime for all employees,Health care and social assistance,$  900.25, -0.7%,  4.7%,108.9
Sep 2012,Alberta,Average weekly earnings including overtime for all employees,Health care and social assistance,$  900.61,  0.0%,  2.6%,108.9
Oct 2012,Alberta,Average weekly earnings including overtime for all employees,Health care and social assistance,$  925.70,  2.8%,  5.7%,111.9
Nov 2012,Alberta,Average weekly earnings including overtime for all employees,Health care and social assistance,$  896.56, -3.1%,  4.2%,108.4
Dec 2012,Alberta,Average weekly earnings including overtime for all employees,Health care and social assistance,$  944.50,  5.3%,  9.7%,114.2
Jan 2013,Alberta,Average weekly earnings including overtime for all employees,Health care and social assistance,$  917.02, -2.9%,  4.6%,110.9
Feb 2013,Alberta,Average weekly earnings including overtime for all employees,Health care and social assistance,$  906.17, -1.2%,  1.2%,109.6
Mar 2013,Alberta,Average weekly earnings including overtime for all employees,Health care and social assistance,$  913.04,  0.8%,  5.1%,110.4
Apr 2013,Alberta,Average weekly earnings including overtime for all employees,Health care and social assistance,$  920.82,  0.9%,  4.0%,111.4
May 2013,Alberta,Average weekly earnings including overtime for all employees,Health care and social assistance,$  890.11, -3.3%,  2.1%,107.6
Jun 2013,Alberta,Average weekly earnings including overtime for all employees,Health care and social assistance,$  905.23,  1.7%, -2.4%,109.5
Jul 2013,Alberta,Average weekly earnings including overtime for all employees,Health care and social assistance,$  882.27, -2.5%, -2.7%,106.7
Aug 2013,Alberta,Average weekly earnings including overtime for all employees,Health care and social assistance,$  899.85,  2.0%,  0.0%,108.8
Sep 2013,Alberta,Average weekly earnings including overtime for all employees,Health care and social assistance,$  901.67,  0.2%,  0.1%,109.0
Oct 2013,Alberta,Average weekly earnings including overtime for all employees,Health care and social assistance,$  919.59,  2.0%, -0.7%,111.2
Nov 2013,Alberta,Average weekly earnings including overtime for all employees,Health care and social assistance,$  922.81,  0.4%,  2.9%,111.6
Dec 2013,Alberta,Average weekly earnings including overtime for all employees,Health care and social assistance,$  932.24,  1.0%, -1.3%,112.7
Jan 2014,Alberta,Average weekly earnings including overtime for all employees,Health care and social assistance,$  921.37, -1.2%,  0.5%,111.4
Feb 2014,Alberta,Average weekly earnings including overtime for all employees,Health care and social assistance,$  931.39,  1.1%,  2.8%,112.6
Mar 2014,Alberta,Average weekly earnings including overtime for all employees,Health care and social assistance,$  946.87,  1.7%,  3.7%,114.5
Apr 2014,Alberta,Average weekly earnings including overtime for all employees,Health care and social assistance,$  891.43, -5.9%, -3.2%,107.8
May 2014,Alberta,Average weekly earnings including overtime for all employees,Health care and social assistance,$  898.32,  0.8%,  0.9%,108.6
Jun 2014,Alberta,Average weekly earnings including overtime for all employees,Health care and social assistance,$  924.54,  2.9%,  2.1%,111.8
Jul 2014,Alberta,Average weekly earnings including overtime for all employees,Health care and social assistance,$  912.52, -1.3%,  3.4%,110.3
Aug 2014,Alberta,Average weekly earnings including overtime for all employees,Health care and social assistance,$  887.50, -2.7%, -1.4%,107.3
Sep 2014,Alberta,Average weekly earnings including overtime for all employees,Health care and social assistance,$  938.29,  5.7%,  4.1%,113.5
Oct 2014,Alberta,Average weekly earnings including overtime for all employees,Health care and social assistance,$  941.43,  0.3%,  2.4%,113.8
Nov 2014,Alberta,Average weekly earnings including overtime for all employees,Health care and social assistance,$  917.27, -2.6%, -0.6%,110.9
Dec 2014,Alberta,Average weekly earnings including overtime for all employees,Health care and social assistance,$  937.01,  2.2%,  0.5%,113.3
Jan 2015,Alberta,Average weekly earnings including overtime for all employees,Health care and social assistance,$  946.27,  1.0%,  2.7%,114.4
Feb 2015,Alberta,Average weekly earnings including overtime for all employees,Health care and social assistance,$  950.30,  0.4%,  2.0%,114.9
Mar 2015,Alberta,Average weekly earnings including overtime for all employees,Health care and social assistance,$  936.79, -1.4%, -1.1%,113.3
Apr 2015,Alberta,Average weekly earnings including overtime for all employees,Health care and social assistance,$  929.43, -0.8%,  4.3%,112.4
May 2015,Alberta,Average weekly earnings including overtime for all employees,Health care and social assistance,$  963.78,  3.7%,  7.3%,116.5
Jun 2015,Alberta,Average weekly earnings including overtime for all employees,Health care and social assistance,$  933.37, -3.2%,  1.0%,112.9
Jul 2015,Alberta,Average weekly earnings including overtime for all employees,Health care and social assistance,$  918.68, -1.6%,  0.7%,111.1
Aug 2015,Alberta,Average weekly earnings including overtime for all employees,Health care and social assistance,$  936.41,  1.9%,  5.5%,113.2
Sep 2015,Alberta,Average weekly earnings including overtime for all employees,Health care and social assistance,$  929.60, -0.7%, -0.9%,112.4
Oct 2015,Alberta,Average weekly earnings including overtime for all employees,Health care and social assistance,$  935.70,  0.7%, -0.6%,113.1
Nov 2015,Alberta,Average weekly earnings including overtime for all employees,Health care and social assistance,$  951.57,  1.7%,  3.7%,115.1
Dec 2015,Alberta,Average weekly earnings including overtime for all employees,Health care and social assistance,$  938.96, -1.3%,  0.2%,113.5
Jan 2016,Alberta,Average weekly earnings including overtime for all employees,Health care and social assistance,$  917.53, -2.3%, -3.0%,111.0
Feb 2016,Alberta,Average weekly earnings including overtime for all employees,Health care and social assistance,$  945.99,  3.1%, -0.5%,114.4
Mar 2016,Alberta,Average weekly earnings including overtime for all employees,Health care and social assistance,$  919.99, -2.7%, -1.8%,111.2
Apr 2016,Alberta,Average weekly earnings including overtime for all employees,Health care and social assistance,$  925.73,  0.6%, -0.4%,111.9
May 2016,Alberta,Average weekly earnings including overtime for all employees,Health care and social assistance,$  937.39,  1.3%, -2.7%,113.4
Jun 2016,Alberta,Average weekly earnings including overtime for all employees,Health care and social assistance,$  941.83,  0.5%,  0.9%,113.9
Jul 2016,Alberta,Average weekly earnings including overtime for all employees,Health care and social assistance,$  938.82, -0.3%,  2.2%,113.5
Aug 2016,Alberta,Average weekly earnings including overtime for all employees,Health care and social assistance,$  951.85,  1.4%,  1.6%,115.1
Sep 2016,Alberta,Average weekly earnings including overtime for all employees,Health care and social assistance,$  942.19, -1.0%,  1.4%,113.9
Oct 2016,Alberta,Average weekly earnings including overtime for all employees,Health care and social assistance,$  959.79,  1.9%,  2.6%,116.1
Nov 2016,Alberta,Average weekly earnings including overtime for all employees,Health care and social assistance,$  954.59, -0.5%,  0.3%,115.4
Dec 2016,Alberta,Average weekly earnings including overtime for all employees,Health care and social assistance,$  926.24, -3.0%, -1.4%,112.0
Jan 2017,Alberta,Average weekly earnings including overtime for all employees,Health care and social assistance,$  951.10,  2.7%,  3.7%,115.0
Feb 2017,Alberta,Average weekly earnings including overtime for all employees,Health care and social assistance,$  959.72,  0.9%,  1.5%,116.1
Mar 2017,Alberta,Average weekly earnings including overtime for all employees,Health care and social assistance,$  948.18, -1.2%,  3.1%,114.7
Apr 2017,Alberta,Average weekly earnings including overtime for all employees,Health care and social assistance,$  959.11,  1.2%,  3.6%,116.0
May 2017,Alberta,Average weekly earnings including overtime for all employees,Health care and social assistance,$  954.48, -0.5%,  1.8%,115.4
Jun 2017,Alberta,Average weekly earnings including overtime for all employees,Health care and social assistance,$  933.97, -2.1%, -0.8%,112.9
Jul 2017,Alberta,Average weekly earnings including overtime for all employees,Health care and social assistance,$  951.44,  1.9%,  1.3%,115.1
Aug 2017,Alberta,Average weekly earnings including overtime for all employees,Health care and social assistance,$  960.14,  0.9%,  0.9%,116.1
Sep 2017,Alberta,Average weekly earnings including overtime for all employees,Health care and social assistance,$  966.96,  0.7%,  2.6%,116.9
Oct 2017,Alberta,Average weekly earnings including overtime for all employees,Health care and social assistance,$  969.55,  0.3%,  1.0%,117.2
Nov 2017,Alberta,Average weekly earnings including overtime for all employees,Health care and social assistance,$  988.43,  1.9%,  3.5%,119.5
Dec 2017,Alberta,Average weekly earnings including overtime for all employees,Health care and social assistance,$  972.18, -1.6%,  5.0%,117.6
Jan 2018,Alberta,Average weekly earnings including overtime for all employees,Health care and social assistance,$  989.25,  1.8%,  4.0%,119.6
Feb 2018,Alberta,Average weekly earnings including overtime for all employees,Health care and social assistance,$  972.82, -1.7%,  1.4%,117.6
Mar 2018,Alberta,Average weekly earnings including overtime for all employees,Health care and social assistance,$  980.20,  0.8%,  3.4%,118.5
Apr 2018,Alberta,Average weekly earnings including overtime for all employees,Health care and social assistance,$  977.38, -0.3%,  1.9%,118.2
May 2018,Alberta,Average weekly earnings including overtime for all employees,Health care and social assistance,$  982.93,  0.6%,  3.0%,118.9
Jun 2018,Alberta,Average weekly earnings including overtime for all employees,Health care and social assistance,$  976.03, -0.7%,  4.5%,118.0
Jul 2018,Alberta,Average weekly earnings including overtime for all employees,Health care and social assistance,$  971.05, -0.5%,  2.1%,117.4
Aug 2018,Alberta,Average weekly earnings including overtime for all employees,Health care and social assistance,$  970.14, -0.1%,  1.0%,117.3
Sep 2018,Alberta,Average weekly earnings including overtime for all employees,Health care and social assistance,$  971.44,  0.1%,  0.5%,117.5
Oct 2018,Alberta,Average weekly earnings including overtime for all employees,Health care and social assistance,$  992.15,  2.1%,  2.3%,120.0
Nov 2018,Alberta,Average weekly earnings including overtime for all employees,Health care and social assistance,$  988.03, -0.4%,  0.0%,119.5
Dec 2018,Alberta,Average weekly earnings including overtime for all employees,Health care and social assistance,"$1,003.43",  1.6%,  3.2%,121.3
Jan 2019,Alberta,Average weekly earnings including overtime for all employees,Health care and social assistance,$  960.27, -4.3%, -2.9%,116.1
Feb 2019,Alberta,Average weekly earnings including overtime for all employees,Health care and social assistance,$  977.88,  1.8%,  0.5%,118.2
Mar 2019,Alberta,Average weekly earnings including overtime for all employees,Health care and social assistance,$  981.34,  0.4%,  0.1%,118.7
Apr 2019,Alberta,Average weekly earnings including overtime for all employees,Health care and social assistance,$  975.64, -0.6%, -0.2%,118.0
May 2019,Alberta,Average weekly earnings including overtime for all employees,Health care and social assistance,$  972.74, -0.3%, -1.0%,117.6
Jun 2019,Alberta,Average weekly earnings including overtime for all employees,Health care and social assistance,$  978.84,  0.6%,  0.3%,118.4
Jul 2019,Alberta,Average weekly earnings including overtime for all employees,Health care and social assistance,$  987.55,  0.9%,  1.7%,119.4
Aug 2019,Alberta,Average weekly earnings including overtime for all employees,Health care and social assistance,$  955.32, -3.3%, -1.5%,115.5
Sep 2019,Alberta,Average weekly earnings including overtime for all employees,Health care and social assistance,$  981.07,  2.7%,  1.0%,118.6
Oct 2019,Alberta,Average weekly earnings including overtime for all employees,Health care and social assistance,$  978.75, -0.2%, -1.4%,118.4
Nov 2019,Alberta,Average weekly earnings including overtime for all employees,Health care and social assistance,$  981.56,  0.3%, -0.7%,118.7
Dec 2019,Alberta,Average weekly earnings including overtime for all employees,Health care and social assistance,$  999.84,  1.9%, -0.4%,120.9
Jan 2020,Alberta,Average weekly earnings including overtime for all employees,Health care and social assistance,$  977.49, -2.2%,  1.8%,118.2
Feb 2020,Alberta,Average weekly earnings including overtime for all employees,Health care and social assistance,$  972.78, -0.5%, -0.5%,117.6
Mar 2020,Alberta,Average weekly earnings including overtime for all employees,Health care and social assistance,$  990.64,  1.8%,  0.9%,119.8
Apr 2020,Alberta,Average weekly earnings including overtime for all employees,Health care and social assistance,"$1,013.62",  2.3%,  3.9%,122.6
May 2020,Alberta,Average weekly earnings including overtime for all employees,Health care and social assistance,"$1,004.59", -0.9%,  3.3%,121.5
Jun 2020,Alberta,Average weekly earnings including overtime for all employees,Health care and social assistance,"$1,041.28",  3.7%,  6.4%,125.9
Jul 2020,Alberta,Average weekly earnings including overtime for all employees,Health care and social assistance,$  989.45, -5.0%,  0.2%,119.6
Aug 2020,Alberta,Average weekly earnings including overtime for all employees,Health care and social assistance,"$1,022.90",  3.4%,  7.1%,123.7
Sep 2020,Alberta,Average weekly earnings including overtime for all employees,Health care and social assistance,"$1,022.74",  0.0%,  4.2%,123.7
Oct 2020,Alberta,Average weekly earnings including overtime for all employees,Health care and social assistance,"$1,008.97", -1.3%,  3.1%,122.0
Nov 2020,Alberta,Average weekly earnings including overtime for all employees,Health care and social assistance,"$1,036.86",  2.8%,  5.6%,125.4
Dec 2020,Alberta,Average weekly earnings including overtime for all employees,Health care and social assistance,"$1,041.32",  0.4%,  4.1%,125.9
Jan 2021,Alberta,Average weekly earnings including overtime for all employees,Health care and social assistance,"$1,015.27", -2.5%,  3.9%,122.8
Feb 2021,Alberta,Average weekly earnings including overtime for all employees,Health care and social assistance,"$1,001.25", -1.4%,  2.9%,121.1
Mar 2021,Alberta,Average weekly earnings including overtime for all employees,Health care and social assistance,"$1,011.67",  1.0%,  2.1%,122.3
Apr 2021,Alberta,Average weekly earnings including overtime for all employees,Health care and social assistance,"$1,006.11", -0.5%, -0.7%,121.7
May 2021,Alberta,Average weekly earnings including overtime for all employees,Health care and social assistance,$  998.33, -0.8%, -0.6%,120.7
Jun 2021,Alberta,Average weekly earnings including overtime for all employees,Health care and social assistance,$  992.79, -0.6%, -4.7%,120.1
Jul 2021,Alberta,Average weekly earnings including overtime for all employees,Health care and social assistance,"$1,001.87",  0.9%,  1.3%,121.2
Aug 2021,Alberta,Average weekly earnings including overtime for all employees,Health care and social assistance,"$1,007.43",  0.6%, -1.5%,121.8
Sep 2021,Alberta,Average weekly earnings including overtime for all employees,Health care and social assistance,$  986.93, -2.0%, -3.5%,119.3
Oct 2021,Alberta,Average weekly earnings including overtime for all employees,Health care and social assistance,"$1,002.16",  1.5%, -0.7%,121.2
Nov 2021,Alberta,Average weekly earnings including overtime for all employees,Health care and social assistance,"$1,005.81",  0.4%, -3.0%,121.6
Dec 2021,Alberta,Average weekly earnings including overtime for all employees,Health care and social assistance,$  999.08, -0.7%, -4.1%,120.8
Jan 2022,Alberta,Average weekly earnings including overtime for all employees,Health care and social assistance,"$1,013.34",  1.4%, -0.2%,122.5
Feb 2022,Alberta,Average weekly earnings including overtime for all employees,Health care and social assistance,$  966.96, -4.6%, -3.4%,116.9
Mar 2022,Alberta,Average weekly earnings including overtime for all employees,Health care and social assistance,$  970.06,  0.3%, -4.1%,117.3
Apr 2022,Alberta,Average weekly earnings including overtime for all employees,Health care and social assistance,$  953.90, -1.7%, -5.2%,115.4
May 2022,Alberta,Average weekly earnings including overtime for all employees,Health care and social assistance,$  990.74,  3.9%, -0.8%,119.8
Jun 2022,Alberta,Average weekly earnings including overtime for all employees,Health care and social assistance,$  998.26,  0.8%,  0.6%,120.7
Jul 2022,Alberta,Average weekly earnings including overtime for all employees,Health care and social assistance,$  971.03, -2.7%, -3.1%,117.4
Aug 2022,Alberta,Average weekly earnings including overtime for all employees,Health care and social assistance,$  979.27,  0.8%, -2.8%,118.4
Sep 2022,Alberta,Average weekly earnings including overtime for all employees,Health care and social assistance,$  983.21,  0.4%, -0.4%,118.9
Oct 2022,Alberta,Average weekly earnings including overtime for all employees,Health care and social assistance,"$1,031.50",  4.9%,  2.9%,124.7
Nov 2022,Alberta,Average weekly earnings including overtime for all employees,Health care and social assistance,"$1,047.88",  1.6%,  4.2%,126.7
Dec 2022,Alberta,Average weekly earnings including overtime for all employees,Health care and social assistance,"$1,023.04", -2.4%,  2.4%,123.7
Jan 2023,Alberta,Average weekly earnings including overtime for all employees,Health care and social assistance,"$1,031.19",  0.8%,  1.8%,124.7
Feb 2023,Alberta,Average weekly earnings including overtime for all employees,Health care and social assistance,$  979.20, -5.0%,  1.3%,118.4
Mar 2023,Alberta,Average weekly earnings including overtime for all employees,Health care and social assistance,$  996.92,  1.8%,  2.8%,120.6
Apr 2023,Alberta,Average weekly earnings including overtime for all employees,Health care and social assistance,"$1,026.17",  2.9%,  7.6%,124.1
May 2023,Alberta,Average weekly earnings including overtime for all employees,Health care and social assistance,"$1,075.06",  4.8%,  8.5%,130.0
Jun 2023,Alberta,Average weekly earnings including overtime for all employees,Health care and social assistance,"$1,048.08", -2.5%,  5.0%,126.7
Jul 2023,Alberta,Average weekly earnings including overtime for all employees,Health care and social assistance,"$1,055.98",  0.8%,  8.7%,127.7
Aug 2023,Alberta,Average weekly earnings including overtime for all employees,Health care and social assistance,"$1,039.33", -1.6%,  6.1%,125.7
Sep 2023,Alberta,Average weekly earnings including overtime for all employees,Health care and social assistance,"$1,053.18",  1.3%,  7.1%,127.4
Oct 2023,Alberta,Average weekly earnings including overtime for all employees,Health care and social assistance,"$1,086.33",  3.1%,  5.3%,131.4
Nov 2023,Alberta,Average weekly earnings including overtime for all employees,Health care and social assistance,"$1,066.29", -1.8%,  1.8%,128.9
Dec 2023,Alberta,Average weekly earnings including overtime for all employees,Health care and social assistance,"$1,056.81", -0.9%,  3.3%,127.8
Jan 2024,Alberta,Average weekly earnings including overtime for all employees,Health care and social assistance,"$1,062.95",  0.6%,  3.1%,128.5
Feb 2024,Alberta,Average weekly earnings including overtime for all employees,Health care and social assistance,"$1,034.09", -2.7%,  5.6%,125.0
Mar 2024,Alberta,Average weekly earnings including overtime for all employees,Health care and social assistance,"$1,062.73",  2.8%,  6.6%,128.5
Apr 2024,Alberta,Average weekly earnings including overtime for all employees,Health care and social assistance,"$1,082.57",  1.9%,  5.5%,130.9
May 2024,Alberta,Average weekly earnings including overtime for all employees,Health care and social assistance,"$1,063.48", -1.8%, -1.1%,128.6
Jun 2024,Alberta,Average weekly earnings including overtime for all employees,Health care and social assistance,"$1,072.23",  0.8%,  2.3%,129.7
Jul 2024,Alberta,Average weekly earnings including overtime for all employees,Health care and social assistance,"$1,075.36",  0.3%,  1.8%,130.0
Aug 2024,Alberta,Average weekly earnings including overtime for all employees,Health care and social assistance,"$1,091.04",  1.5%,  5.0%,131.9
Sep 2024,Alberta,Average weekly earnings including overtime for all employees,Health care and social assistance,"$1,097.50",  0.6%,  4.2%,132.7
Oct 2024,Alberta,Average weekly earnings including overtime for all employees,Health care and social assistance,"$1,080.46", -1.6%, -0.5%,130.7
Jan 2010,Alberta,Average weekly earnings including overtime for all employees,"Arts, entertainment and recreation",$  520.89,  2.6%, 10.2%,100.0
Feb 2010,Alberta,Average weekly earnings including overtime for all employees,"Arts, entertainment and recreation",$  536.89,  3.1%, 18.2%,103.1
Mar 2010,Alberta,Average weekly earnings including overtime for all employees,"Arts, entertainment and recreation",$  542.21,  1.0%, 14.4%,104.1
Apr 2010,Alberta,Average weekly earnings including overtime for all employees,"Arts, entertainment and recreation",$  550.27,  1.5%, 10.7%,105.6
May 2010,Alberta,Average weekly earnings including overtime for all employees,"Arts, entertainment and recreation",$  532.48, -3.2%,  5.9%,102.2
Jun 2010,Alberta,Average weekly earnings including overtime for all employees,"Arts, entertainment and recreation",$  552.81,  3.8%, 13.6%,106.1
Jul 2010,Alberta,Average weekly earnings including overtime for all employees,"Arts, entertainment and recreation",$  536.68, -2.9%,  7.0%,103.0
Aug 2010,Alberta,Average weekly earnings including overtime for all employees,"Arts, entertainment and recreation",$  568.29,  5.9%, 11.7%,109.1
Sep 2010,Alberta,Average weekly earnings including overtime for all employees,"Arts, entertainment and recreation",$  551.82, -2.9%,  8.9%,105.9
Oct 2010,Alberta,Average weekly earnings including overtime for all employees,"Arts, entertainment and recreation",$  585.94,  6.2%, 12.8%,112.5
Nov 2010,Alberta,Average weekly earnings including overtime for all employees,"Arts, entertainment and recreation",$  617.90,  5.5%, 23.4%,118.6
Dec 2010,Alberta,Average weekly earnings including overtime for all employees,"Arts, entertainment and recreation",$  602.76, -2.5%, 18.7%,115.7
Jan 2011,Alberta,Average weekly earnings including overtime for all employees,"Arts, entertainment and recreation",$  628.25,  4.2%, 20.6%,120.6
Feb 2011,Alberta,Average weekly earnings including overtime for all employees,"Arts, entertainment and recreation",$  623.95, -0.7%, 16.2%,119.8
Mar 2011,Alberta,Average weekly earnings including overtime for all employees,"Arts, entertainment and recreation",$  579.22, -7.2%,  6.8%,111.2
Apr 2011,Alberta,Average weekly earnings including overtime for all employees,"Arts, entertainment and recreation",$  635.58,  9.7%, 15.5%,122.0
May 2011,Alberta,Average weekly earnings including overtime for all employees,"Arts, entertainment and recreation",$  566.10,-10.9%,  6.3%,108.7
Jun 2011,Alberta,Average weekly earnings including overtime for all employees,"Arts, entertainment and recreation",$  539.55, -4.7%, -2.4%,103.6
Jul 2011,Alberta,Average weekly earnings including overtime for all employees,"Arts, entertainment and recreation",$  535.59, -0.7%, -0.2%,102.8
Aug 2011,Alberta,Average weekly earnings including overtime for all employees,"Arts, entertainment and recreation",$  528.12, -1.4%, -7.1%,101.4
Sep 2011,Alberta,Average weekly earnings including overtime for all employees,"Arts, entertainment and recreation",$  560.69,  6.2%,  1.6%,107.6
Oct 2011,Alberta,Average weekly earnings including overtime for all employees,"Arts, entertainment and recreation",$  534.05, -4.8%, -8.9%,102.5
Nov 2011,Alberta,Average weekly earnings including overtime for all employees,"Arts, entertainment and recreation",$  527.19, -1.3%,-14.7%,101.2
Dec 2011,Alberta,Average weekly earnings including overtime for all employees,"Arts, entertainment and recreation",$  521.40, -1.1%,-13.5%,100.1
Jan 2012,Alberta,Average weekly earnings including overtime for all employees,"Arts, entertainment and recreation",$  498.66, -4.4%,-20.6%, 95.7
Feb 2012,Alberta,Average weekly earnings including overtime for all employees,"Arts, entertainment and recreation",$  501.18,  0.5%,-19.7%, 96.2
Mar 2012,Alberta,Average weekly earnings including overtime for all employees,"Arts, entertainment and recreation",$  516.06,  3.0%,-10.9%, 99.1
Apr 2012,Alberta,Average weekly earnings including overtime for all employees,"Arts, entertainment and recreation",$  491.40, -4.8%,-22.7%, 94.3
May 2012,Alberta,Average weekly earnings including overtime for all employees,"Arts, entertainment and recreation",$  524.93,  6.8%, -7.3%,100.8
Jun 2012,Alberta,Average weekly earnings including overtime for all employees,"Arts, entertainment and recreation",$  542.55,  3.4%,  0.6%,104.2
Jul 2012,Alberta,Average weekly earnings including overtime for all employees,"Arts, entertainment and recreation",$  568.81,  4.8%,  6.2%,109.2
Aug 2012,Alberta,Average weekly earnings including overtime for all employees,"Arts, entertainment and recreation",$  575.33,  1.1%,  8.9%,110.5
Sep 2012,Alberta,Average weekly earnings including overtime for all employees,"Arts, entertainment and recreation",$  555.69, -3.4%, -0.9%,106.7
Oct 2012,Alberta,Average weekly earnings including overtime for all employees,"Arts, entertainment and recreation",$  557.02,  0.2%,  4.3%,106.9
Nov 2012,Alberta,Average weekly earnings including overtime for all employees,"Arts, entertainment and recreation",$  539.08, -3.2%,  2.3%,103.5
Dec 2012,Alberta,Average weekly earnings including overtime for all employees,"Arts, entertainment and recreation",$  531.87, -1.3%,  2.0%,102.1
Jan 2013,Alberta,Average weekly earnings including overtime for all employees,"Arts, entertainment and recreation",$  547.61,  3.0%,  9.8%,105.1
Feb 2013,Alberta,Average weekly earnings including overtime for all employees,"Arts, entertainment and recreation",$  560.95,  2.4%, 11.9%,107.7
Mar 2013,Alberta,Average weekly earnings including overtime for all employees,"Arts, entertainment and recreation",$  563.01,  0.4%,  9.1%,108.1
Apr 2013,Alberta,Average weekly earnings including overtime for all employees,"Arts, entertainment and recreation",$  571.06,  1.4%, 16.2%,109.6
May 2013,Alberta,Average weekly earnings including overtime for all employees,"Arts, entertainment and recreation",$  597.71,  4.7%, 13.9%,114.7
Jun 2013,Alberta,Average weekly earnings including overtime for all employees,"Arts, entertainment and recreation",$  580.45, -2.9%,  7.0%,111.4
Jul 2013,Alberta,Average weekly earnings including overtime for all employees,"Arts, entertainment and recreation",$  606.41,  4.5%,  6.6%,116.4
Aug 2013,Alberta,Average weekly earnings including overtime for all employees,"Arts, entertainment and recreation",$  560.67, -7.5%, -2.5%,107.6
Sep 2013,Alberta,Average weekly earnings including overtime for all employees,"Arts, entertainment and recreation",$  577.70,  3.0%,  4.0%,110.9
Oct 2013,Alberta,Average weekly earnings including overtime for all employees,"Arts, entertainment and recreation",$  569.41, -1.4%,  2.2%,109.3
Nov 2013,Alberta,Average weekly earnings including overtime for all employees,"Arts, entertainment and recreation",$  570.78,  0.2%,  5.9%,109.6
Dec 2013,Alberta,Average weekly earnings including overtime for all employees,"Arts, entertainment and recreation",$  616.79,  8.1%, 16.0%,118.4
Jan 2014,Alberta,Average weekly earnings including overtime for all employees,"Arts, entertainment and recreation",$  576.51, -6.5%,  5.3%,110.7
Feb 2014,Alberta,Average weekly earnings including overtime for all employees,"Arts, entertainment and recreation",$  633.27,  9.8%, 12.9%,121.6
Mar 2014,Alberta,Average weekly earnings including overtime for all employees,"Arts, entertainment and recreation",$  639.34,  1.0%, 13.6%,122.7
Apr 2014,Alberta,Average weekly earnings including overtime for all employees,"Arts, entertainment and recreation",$  607.57, -5.0%,  6.4%,116.6
May 2014,Alberta,Average weekly earnings including overtime for all employees,"Arts, entertainment and recreation",$  577.24, -5.0%, -3.4%,110.8
Jun 2014,Alberta,Average weekly earnings including overtime for all employees,"Arts, entertainment and recreation",$  583.01,  1.0%,  0.4%,111.9
Jul 2014,Alberta,Average weekly earnings including overtime for all employees,"Arts, entertainment and recreation",$  566.76, -2.8%, -6.5%,108.8
Aug 2014,Alberta,Average weekly earnings including overtime for all employees,"Arts, entertainment and recreation",$  592.36,  4.5%,  5.7%,113.7
Sep 2014,Alberta,Average weekly earnings including overtime for all employees,"Arts, entertainment and recreation",$  572.21, -3.4%, -1.0%,109.9
Oct 2014,Alberta,Average weekly earnings including overtime for all employees,"Arts, entertainment and recreation",$  574.66,  0.4%,  0.9%,110.3
Nov 2014,Alberta,Average weekly earnings including overtime for all employees,"Arts, entertainment and recreation",$  555.56, -3.3%, -2.7%,106.7
Dec 2014,Alberta,Average weekly earnings including overtime for all employees,"Arts, entertainment and recreation",$  550.75, -0.9%,-10.7%,105.7
Jan 2015,Alberta,Average weekly earnings including overtime for all employees,"Arts, entertainment and recreation",$  586.09,  6.4%,  1.7%,112.5
Feb 2015,Alberta,Average weekly earnings including overtime for all employees,"Arts, entertainment and recreation",$  531.35, -9.3%,-16.1%,102.0
Mar 2015,Alberta,Average weekly earnings including overtime for all employees,"Arts, entertainment and recreation",$  523.74, -1.4%,-18.1%,100.5
Apr 2015,Alberta,Average weekly earnings including overtime for all employees,"Arts, entertainment and recreation",$  561.15,  7.1%, -7.6%,107.7
May 2015,Alberta,Average weekly earnings including overtime for all employees,"Arts, entertainment and recreation",$  583.63,  4.0%,  1.1%,112.0
Jun 2015,Alberta,Average weekly earnings including overtime for all employees,"Arts, entertainment and recreation",$  610.18,  4.5%,  4.7%,117.1
Jul 2015,Alberta,Average weekly earnings including overtime for all employees,"Arts, entertainment and recreation",$  561.26, -8.0%, -1.0%,107.8
Aug 2015,Alberta,Average weekly earnings including overtime for all employees,"Arts, entertainment and recreation",$  593.67,  5.8%,  0.2%,114.0
Sep 2015,Alberta,Average weekly earnings including overtime for all employees,"Arts, entertainment and recreation",$  594.30,  0.1%,  3.9%,114.1
Oct 2015,Alberta,Average weekly earnings including overtime for all employees,"Arts, entertainment and recreation",$  577.76, -2.8%,  0.5%,110.9
Nov 2015,Alberta,Average weekly earnings including overtime for all employees,"Arts, entertainment and recreation",$  564.07, -2.4%,  1.5%,108.3
Dec 2015,Alberta,Average weekly earnings including overtime for all employees,"Arts, entertainment and recreation",$  563.26, -0.1%,  2.3%,108.1
Jan 2016,Alberta,Average weekly earnings including overtime for all employees,"Arts, entertainment and recreation",$  590.98,  4.9%,  0.8%,113.5
Feb 2016,Alberta,Average weekly earnings including overtime for all employees,"Arts, entertainment and recreation",$  548.54, -7.2%,  3.2%,105.3
Mar 2016,Alberta,Average weekly earnings including overtime for all employees,"Arts, entertainment and recreation",$  580.14,  5.8%, 10.8%,111.4
Apr 2016,Alberta,Average weekly earnings including overtime for all employees,"Arts, entertainment and recreation",$  586.54,  1.1%,  4.5%,112.6
May 2016,Alberta,Average weekly earnings including overtime for all employees,"Arts, entertainment and recreation",$  548.38, -6.5%, -6.0%,105.3
Jun 2016,Alberta,Average weekly earnings including overtime for all employees,"Arts, entertainment and recreation",$  555.93,  1.4%, -8.9%,106.7
Jul 2016,Alberta,Average weekly earnings including overtime for all employees,"Arts, entertainment and recreation",$  563.44,  1.4%,  0.4%,108.2
Aug 2016,Alberta,Average weekly earnings including overtime for all employees,"Arts, entertainment and recreation",$  577.01,  2.4%, -2.8%,110.8
Sep 2016,Alberta,Average weekly earnings including overtime for all employees,"Arts, entertainment and recreation",$  581.57,  0.8%, -2.1%,111.6
Oct 2016,Alberta,Average weekly earnings including overtime for all employees,"Arts, entertainment and recreation",$  614.45,  5.7%,  6.4%,118.0
Nov 2016,Alberta,Average weekly earnings including overtime for all employees,"Arts, entertainment and recreation",$  630.88,  2.7%, 11.8%,121.1
Dec 2016,Alberta,Average weekly earnings including overtime for all employees,"Arts, entertainment and recreation",$  646.18,  2.4%, 14.7%,124.1
Jan 2017,Alberta,Average weekly earnings including overtime for all employees,"Arts, entertainment and recreation",$  623.97, -3.4%,  5.6%,119.8
Feb 2017,Alberta,Average weekly earnings including overtime for all employees,"Arts, entertainment and recreation",$  602.71, -3.4%,  9.9%,115.7
Mar 2017,Alberta,Average weekly earnings including overtime for all employees,"Arts, entertainment and recreation",$  624.18,  3.6%,  7.6%,119.8
Apr 2017,Alberta,Average weekly earnings including overtime for all employees,"Arts, entertainment and recreation",$  589.22, -5.6%,  0.5%,113.1
May 2017,Alberta,Average weekly earnings including overtime for all employees,"Arts, entertainment and recreation",$  603.27,  2.4%, 10.0%,115.8
Jun 2017,Alberta,Average weekly earnings including overtime for all employees,"Arts, entertainment and recreation",$  587.99, -2.5%,  5.8%,112.9
Jul 2017,Alberta,Average weekly earnings including overtime for all employees,"Arts, entertainment and recreation",$  574.44, -2.3%,  2.0%,110.3
Aug 2017,Alberta,Average weekly earnings including overtime for all employees,"Arts, entertainment and recreation",$  602.62,  4.9%,  4.4%,115.7
Sep 2017,Alberta,Average weekly earnings including overtime for all employees,"Arts, entertainment and recreation",$  632.62,  5.0%,  8.8%,121.4
Oct 2017,Alberta,Average weekly earnings including overtime for all employees,"Arts, entertainment and recreation",$  635.73,  0.5%,  3.5%,122.0
Nov 2017,Alberta,Average weekly earnings including overtime for all employees,"Arts, entertainment and recreation",$  646.49,  1.7%,  2.5%,124.1
Dec 2017,Alberta,Average weekly earnings including overtime for all employees,"Arts, entertainment and recreation",$  640.76, -0.9%, -0.8%,123.0
Jan 2018,Alberta,Average weekly earnings including overtime for all employees,"Arts, entertainment and recreation",$  563.51,-12.1%, -9.7%,108.2
Feb 2018,Alberta,Average weekly earnings including overtime for all employees,"Arts, entertainment and recreation",$  606.03,  7.5%,  0.6%,116.3
Mar 2018,Alberta,Average weekly earnings including overtime for all employees,"Arts, entertainment and recreation",$  554.06, -8.6%,-11.2%,106.4
Apr 2018,Alberta,Average weekly earnings including overtime for all employees,"Arts, entertainment and recreation",$  598.22,  8.0%,  1.5%,114.8
May 2018,Alberta,Average weekly earnings including overtime for all employees,"Arts, entertainment and recreation",$  601.29,  0.5%, -0.3%,115.4
Jun 2018,Alberta,Average weekly earnings including overtime for all employees,"Arts, entertainment and recreation",$  608.98,  1.3%,  3.6%,116.9
Jul 2018,Alberta,Average weekly earnings including overtime for all employees,"Arts, entertainment and recreation",$  632.14,  3.8%, 10.0%,121.4
Aug 2018,Alberta,Average weekly earnings including overtime for all employees,"Arts, entertainment and recreation",$  583.73, -7.7%, -3.1%,112.1
Sep 2018,Alberta,Average weekly earnings including overtime for all employees,"Arts, entertainment and recreation",$  565.28, -3.2%,-10.6%,108.5
Oct 2018,Alberta,Average weekly earnings including overtime for all employees,"Arts, entertainment and recreation",$  579.79,  2.6%, -8.8%,111.3
Nov 2018,Alberta,Average weekly earnings including overtime for all employees,"Arts, entertainment and recreation",$  633.83,  9.3%, -2.0%,121.7
Dec 2018,Alberta,Average weekly earnings including overtime for all employees,"Arts, entertainment and recreation",$  604.78, -4.6%, -5.6%,116.1
Jan 2019,Alberta,Average weekly earnings including overtime for all employees,"Arts, entertainment and recreation",$  645.07,  6.7%, 14.5%,123.8
Feb 2019,Alberta,Average weekly earnings including overtime for all employees,"Arts, entertainment and recreation",$  680.36,  5.5%, 12.3%,130.6
Mar 2019,Alberta,Average weekly earnings including overtime for all employees,"Arts, entertainment and recreation",$  677.03, -0.5%, 22.2%,130.0
Apr 2019,Alberta,Average weekly earnings including overtime for all employees,"Arts, entertainment and recreation",$  621.93, -8.1%,  4.0%,119.4
May 2019,Alberta,Average weekly earnings including overtime for all employees,"Arts, entertainment and recreation",$  628.91,  1.1%,  4.6%,120.7
Jun 2019,Alberta,Average weekly earnings including overtime for all employees,"Arts, entertainment and recreation",$  624.47, -0.7%,  2.5%,119.9
Jul 2019,Alberta,Average weekly earnings including overtime for all employees,"Arts, entertainment and recreation",$  657.99,  5.4%,  4.1%,126.3
Aug 2019,Alberta,Average weekly earnings including overtime for all employees,"Arts, entertainment and recreation",$  634.60, -3.6%,  8.7%,121.8
Sep 2019,Alberta,Average weekly earnings including overtime for all employees,"Arts, entertainment and recreation",$  625.74, -1.4%, 10.7%,120.1
Oct 2019,Alberta,Average weekly earnings including overtime for all employees,"Arts, entertainment and recreation",$  617.82, -1.3%,  6.6%,118.6
Nov 2019,Alberta,Average weekly earnings including overtime for all employees,"Arts, entertainment and recreation",$  591.10, -4.3%, -6.7%,113.5
Dec 2019,Alberta,Average weekly earnings including overtime for all employees,"Arts, entertainment and recreation",$  580.78, -1.7%, -4.0%,111.5
Jan 2020,Alberta,Average weekly earnings including overtime for all employees,"Arts, entertainment and recreation",$  594.28,  2.3%, -7.9%,114.1
Feb 2020,Alberta,Average weekly earnings including overtime for all employees,"Arts, entertainment and recreation",$  606.29,  2.0%,-10.9%,116.4
Mar 2020,Alberta,Average weekly earnings including overtime for all employees,"Arts, entertainment and recreation",$  701.09, 15.6%,  3.6%,134.6
Apr 2020,Alberta,Average weekly earnings including overtime for all employees,"Arts, entertainment and recreation",$  867.05, 23.7%, 39.4%,166.5
May 2020,Alberta,Average weekly earnings including overtime for all employees,"Arts, entertainment and recreation",$  873.94,  0.8%, 39.0%,167.8
Jun 2020,Alberta,Average weekly earnings including overtime for all employees,"Arts, entertainment and recreation",$  722.67,-17.3%, 15.7%,138.7
Jul 2020,Alberta,Average weekly earnings including overtime for all employees,"Arts, entertainment and recreation",$  705.80, -2.3%,  7.3%,135.5
Aug 2020,Alberta,Average weekly earnings including overtime for all employees,"Arts, entertainment and recreation",$  722.90,  2.4%, 13.9%,138.8
Sep 2020,Alberta,Average weekly earnings including overtime for all employees,"Arts, entertainment and recreation",$  698.15, -3.4%, 11.6%,134.0
Oct 2020,Alberta,Average weekly earnings including overtime for all employees,"Arts, entertainment and recreation",$  696.48, -0.2%, 12.7%,133.7
Nov 2020,Alberta,Average weekly earnings including overtime for all employees,"Arts, entertainment and recreation",$  685.04, -1.6%, 15.9%,131.5
Dec 2020,Alberta,Average weekly earnings including overtime for all employees,"Arts, entertainment and recreation",$  653.21, -4.6%, 12.5%,125.4
Jan 2021,Alberta,Average weekly earnings including overtime for all employees,"Arts, entertainment and recreation",$  754.71, 15.5%, 27.0%,144.9
Feb 2021,Alberta,Average weekly earnings including overtime for all employees,"Arts, entertainment and recreation",$  759.92,  0.7%, 25.3%,145.9
Mar 2021,Alberta,Average weekly earnings including overtime for all employees,"Arts, entertainment and recreation",$  745.52, -1.9%,  6.3%,143.1
Apr 2021,Alberta,Average weekly earnings including overtime for all employees,"Arts, entertainment and recreation",$  741.53, -0.5%,-14.5%,142.4
May 2021,Alberta,Average weekly earnings including overtime for all employees,"Arts, entertainment and recreation",$  781.46,  5.4%,-10.6%,150.0
Jun 2021,Alberta,Average weekly earnings including overtime for all employees,"Arts, entertainment and recreation",$  681.37,-12.8%, -5.7%,130.8
Jul 2021,Alberta,Average weekly earnings including overtime for all employees,"Arts, entertainment and recreation",$  700.84,  2.9%, -0.7%,134.5
Aug 2021,Alberta,Average weekly earnings including overtime for all employees,"Arts, entertainment and recreation",$  666.15, -4.9%, -7.9%,127.9
Sep 2021,Alberta,Average weekly earnings including overtime for all employees,"Arts, entertainment and recreation",$  708.49,  6.4%,  1.5%,136.0
Oct 2021,Alberta,Average weekly earnings including overtime for all employees,"Arts, entertainment and recreation",$  699.43, -1.3%,  0.4%,134.3
Nov 2021,Alberta,Average weekly earnings including overtime for all employees,"Arts, entertainment and recreation",$  706.71,  1.0%,  3.2%,135.7
Dec 2021,Alberta,Average weekly earnings including overtime for all employees,"Arts, entertainment and recreation",$  715.84,  1.3%,  9.6%,137.4
Jan 2022,Alberta,Average weekly earnings including overtime for all employees,"Arts, entertainment and recreation",$  680.89, -4.9%, -9.8%,130.7
Feb 2022,Alberta,Average weekly earnings including overtime for all employees,"Arts, entertainment and recreation",$  678.50, -0.4%,-10.7%,130.3
Mar 2022,Alberta,Average weekly earnings including overtime for all employees,"Arts, entertainment and recreation",$  678.21,  0.0%, -9.0%,130.2
Apr 2022,Alberta,Average weekly earnings including overtime for all employees,"Arts, entertainment and recreation",$  684.06,  0.9%, -7.8%,131.3
May 2022,Alberta,Average weekly earnings including overtime for all employees,"Arts, entertainment and recreation",$  676.30, -1.1%,-13.5%,129.8
Jun 2022,Alberta,Average weekly earnings including overtime for all employees,"Arts, entertainment and recreation",$  659.41, -2.5%, -3.2%,126.6
Jul 2022,Alberta,Average weekly earnings including overtime for all employees,"Arts, entertainment and recreation",$  612.88, -7.1%,-12.6%,117.7
Aug 2022,Alberta,Average weekly earnings including overtime for all employees,"Arts, entertainment and recreation",$  652.79,  6.5%, -2.0%,125.3
Sep 2022,Alberta,Average weekly earnings including overtime for all employees,"Arts, entertainment and recreation",$  695.57,  6.6%, -1.8%,133.5
Oct 2022,Alberta,Average weekly earnings including overtime for all employees,"Arts, entertainment and recreation",$  650.91, -6.4%, -6.9%,125.0
Nov 2022,Alberta,Average weekly earnings including overtime for all employees,"Arts, entertainment and recreation",$  649.59, -0.2%, -8.1%,124.7
Dec 2022,Alberta,Average weekly earnings including overtime for all employees,"Arts, entertainment and recreation",$  639.60, -1.5%,-10.7%,122.8
Jan 2023,Alberta,Average weekly earnings including overtime for all employees,"Arts, entertainment and recreation",$  645.83,  1.0%, -5.1%,124.0
Feb 2023,Alberta,Average weekly earnings including overtime for all employees,"Arts, entertainment and recreation",$  606.15, -6.1%,-10.7%,116.4
Mar 2023,Alberta,Average weekly earnings including overtime for all employees,"Arts, entertainment and recreation",$  626.54,  3.4%, -7.6%,120.3
Apr 2023,Alberta,Average weekly earnings including overtime for all employees,"Arts, entertainment and recreation",$  637.21,  1.7%, -6.8%,122.3
May 2023,Alberta,Average weekly earnings including overtime for all employees,"Arts, entertainment and recreation",$  665.76,  4.5%, -1.6%,127.8
Jun 2023,Alberta,Average weekly earnings including overtime for all employees,"Arts, entertainment and recreation",$  706.02,  6.0%,  7.1%,135.5
Jul 2023,Alberta,Average weekly earnings including overtime for all employees,"Arts, entertainment and recreation",$  699.41, -0.9%, 14.1%,134.3
Aug 2023,Alberta,Average weekly earnings including overtime for all employees,"Arts, entertainment and recreation",$  718.17,  2.7%, 10.0%,137.9
Sep 2023,Alberta,Average weekly earnings including overtime for all employees,"Arts, entertainment and recreation",$  666.57, -7.2%, -4.2%,128.0
Oct 2023,Alberta,Average weekly earnings including overtime for all employees,"Arts, entertainment and recreation",$  682.20,  2.3%,  4.8%,131.0
Nov 2023,Alberta,Average weekly earnings including overtime for all employees,"Arts, entertainment and recreation",$  668.39, -2.0%,  2.9%,128.3
Dec 2023,Alberta,Average weekly earnings including overtime for all employees,"Arts, entertainment and recreation",$  648.06, -3.0%,  1.3%,124.4
Jan 2024,Alberta,Average weekly earnings including overtime for all employees,"Arts, entertainment and recreation",$  663.02,  2.3%,  2.7%,127.3
Feb 2024,Alberta,Average weekly earnings including overtime for all employees,"Arts, entertainment and recreation",$  643.89, -2.9%,  6.2%,123.6
Mar 2024,Alberta,Average weekly earnings including overtime for all employees,"Arts, entertainment and recreation",$  699.04,  8.6%, 11.6%,134.2
Apr 2024,Alberta,Average weekly earnings including overtime for all employees,"Arts, entertainment and recreation",$  694.89, -0.6%,  9.1%,133.4
May 2024,Alberta,Average weekly earnings including overtime for all employees,"Arts, entertainment and recreation",$  748.48,  7.7%, 12.4%,143.7
Jun 2024,Alberta,Average weekly earnings including overtime for all employees,"Arts, entertainment and recreation",$  726.55, -2.9%,  2.9%,139.5
Jul 2024,Alberta,Average weekly earnings including overtime for all employees,"Arts, entertainment and recreation",$  739.13,  1.7%,  5.7%,141.9
Aug 2024,Alberta,Average weekly earnings including overtime for all employees,"Arts, entertainment and recreation",$  771.54,  4.4%,  7.4%,148.1
Sep 2024,Alberta,Average weekly earnings including overtime for all employees,"Arts, entertainment and recreation",$  772.08,  0.1%, 15.8%,148.2
Oct 2024,Alberta,Average weekly earnings including overtime for all employees,"Arts, entertainment and recreation",$  764.14, -1.0%, 12.0%,146.7
Jan 2010,Alberta,Average weekly earnings including overtime for all employees,Accommodation and food services,$  406.64,  1.7%,  4.2%,100.0
Feb 2010,Alberta,Average weekly earnings including overtime for all employees,Accommodation and food services,$  393.81, -3.2%,  3.7%, 96.8
Mar 2010,Alberta,Average weekly earnings including overtime for all employees,Accommodation and food services,$  407.63,  3.5%,  5.7%,100.2
Apr 2010,Alberta,Average weekly earnings including overtime for all employees,Accommodation and food services,$  396.91, -2.6%,  2.4%, 97.6
May 2010,Alberta,Average weekly earnings including overtime for all employees,Accommodation and food services,$  407.25,  2.6%,  7.3%,100.2
Jun 2010,Alberta,Average weekly earnings including overtime for all employees,Accommodation and food services,$  426.85,  4.8%, 15.3%,105.0
Jul 2010,Alberta,Average weekly earnings including overtime for all employees,Accommodation and food services,$  412.25, -3.4%,  6.3%,101.4
Aug 2010,Alberta,Average weekly earnings including overtime for all employees,Accommodation and food services,$  424.47,  3.0%,  9.1%,104.4
Sep 2010,Alberta,Average weekly earnings including overtime for all employees,Accommodation and food services,$  420.73, -0.9%,  6.6%,103.5
Oct 2010,Alberta,Average weekly earnings including overtime for all employees,Accommodation and food services,$  404.98, -3.7%,  3.0%, 99.6
Nov 2010,Alberta,Average weekly earnings including overtime for all employees,Accommodation and food services,$  410.38,  1.3%,  2.1%,100.9
Dec 2010,Alberta,Average weekly earnings including overtime for all employees,Accommodation and food services,$  402.34, -2.0%,  0.6%, 98.9
Jan 2011,Alberta,Average weekly earnings including overtime for all employees,Accommodation and food services,$  403.40,  0.3%, -0.8%, 99.2
Feb 2011,Alberta,Average weekly earnings including overtime for all employees,Accommodation and food services,$  417.38,  3.5%,  6.0%,102.6
Mar 2011,Alberta,Average weekly earnings including overtime for all employees,Accommodation and food services,$  404.72, -3.0%, -0.7%, 99.5
Apr 2011,Alberta,Average weekly earnings including overtime for all employees,Accommodation and food services,$  402.42, -0.6%,  1.4%, 99.0
May 2011,Alberta,Average weekly earnings including overtime for all employees,Accommodation and food services,$  419.42,  4.2%,  3.0%,103.1
Jun 2011,Alberta,Average weekly earnings including overtime for all employees,Accommodation and food services,$  410.06, -2.2%, -3.9%,100.8
Jul 2011,Alberta,Average weekly earnings including overtime for all employees,Accommodation and food services,$  409.21, -0.2%, -0.7%,100.6
Aug 2011,Alberta,Average weekly earnings including overtime for all employees,Accommodation and food services,$  411.45,  0.5%, -3.1%,101.2
Sep 2011,Alberta,Average weekly earnings including overtime for all employees,Accommodation and food services,$  402.07, -2.3%, -4.4%, 98.9
Oct 2011,Alberta,Average weekly earnings including overtime for all employees,Accommodation and food services,$  403.10,  0.3%, -0.5%, 99.1
Nov 2011,Alberta,Average weekly earnings including overtime for all employees,Accommodation and food services,$  403.87,  0.2%, -1.6%, 99.3
Dec 2011,Alberta,Average weekly earnings including overtime for all employees,Accommodation and food services,$  417.80,  3.4%,  3.8%,102.7
Jan 2012,Alberta,Average weekly earnings including overtime for all employees,Accommodation and food services,$  426.26,  2.0%,  5.7%,104.8
Feb 2012,Alberta,Average weekly earnings including overtime for all employees,Accommodation and food services,$  427.13,  0.2%,  2.3%,105.0
Mar 2012,Alberta,Average weekly earnings including overtime for all employees,Accommodation and food services,$  418.23, -2.1%,  3.3%,102.9
Apr 2012,Alberta,Average weekly earnings including overtime for all employees,Accommodation and food services,$  427.76,  2.3%,  6.3%,105.2
May 2012,Alberta,Average weekly earnings including overtime for all employees,Accommodation and food services,$  419.70, -1.9%,  0.1%,103.2
Jun 2012,Alberta,Average weekly earnings including overtime for all employees,Accommodation and food services,$  419.99,  0.1%,  2.4%,103.3
Jul 2012,Alberta,Average weekly earnings including overtime for all employees,Accommodation and food services,$  424.89,  1.2%,  3.8%,104.5
Aug 2012,Alberta,Average weekly earnings including overtime for all employees,Accommodation and food services,$  422.06, -0.7%,  2.6%,103.8
Sep 2012,Alberta,Average weekly earnings including overtime for all employees,Accommodation and food services,$  421.93,  0.0%,  4.9%,103.8
Oct 2012,Alberta,Average weekly earnings including overtime for all employees,Accommodation and food services,$  427.99,  1.4%,  6.2%,105.3
Nov 2012,Alberta,Average weekly earnings including overtime for all employees,Accommodation and food services,$  410.33, -4.1%,  1.6%,100.9
Dec 2012,Alberta,Average weekly earnings including overtime for all employees,Accommodation and food services,$  413.75,  0.8%, -1.0%,101.7
Jan 2013,Alberta,Average weekly earnings including overtime for all employees,Accommodation and food services,$  404.25, -2.3%, -5.2%, 99.4
Feb 2013,Alberta,Average weekly earnings including overtime for all employees,Accommodation and food services,$  415.02,  2.7%, -2.8%,102.1
Mar 2013,Alberta,Average weekly earnings including overtime for all employees,Accommodation and food services,$  424.01,  2.2%,  1.4%,104.3
Apr 2013,Alberta,Average weekly earnings including overtime for all employees,Accommodation and food services,$  421.00, -0.7%, -1.6%,103.5
May 2013,Alberta,Average weekly earnings including overtime for all employees,Accommodation and food services,$  413.41, -1.8%, -1.5%,101.7
Jun 2013,Alberta,Average weekly earnings including overtime for all employees,Accommodation and food services,$  418.13,  1.1%, -0.4%,102.8
Jul 2013,Alberta,Average weekly earnings including overtime for all employees,Accommodation and food services,$  420.29,  0.5%, -1.1%,103.4
Aug 2013,Alberta,Average weekly earnings including overtime for all employees,Accommodation and food services,$  406.02, -3.4%, -3.8%, 99.8
Sep 2013,Alberta,Average weekly earnings including overtime for all employees,Accommodation and food services,$  412.38,  1.6%, -2.3%,101.4
Oct 2013,Alberta,Average weekly earnings including overtime for all employees,Accommodation and food services,$  411.80, -0.1%, -3.8%,101.3
Nov 2013,Alberta,Average weekly earnings including overtime for all employees,Accommodation and food services,$  424.38,  3.1%,  3.4%,104.4
Dec 2013,Alberta,Average weekly earnings including overtime for all employees,Accommodation and food services,$  414.75, -2.3%,  0.2%,102.0
Jan 2014,Alberta,Average weekly earnings including overtime for all employees,Accommodation and food services,$  409.86, -1.2%,  1.4%,100.8
Feb 2014,Alberta,Average weekly earnings including overtime for all employees,Accommodation and food services,$  415.64,  1.4%,  0.1%,102.2
Mar 2014,Alberta,Average weekly earnings including overtime for all employees,Accommodation and food services,$  431.92,  3.9%,  1.9%,106.2
Apr 2014,Alberta,Average weekly earnings including overtime for all employees,Accommodation and food services,$  430.35, -0.4%,  2.2%,105.8
May 2014,Alberta,Average weekly earnings including overtime for all employees,Accommodation and food services,$  424.66, -1.3%,  2.7%,104.4
Jun 2014,Alberta,Average weekly earnings including overtime for all employees,Accommodation and food services,$  430.95,  1.5%,  3.1%,106.0
Jul 2014,Alberta,Average weekly earnings including overtime for all employees,Accommodation and food services,$  432.39,  0.3%,  2.9%,106.3
Aug 2014,Alberta,Average weekly earnings including overtime for all employees,Accommodation and food services,$  434.36,  0.5%,  7.0%,106.8
Sep 2014,Alberta,Average weekly earnings including overtime for all employees,Accommodation and food services,$  424.20, -2.3%,  2.9%,104.3
Oct 2014,Alberta,Average weekly earnings including overtime for all employees,Accommodation and food services,$  429.97,  1.4%,  4.4%,105.7
Nov 2014,Alberta,Average weekly earnings including overtime for all employees,Accommodation and food services,$  429.65, -0.1%,  1.2%,105.7
Dec 2014,Alberta,Average weekly earnings including overtime for all employees,Accommodation and food services,$  431.54,  0.4%,  4.0%,106.1
Jan 2015,Alberta,Average weekly earnings including overtime for all employees,Accommodation and food services,$  431.88,  0.1%,  5.4%,106.2
Feb 2015,Alberta,Average weekly earnings including overtime for all employees,Accommodation and food services,$  415.05, -3.9%, -0.1%,102.1
Mar 2015,Alberta,Average weekly earnings including overtime for all employees,Accommodation and food services,$  407.91, -1.7%, -5.6%,100.3
Apr 2015,Alberta,Average weekly earnings including overtime for all employees,Accommodation and food services,$  384.21, -5.8%,-10.7%, 94.5
May 2015,Alberta,Average weekly earnings including overtime for all employees,Accommodation and food services,$  411.49,  7.1%, -3.1%,101.2
Jun 2015,Alberta,Average weekly earnings including overtime for all employees,Accommodation and food services,$  400.15, -2.8%, -7.1%, 98.4
Jul 2015,Alberta,Average weekly earnings including overtime for all employees,Accommodation and food services,$  415.42,  3.8%, -3.9%,102.2
Aug 2015,Alberta,Average weekly earnings including overtime for all employees,Accommodation and food services,$  403.61, -2.8%, -7.1%, 99.3
Sep 2015,Alberta,Average weekly earnings including overtime for all employees,Accommodation and food services,$  411.01,  1.8%, -3.1%,101.1
Oct 2015,Alberta,Average weekly earnings including overtime for all employees,Accommodation and food services,$  409.57, -0.4%, -4.7%,100.7
Nov 2015,Alberta,Average weekly earnings including overtime for all employees,Accommodation and food services,$  412.61,  0.7%, -4.0%,101.5
Dec 2015,Alberta,Average weekly earnings including overtime for all employees,Accommodation and food services,$  411.88, -0.2%, -4.6%,101.3
Jan 2016,Alberta,Average weekly earnings including overtime for all employees,Accommodation and food services,$  414.46,  0.6%, -4.0%,101.9
Feb 2016,Alberta,Average weekly earnings including overtime for all employees,Accommodation and food services,$  414.29,  0.0%, -0.2%,101.9
Mar 2016,Alberta,Average weekly earnings including overtime for all employees,Accommodation and food services,$  398.73, -3.8%, -2.3%, 98.1
Apr 2016,Alberta,Average weekly earnings including overtime for all employees,Accommodation and food services,$  409.23,  2.6%,  6.5%,100.6
May 2016,Alberta,Average weekly earnings including overtime for all employees,Accommodation and food services,$  404.53, -1.1%, -1.7%, 99.5
Jun 2016,Alberta,Average weekly earnings including overtime for all employees,Accommodation and food services,$  397.35, -1.8%, -0.7%, 97.7
Jul 2016,Alberta,Average weekly earnings including overtime for all employees,Accommodation and food services,$  388.20, -2.3%, -6.6%, 95.5
Aug 2016,Alberta,Average weekly earnings including overtime for all employees,Accommodation and food services,$  415.16,  6.9%,  2.9%,102.1
Sep 2016,Alberta,Average weekly earnings including overtime for all employees,Accommodation and food services,$  405.27, -2.4%, -1.4%, 99.7
Oct 2016,Alberta,Average weekly earnings including overtime for all employees,Accommodation and food services,$  406.74,  0.4%, -0.7%,100.0
Nov 2016,Alberta,Average weekly earnings including overtime for all employees,Accommodation and food services,$  407.94,  0.3%, -1.1%,100.3
Dec 2016,Alberta,Average weekly earnings including overtime for all employees,Accommodation and food services,$  417.80,  2.4%,  1.4%,102.7
Jan 2017,Alberta,Average weekly earnings including overtime for all employees,Accommodation and food services,$  416.40, -0.3%,  0.5%,102.4
Feb 2017,Alberta,Average weekly earnings including overtime for all employees,Accommodation and food services,$  413.27, -0.8%, -0.2%,101.6
Mar 2017,Alberta,Average weekly earnings including overtime for all employees,Accommodation and food services,$  419.73,  1.6%,  5.3%,103.2
Apr 2017,Alberta,Average weekly earnings including overtime for all employees,Accommodation and food services,$  425.25,  1.3%,  3.9%,104.6
May 2017,Alberta,Average weekly earnings including overtime for all employees,Accommodation and food services,$  432.09,  1.6%,  6.8%,106.3
Jun 2017,Alberta,Average weekly earnings including overtime for all employees,Accommodation and food services,$  435.28,  0.7%,  9.5%,107.0
Jul 2017,Alberta,Average weekly earnings including overtime for all employees,Accommodation and food services,$  424.88, -2.4%,  9.4%,104.5
Aug 2017,Alberta,Average weekly earnings including overtime for all employees,Accommodation and food services,$  415.19, -2.3%,  0.0%,102.1
Sep 2017,Alberta,Average weekly earnings including overtime for all employees,Accommodation and food services,$  435.94,  5.0%,  7.6%,107.2
Oct 2017,Alberta,Average weekly earnings including overtime for all employees,Accommodation and food services,$  431.65, -1.0%,  6.1%,106.2
Nov 2017,Alberta,Average weekly earnings including overtime for all employees,Accommodation and food services,$  432.26,  0.1%,  6.0%,106.3
Dec 2017,Alberta,Average weekly earnings including overtime for all employees,Accommodation and food services,$  443.15,  2.5%,  6.1%,109.0
Jan 2018,Alberta,Average weekly earnings including overtime for all employees,Accommodation and food services,$  434.39, -2.0%,  4.3%,106.8
Feb 2018,Alberta,Average weekly earnings including overtime for all employees,Accommodation and food services,$  437.04,  0.6%,  5.8%,107.5
Mar 2018,Alberta,Average weekly earnings including overtime for all employees,Accommodation and food services,$  439.49,  0.6%,  4.7%,108.1
Apr 2018,Alberta,Average weekly earnings including overtime for all employees,Accommodation and food services,$  450.95,  2.6%,  6.0%,110.9
May 2018,Alberta,Average weekly earnings including overtime for all employees,Accommodation and food services,$  441.97, -2.0%,  2.3%,108.7
Jun 2018,Alberta,Average weekly earnings including overtime for all employees,Accommodation and food services,$  456.03,  3.2%,  4.8%,112.1
Jul 2018,Alberta,Average weekly earnings including overtime for all employees,Accommodation and food services,$  457.21,  0.3%,  7.6%,112.4
Aug 2018,Alberta,Average weekly earnings including overtime for all employees,Accommodation and food services,$  453.58, -0.8%,  9.2%,111.5
Sep 2018,Alberta,Average weekly earnings including overtime for all employees,Accommodation and food services,$  441.98, -2.6%,  1.4%,108.7
Oct 2018,Alberta,Average weekly earnings including overtime for all employees,Accommodation and food services,$  458.49,  3.7%,  6.2%,112.8
Nov 2018,Alberta,Average weekly earnings including overtime for all employees,Accommodation and food services,$  458.84,  0.1%,  6.1%,112.8
Dec 2018,Alberta,Average weekly earnings including overtime for all employees,Accommodation and food services,$  456.41, -0.5%,  3.0%,112.2
Jan 2019,Alberta,Average weekly earnings including overtime for all employees,Accommodation and food services,$  461.87,  1.2%,  6.3%,113.6
Feb 2019,Alberta,Average weekly earnings including overtime for all employees,Accommodation and food services,$  475.04,  2.9%,  8.7%,116.8
Mar 2019,Alberta,Average weekly earnings including overtime for all employees,Accommodation and food services,$  479.25,  0.9%,  9.0%,117.9
Apr 2019,Alberta,Average weekly earnings including overtime for all employees,Accommodation and food services,$  464.59, -3.1%,  3.0%,114.3
May 2019,Alberta,Average weekly earnings including overtime for all employees,Accommodation and food services,$  468.05,  0.7%,  5.9%,115.1
Jun 2019,Alberta,Average weekly earnings including overtime for all employees,Accommodation and food services,$  476.90,  1.9%,  4.6%,117.3
Jul 2019,Alberta,Average weekly earnings including overtime for all employees,Accommodation and food services,$  473.70, -0.7%,  3.6%,116.5
Aug 2019,Alberta,Average weekly earnings including overtime for all employees,Accommodation and food services,$  484.15,  2.2%,  6.7%,119.1
Sep 2019,Alberta,Average weekly earnings including overtime for all employees,Accommodation and food services,$  490.88,  1.4%, 11.1%,120.7
Oct 2019,Alberta,Average weekly earnings including overtime for all employees,Accommodation and food services,$  498.61,  1.6%,  8.8%,122.6
Nov 2019,Alberta,Average weekly earnings including overtime for all employees,Accommodation and food services,$  495.25, -0.7%,  7.9%,121.8
Dec 2019,Alberta,Average weekly earnings including overtime for all employees,Accommodation and food services,$  481.81, -2.7%,  5.6%,118.5
Jan 2020,Alberta,Average weekly earnings including overtime for all employees,Accommodation and food services,$  487.04,  1.1%,  5.4%,119.8
Feb 2020,Alberta,Average weekly earnings including overtime for all employees,Accommodation and food services,$  487.77,  0.1%,  2.7%,120.0
Mar 2020,Alberta,Average weekly earnings including overtime for all employees,Accommodation and food services,$  464.36, -4.8%, -3.1%,114.2
Apr 2020,Alberta,Average weekly earnings including overtime for all employees,Accommodation and food services,$  504.03,  8.5%,  8.5%,123.9
May 2020,Alberta,Average weekly earnings including overtime for all employees,Accommodation and food services,$  496.93, -1.4%,  6.2%,122.2
Jun 2020,Alberta,Average weekly earnings including overtime for all employees,Accommodation and food services,$  476.70, -4.1%,  0.0%,117.2
Jul 2020,Alberta,Average weekly earnings including overtime for all employees,Accommodation and food services,$  484.34,  1.6%,  2.2%,119.1
Aug 2020,Alberta,Average weekly earnings including overtime for all employees,Accommodation and food services,$  471.00, -2.8%, -2.7%,115.8
Sep 2020,Alberta,Average weekly earnings including overtime for all employees,Accommodation and food services,$  483.41,  2.6%, -1.5%,118.9
Oct 2020,Alberta,Average weekly earnings including overtime for all employees,Accommodation and food services,$  477.97, -1.1%, -4.1%,117.5
Nov 2020,Alberta,Average weekly earnings including overtime for all employees,Accommodation and food services,$  479.37,  0.3%, -3.2%,117.9
Dec 2020,Alberta,Average weekly earnings including overtime for all employees,Accommodation and food services,$  483.86,  0.9%,  0.4%,119.0
Jan 2021,Alberta,Average weekly earnings including overtime for all employees,Accommodation and food services,$  499.42,  3.2%,  2.5%,122.8
Feb 2021,Alberta,Average weekly earnings including overtime for all employees,Accommodation and food services,$  487.73, -2.3%,  0.0%,119.9
Mar 2021,Alberta,Average weekly earnings including overtime for all employees,Accommodation and food services,$  494.77,  1.4%,  6.5%,121.7
Apr 2021,Alberta,Average weekly earnings including overtime for all employees,Accommodation and food services,$  481.31, -2.7%, -4.5%,118.4
May 2021,Alberta,Average weekly earnings including overtime for all employees,Accommodation and food services,$  499.29,  3.7%,  0.5%,122.8
Jun 2021,Alberta,Average weekly earnings including overtime for all employees,Accommodation and food services,$  495.20, -0.8%,  3.9%,121.8
Jul 2021,Alberta,Average weekly earnings including overtime for all employees,Accommodation and food services,$  500.11,  1.0%,  3.3%,123.0
Aug 2021,Alberta,Average weekly earnings including overtime for all employees,Accommodation and food services,$  509.93,  2.0%,  8.3%,125.4
Sep 2021,Alberta,Average weekly earnings including overtime for all employees,Accommodation and food services,$  492.48, -3.4%,  1.9%,121.1
Oct 2021,Alberta,Average weekly earnings including overtime for all employees,Accommodation and food services,$  492.46,  0.0%,  3.0%,121.1
Nov 2021,Alberta,Average weekly earnings including overtime for all employees,Accommodation and food services,$  492.54,  0.0%,  2.7%,121.1
Dec 2021,Alberta,Average weekly earnings including overtime for all employees,Accommodation and food services,$  494.98,  0.5%,  2.3%,121.7
Jan 2022,Alberta,Average weekly earnings including overtime for all employees,Accommodation and food services,$  474.45, -4.1%, -5.0%,116.7
Feb 2022,Alberta,Average weekly earnings including overtime for all employees,Accommodation and food services,$  480.97,  1.4%, -1.4%,118.3
Mar 2022,Alberta,Average weekly earnings including overtime for all employees,Accommodation and food services,$  486.56,  1.2%, -1.7%,119.7
Apr 2022,Alberta,Average weekly earnings including overtime for all employees,Accommodation and food services,$  497.78,  2.3%,  3.4%,122.4
May 2022,Alberta,Average weekly earnings including overtime for all employees,Accommodation and food services,$  489.13, -1.7%, -2.0%,120.3
Jun 2022,Alberta,Average weekly earnings including overtime for all employees,Accommodation and food services,$  489.87,  0.2%, -1.1%,120.5
Jul 2022,Alberta,Average weekly earnings including overtime for all employees,Accommodation and food services,$  490.58,  0.1%, -1.9%,120.6
Aug 2022,Alberta,Average weekly earnings including overtime for all employees,Accommodation and food services,$  506.86,  3.3%, -0.6%,124.6
Sep 2022,Alberta,Average weekly earnings including overtime for all employees,Accommodation and food services,$  502.85, -0.8%,  2.1%,123.7
Oct 2022,Alberta,Average weekly earnings including overtime for all employees,Accommodation and food services,$  497.27, -1.1%,  1.0%,122.3
Nov 2022,Alberta,Average weekly earnings including overtime for all employees,Accommodation and food services,$  507.59,  2.1%,  3.1%,124.8
Dec 2022,Alberta,Average weekly earnings including overtime for all employees,Accommodation and food services,$  501.22, -1.3%,  1.3%,123.3
Jan 2023,Alberta,Average weekly earnings including overtime for all employees,Accommodation and food services,$  513.14,  2.4%,  8.2%,126.2
Feb 2023,Alberta,Average weekly earnings including overtime for all employees,Accommodation and food services,$  516.00,  0.6%,  7.3%,126.9
Mar 2023,Alberta,Average weekly earnings including overtime for all employees,Accommodation and food services,$  510.98, -1.0%,  5.0%,125.7
Apr 2023,Alberta,Average weekly earnings including overtime for all employees,Accommodation and food services,$  509.39, -0.3%,  2.3%,125.3
May 2023,Alberta,Average weekly earnings including overtime for all employees,Accommodation and food services,$  508.42, -0.2%,  3.9%,125.0
Jun 2023,Alberta,Average weekly earnings including overtime for all employees,Accommodation and food services,$  522.94,  2.9%,  6.8%,128.6
Jul 2023,Alberta,Average weekly earnings including overtime for all employees,Accommodation and food services,$  517.70, -1.0%,  5.5%,127.3
Aug 2023,Alberta,Average weekly earnings including overtime for all employees,Accommodation and food services,$  500.61, -3.3%, -1.2%,123.1
Sep 2023,Alberta,Average weekly earnings including overtime for all employees,Accommodation and food services,$  512.70,  2.4%,  2.0%,126.1
Oct 2023,Alberta,Average weekly earnings including overtime for all employees,Accommodation and food services,$  509.69, -0.6%,  2.5%,125.3
Nov 2023,Alberta,Average weekly earnings including overtime for all employees,Accommodation and food services,$  503.77, -1.2%, -0.8%,123.9
Dec 2023,Alberta,Average weekly earnings including overtime for all employees,Accommodation and food services,$  510.05,  1.2%,  1.8%,125.4
Jan 2024,Alberta,Average weekly earnings including overtime for all employees,Accommodation and food services,$  517.01,  1.4%,  0.8%,127.1
Feb 2024,Alberta,Average weekly earnings including overtime for all employees,Accommodation and food services,$  508.42, -1.7%, -1.5%,125.0
Mar 2024,Alberta,Average weekly earnings including overtime for all employees,Accommodation and food services,$  504.83, -0.7%, -1.2%,124.1
Apr 2024,Alberta,Average weekly earnings including overtime for all employees,Accommodation and food services,$  490.77, -2.8%, -3.7%,120.7
May 2024,Alberta,Average weekly earnings including overtime for all employees,Accommodation and food services,$  493.29,  0.5%, -3.0%,121.3
Jun 2024,Alberta,Average weekly earnings including overtime for all employees,Accommodation and food services,$  494.11,  0.2%, -5.5%,121.5
Jul 2024,Alberta,Average weekly earnings including overtime for all employees,Accommodation and food services,$  509.94,  3.2%, -1.5%,125.4
Aug 2024,Alberta,Average weekly earnings including overtime for all employees,Accommodation and food services,$  517.87,  1.6%,  3.4%,127.4
Sep 2024,Alberta,Average weekly earnings including overtime for all employees,Accommodation and food services,$  514.77, -0.6%,  0.4%,126.6
Oct 2024,Alberta,Average weekly earnings including overtime for all employees,Accommodation and food services,$  509.84, -1.0%,  0.0%,125.4
Jan 2010,Alberta,Average weekly earnings including overtime for all employees,Other services (except public administration),$  773.61, -4.2%,  2.9%,100.0
Feb 2010,Alberta,Average weekly earnings including overtime for all employees,Other services (except public administration),$  786.38,  1.7%,  5.7%,101.7
Mar 2010,Alberta,Average weekly earnings including overtime for all employees,Other services (except public administration),$  788.29,  0.2%,  5.6%,101.9
Apr 2010,Alberta,Average weekly earnings including overtime for all employees,Other services (except public administration),$  799.98,  1.5%,  2.6%,103.4
May 2010,Alberta,Average weekly earnings including overtime for all employees,Other services (except public administration),$  787.00, -1.6%,  1.2%,101.7
Jun 2010,Alberta,Average weekly earnings including overtime for all employees,Other services (except public administration),$  836.34,  6.3%, 13.6%,108.1
Jul 2010,Alberta,Average weekly earnings including overtime for all employees,Other services (except public administration),$  801.77, -4.1%, -4.5%,103.6
Aug 2010,Alberta,Average weekly earnings including overtime for all employees,Other services (except public administration),$  770.94, -3.8%,  3.2%, 99.7
Sep 2010,Alberta,Average weekly earnings including overtime for all employees,Other services (except public administration),$  789.98,  2.5%,  3.5%,102.1
Oct 2010,Alberta,Average weekly earnings including overtime for all employees,Other services (except public administration),$  802.33,  1.6%,  1.9%,103.7
Nov 2010,Alberta,Average weekly earnings including overtime for all employees,Other services (except public administration),$  794.99, -0.9%,  4.0%,102.8
Dec 2010,Alberta,Average weekly earnings including overtime for all employees,Other services (except public administration),$  788.76, -0.8%, -2.4%,102.0
Jan 2011,Alberta,Average weekly earnings including overtime for all employees,Other services (except public administration),$  838.24,  6.3%,  8.4%,108.4
Feb 2011,Alberta,Average weekly earnings including overtime for all employees,Other services (except public administration),$  796.32, -5.0%,  1.3%,102.9
Mar 2011,Alberta,Average weekly earnings including overtime for all employees,Other services (except public administration),$  799.03,  0.3%,  1.4%,103.3
Apr 2011,Alberta,Average weekly earnings including overtime for all employees,Other services (except public administration),$  801.48,  0.3%,  0.2%,103.6
May 2011,Alberta,Average weekly earnings including overtime for all employees,Other services (except public administration),$  812.67,  1.4%,  3.3%,105.0
Jun 2011,Alberta,Average weekly earnings including overtime for all employees,Other services (except public administration),$  798.03, -1.8%, -4.6%,103.2
Jul 2011,Alberta,Average weekly earnings including overtime for all employees,Other services (except public administration),$  807.03,  1.1%,  0.7%,104.3
Aug 2011,Alberta,Average weekly earnings including overtime for all employees,Other services (except public administration),$  841.67,  4.3%,  9.2%,108.8
Sep 2011,Alberta,Average weekly earnings including overtime for all employees,Other services (except public administration),$  845.04,  0.4%,  7.0%,109.2
Oct 2011,Alberta,Average weekly earnings including overtime for all employees,Other services (except public administration),$  819.25, -3.1%,  2.1%,105.9
Nov 2011,Alberta,Average weekly earnings including overtime for all employees,Other services (except public administration),$  873.29,  6.6%,  9.8%,112.9
Dec 2011,Alberta,Average weekly earnings including overtime for all employees,Other services (except public administration),$  870.25, -0.3%, 10.3%,112.5
Jan 2012,Alberta,Average weekly earnings including overtime for all employees,Other services (except public administration),$  826.77, -5.0%, -1.4%,106.9
Feb 2012,Alberta,Average weekly earnings including overtime for all employees,Other services (except public administration),$  829.71,  0.4%,  4.2%,107.3
Mar 2012,Alberta,Average weekly earnings including overtime for all employees,Other services (except public administration),$  820.08, -1.2%,  2.6%,106.0
Apr 2012,Alberta,Average weekly earnings including overtime for all employees,Other services (except public administration),$  871.06,  6.2%,  8.7%,112.6
May 2012,Alberta,Average weekly earnings including overtime for all employees,Other services (except public administration),$  876.93,  0.7%,  7.9%,113.4
Jun 2012,Alberta,Average weekly earnings including overtime for all employees,Other services (except public administration),$  891.79,  1.7%, 11.7%,115.3
Jul 2012,Alberta,Average weekly earnings including overtime for all employees,Other services (except public administration),$  878.74, -1.5%,  8.9%,113.6
Aug 2012,Alberta,Average weekly earnings including overtime for all employees,Other services (except public administration),$  883.09,  0.5%,  4.9%,114.2
Sep 2012,Alberta,Average weekly earnings including overtime for all employees,Other services (except public administration),$  892.14,  1.0%,  5.6%,115.3
Oct 2012,Alberta,Average weekly earnings including overtime for all employees,Other services (except public administration),$  888.53, -0.4%,  8.5%,114.9
Nov 2012,Alberta,Average weekly earnings including overtime for all employees,Other services (except public administration),$  891.33,  0.3%,  2.1%,115.2
Dec 2012,Alberta,Average weekly earnings including overtime for all employees,Other services (except public administration),$  876.50, -1.7%,  0.7%,113.3
Jan 2013,Alberta,Average weekly earnings including overtime for all employees,Other services (except public administration),$  850.66, -2.9%,  2.9%,110.0
Feb 2013,Alberta,Average weekly earnings including overtime for all employees,Other services (except public administration),$  907.50,  6.7%,  9.4%,117.3
Mar 2013,Alberta,Average weekly earnings including overtime for all employees,Other services (except public administration),$  925.22,  2.0%, 12.8%,119.6
Apr 2013,Alberta,Average weekly earnings including overtime for all employees,Other services (except public administration),$  866.50, -6.3%, -0.5%,112.0
May 2013,Alberta,Average weekly earnings including overtime for all employees,Other services (except public administration),$  876.58,  1.2%,  0.0%,113.3
Jun 2013,Alberta,Average weekly earnings including overtime for all employees,Other services (except public administration),$  876.59,  0.0%, -1.7%,113.3
Jul 2013,Alberta,Average weekly earnings including overtime for all employees,Other services (except public administration),$  899.10,  2.6%,  2.3%,116.2
Aug 2013,Alberta,Average weekly earnings including overtime for all employees,Other services (except public administration),$  890.74, -0.9%,  0.9%,115.1
Sep 2013,Alberta,Average weekly earnings including overtime for all employees,Other services (except public administration),$  923.01,  3.6%,  3.5%,119.3
Oct 2013,Alberta,Average weekly earnings including overtime for all employees,Other services (except public administration),$  893.51, -3.2%,  0.6%,115.5
Nov 2013,Alberta,Average weekly earnings including overtime for all employees,Other services (except public administration),$  912.26,  2.1%,  2.3%,117.9
Dec 2013,Alberta,Average weekly earnings including overtime for all employees,Other services (except public administration),$  927.76,  1.7%,  5.8%,119.9
Jan 2014,Alberta,Average weekly earnings including overtime for all employees,Other services (except public administration),$  921.13, -0.7%,  8.3%,119.1
Feb 2014,Alberta,Average weekly earnings including overtime for all employees,Other services (except public administration),$  911.22, -1.1%,  0.4%,117.8
Mar 2014,Alberta,Average weekly earnings including overtime for all employees,Other services (except public administration),$  925.33,  1.5%,  0.0%,119.6
Apr 2014,Alberta,Average weekly earnings including overtime for all employees,Other services (except public administration),$  883.71, -4.5%,  2.0%,114.2
May 2014,Alberta,Average weekly earnings including overtime for all employees,Other services (except public administration),$  912.72,  3.3%,  4.1%,118.0
Jun 2014,Alberta,Average weekly earnings including overtime for all employees,Other services (except public administration),$  906.94, -0.6%,  3.5%,117.2
Jul 2014,Alberta,Average weekly earnings including overtime for all employees,Other services (except public administration),$  933.43,  2.9%,  3.8%,120.7
Aug 2014,Alberta,Average weekly earnings including overtime for all employees,Other services (except public administration),$  952.24,  2.0%,  6.9%,123.1
Sep 2014,Alberta,Average weekly earnings including overtime for all employees,Other services (except public administration),$  904.69, -5.0%, -2.0%,116.9
Oct 2014,Alberta,Average weekly earnings including overtime for all employees,Other services (except public administration),$  924.01,  2.1%,  3.4%,119.4
Nov 2014,Alberta,Average weekly earnings including overtime for all employees,Other services (except public administration),$  947.75,  2.6%,  3.9%,122.5
Dec 2014,Alberta,Average weekly earnings including overtime for all employees,Other services (except public administration),$  967.13,  2.0%,  4.2%,125.0
Jan 2015,Alberta,Average weekly earnings including overtime for all employees,Other services (except public administration),$  962.35, -0.5%,  4.5%,124.4
Feb 2015,Alberta,Average weekly earnings including overtime for all employees,Other services (except public administration),$  931.40, -3.2%,  2.2%,120.4
Mar 2015,Alberta,Average weekly earnings including overtime for all employees,Other services (except public administration),$  912.08, -2.1%, -1.4%,117.9
Apr 2015,Alberta,Average weekly earnings including overtime for all employees,Other services (except public administration),$  960.78,  5.3%,  8.7%,124.2
May 2015,Alberta,Average weekly earnings including overtime for all employees,Other services (except public administration),$  934.01, -2.8%,  2.3%,120.7
Jun 2015,Alberta,Average weekly earnings including overtime for all employees,Other services (except public administration),$  899.74, -3.7%, -0.8%,116.3
Jul 2015,Alberta,Average weekly earnings including overtime for all employees,Other services (except public administration),$  906.62,  0.8%, -2.9%,117.2
Aug 2015,Alberta,Average weekly earnings including overtime for all employees,Other services (except public administration),$  915.32,  1.0%, -3.9%,118.3
Sep 2015,Alberta,Average weekly earnings including overtime for all employees,Other services (except public administration),$  952.69,  4.1%,  5.3%,123.1
Oct 2015,Alberta,Average weekly earnings including overtime for all employees,Other services (except public administration),$  976.60,  2.5%,  5.7%,126.2
Nov 2015,Alberta,Average weekly earnings including overtime for all employees,Other services (except public administration),$  942.17, -3.5%, -0.6%,121.8
Dec 2015,Alberta,Average weekly earnings including overtime for all employees,Other services (except public administration),$  916.42, -2.7%, -5.2%,118.5
Jan 2016,Alberta,Average weekly earnings including overtime for all employees,Other services (except public administration),$  923.39,  0.8%, -4.0%,119.4
Feb 2016,Alberta,Average weekly earnings including overtime for all employees,Other services (except public administration),$  930.05,  0.7%, -0.1%,120.2
Mar 2016,Alberta,Average weekly earnings including overtime for all employees,Other services (except public administration),$  918.92, -1.2%,  0.7%,118.8
Apr 2016,Alberta,Average weekly earnings including overtime for all employees,Other services (except public administration),$  922.80,  0.4%, -4.0%,119.3
May 2016,Alberta,Average weekly earnings including overtime for all employees,Other services (except public administration),$  924.76,  0.2%, -1.0%,119.5
Jun 2016,Alberta,Average weekly earnings including overtime for all employees,Other services (except public administration),$  924.65,  0.0%,  2.8%,119.5
Jul 2016,Alberta,Average weekly earnings including overtime for all employees,Other services (except public administration),$  909.71, -1.6%,  0.3%,117.6
Aug 2016,Alberta,Average weekly earnings including overtime for all employees,Other services (except public administration),$  884.21, -2.8%, -3.4%,114.3
Sep 2016,Alberta,Average weekly earnings including overtime for all employees,Other services (except public administration),$  905.37,  2.4%, -5.0%,117.0
Oct 2016,Alberta,Average weekly earnings including overtime for all employees,Other services (except public administration),$  900.96, -0.5%, -7.7%,116.5
Nov 2016,Alberta,Average weekly earnings including overtime for all employees,Other services (except public administration),$  916.72,  1.7%, -2.7%,118.5
Dec 2016,Alberta,Average weekly earnings including overtime for all employees,Other services (except public administration),$  942.58,  2.8%,  2.9%,121.8
Jan 2017,Alberta,Average weekly earnings including overtime for all employees,Other services (except public administration),$  908.49, -3.6%, -1.6%,117.4
Feb 2017,Alberta,Average weekly earnings including overtime for all employees,Other services (except public administration),$  888.40, -2.2%, -4.5%,114.8
Mar 2017,Alberta,Average weekly earnings including overtime for all employees,Other services (except public administration),$  906.05,  2.0%, -1.4%,117.1
Apr 2017,Alberta,Average weekly earnings including overtime for all employees,Other services (except public administration),$  920.26,  1.6%, -0.3%,119.0
May 2017,Alberta,Average weekly earnings including overtime for all employees,Other services (except public administration),$  902.47, -1.9%, -2.4%,116.7
Jun 2017,Alberta,Average weekly earnings including overtime for all employees,Other services (except public administration),$  964.08,  6.8%,  4.3%,124.6
Jul 2017,Alberta,Average weekly earnings including overtime for all employees,Other services (except public administration),$  958.30, -0.6%,  5.3%,123.9
Aug 2017,Alberta,Average weekly earnings including overtime for all employees,Other services (except public administration),$  962.75,  0.5%,  8.9%,124.4
Sep 2017,Alberta,Average weekly earnings including overtime for all employees,Other services (except public administration),$  932.15, -3.2%,  3.0%,120.5
Oct 2017,Alberta,Average weekly earnings including overtime for all employees,Other services (except public administration),$  948.88,  1.8%,  5.3%,122.7
Nov 2017,Alberta,Average weekly earnings including overtime for all employees,Other services (except public administration),$  936.37, -1.3%,  2.1%,121.0
Dec 2017,Alberta,Average weekly earnings including overtime for all employees,Other services (except public administration),$  937.15,  0.1%, -0.6%,121.1
Jan 2018,Alberta,Average weekly earnings including overtime for all employees,Other services (except public administration),$  968.31,  3.3%,  6.6%,125.2
Feb 2018,Alberta,Average weekly earnings including overtime for all employees,Other services (except public administration),$  963.11, -0.5%,  8.4%,124.5
Mar 2018,Alberta,Average weekly earnings including overtime for all employees,Other services (except public administration),$  976.63,  1.4%,  7.8%,126.2
Apr 2018,Alberta,Average weekly earnings including overtime for all employees,Other services (except public administration),$  961.54, -1.5%,  4.5%,124.3
May 2018,Alberta,Average weekly earnings including overtime for all employees,Other services (except public administration),$  981.98,  2.1%,  8.8%,126.9
Jun 2018,Alberta,Average weekly earnings including overtime for all employees,Other services (except public administration),$  948.89, -3.4%, -1.6%,122.7
Jul 2018,Alberta,Average weekly earnings including overtime for all employees,Other services (except public administration),$  942.99, -0.6%, -1.6%,121.9
Aug 2018,Alberta,Average weekly earnings including overtime for all employees,Other services (except public administration),$  946.19,  0.3%, -1.7%,122.3
Sep 2018,Alberta,Average weekly earnings including overtime for all employees,Other services (except public administration),$  942.33, -0.4%,  1.1%,121.8
Oct 2018,Alberta,Average weekly earnings including overtime for all employees,Other services (except public administration),$  973.18,  3.3%,  2.6%,125.8
Nov 2018,Alberta,Average weekly earnings including overtime for all employees,Other services (except public administration),$  977.15,  0.4%,  4.4%,126.3
Dec 2018,Alberta,Average weekly earnings including overtime for all employees,Other services (except public administration),$  947.41, -3.0%,  1.1%,122.5
Jan 2019,Alberta,Average weekly earnings including overtime for all employees,Other services (except public administration),$  956.41,  0.9%, -1.2%,123.6
Feb 2019,Alberta,Average weekly earnings including overtime for all employees,Other services (except public administration),$  971.04,  1.5%,  0.8%,125.5
Mar 2019,Alberta,Average weekly earnings including overtime for all employees,Other services (except public administration),$  968.95, -0.2%, -0.8%,125.3
Apr 2019,Alberta,Average weekly earnings including overtime for all employees,Other services (except public administration),$  957.78, -1.2%, -0.4%,123.8
May 2019,Alberta,Average weekly earnings including overtime for all employees,Other services (except public administration),$  995.84,  4.0%,  1.4%,128.7
Jun 2019,Alberta,Average weekly earnings including overtime for all employees,Other services (except public administration),$  983.00, -1.3%,  3.6%,127.1
Jul 2019,Alberta,Average weekly earnings including overtime for all employees,Other services (except public administration),$  989.19,  0.6%,  4.9%,127.9
Aug 2019,Alberta,Average weekly earnings including overtime for all employees,Other services (except public administration),$  967.04, -2.2%,  2.2%,125.0
Sep 2019,Alberta,Average weekly earnings including overtime for all employees,Other services (except public administration),$  960.46, -0.7%,  1.9%,124.2
Oct 2019,Alberta,Average weekly earnings including overtime for all employees,Other services (except public administration),$  987.46,  2.8%,  1.5%,127.6
Nov 2019,Alberta,Average weekly earnings including overtime for all employees,Other services (except public administration),$  943.85, -4.4%, -3.4%,122.0
Dec 2019,Alberta,Average weekly earnings including overtime for all employees,Other services (except public administration),$  947.21,  0.4%,  0.0%,122.4
Jan 2020,Alberta,Average weekly earnings including overtime for all employees,Other services (except public administration),$  970.69,  2.5%,  1.5%,125.5
Feb 2020,Alberta,Average weekly earnings including overtime for all employees,Other services (except public administration),$  990.80,  2.1%,  2.0%,128.1
Mar 2020,Alberta,Average weekly earnings including overtime for all employees,Other services (except public administration),$  996.91,  0.6%,  2.9%,128.9
Apr 2020,Alberta,Average weekly earnings including overtime for all employees,Other services (except public administration),"$1,039.61",  4.3%,  8.5%,134.4
May 2020,Alberta,Average weekly earnings including overtime for all employees,Other services (except public administration),"$1,036.53", -0.3%,  4.1%,134.0
Jun 2020,Alberta,Average weekly earnings including overtime for all employees,Other services (except public administration),"$1,031.74", -0.5%,  5.0%,133.4
Jul 2020,Alberta,Average weekly earnings including overtime for all employees,Other services (except public administration),$  990.70, -4.0%,  0.2%,128.1
Aug 2020,Alberta,Average weekly earnings including overtime for all employees,Other services (except public administration),"$1,019.58",  2.9%,  5.4%,131.8
Sep 2020,Alberta,Average weekly earnings including overtime for all employees,Other services (except public administration),"$1,043.48",  2.3%,  8.6%,134.9
Oct 2020,Alberta,Average weekly earnings including overtime for all employees,Other services (except public administration),$  996.02, -4.5%,  0.9%,128.7
Nov 2020,Alberta,Average weekly earnings including overtime for all employees,Other services (except public administration),"$1,014.73",  1.9%,  7.5%,131.2
Dec 2020,Alberta,Average weekly earnings including overtime for all employees,Other services (except public administration),"$1,001.49", -1.3%,  5.7%,129.5
Jan 2021,Alberta,Average weekly earnings including overtime for all employees,Other services (except public administration),"$1,031.21",  3.0%,  6.2%,133.3
Feb 2021,Alberta,Average weekly earnings including overtime for all employees,Other services (except public administration),"$1,036.09",  0.5%,  4.6%,133.9
Mar 2021,Alberta,Average weekly earnings including overtime for all employees,Other services (except public administration),"$1,024.13", -1.2%,  2.7%,132.4
Apr 2021,Alberta,Average weekly earnings including overtime for all employees,Other services (except public administration),"$1,005.38", -1.8%, -3.3%,130.0
May 2021,Alberta,Average weekly earnings including overtime for all employees,Other services (except public administration),$  988.79, -1.7%, -4.6%,127.8
Jun 2021,Alberta,Average weekly earnings including overtime for all employees,Other services (except public administration),$  977.87, -1.1%, -5.2%,126.4
Jul 2021,Alberta,Average weekly earnings including overtime for all employees,Other services (except public administration),"$1,060.76",  8.5%,  7.1%,137.1
Aug 2021,Alberta,Average weekly earnings including overtime for all employees,Other services (except public administration),"$1,059.28", -0.1%,  3.9%,136.9
Sep 2021,Alberta,Average weekly earnings including overtime for all employees,Other services (except public administration),"$1,041.81", -1.6%, -0.2%,134.7
Oct 2021,Alberta,Average weekly earnings including overtime for all employees,Other services (except public administration),"$1,004.89", -3.5%,  0.9%,129.9
Nov 2021,Alberta,Average weekly earnings including overtime for all employees,Other services (except public administration),"$1,024.74",  2.0%,  1.0%,132.5
Dec 2021,Alberta,Average weekly earnings including overtime for all employees,Other services (except public administration),"$1,036.62",  1.2%,  3.5%,134.0
Jan 2022,Alberta,Average weekly earnings including overtime for all employees,Other services (except public administration),"$1,007.24", -2.8%, -2.3%,130.2
Feb 2022,Alberta,Average weekly earnings including overtime for all employees,Other services (except public administration),"$1,036.65",  2.9%,  0.1%,134.0
Mar 2022,Alberta,Average weekly earnings including overtime for all employees,Other services (except public administration),"$1,020.40", -1.6%, -0.4%,131.9
Apr 2022,Alberta,Average weekly earnings including overtime for all employees,Other services (except public administration),"$1,042.94",  2.2%,  3.7%,134.8
May 2022,Alberta,Average weekly earnings including overtime for all employees,Other services (except public administration),"$1,034.89", -0.8%,  4.7%,133.8
Jun 2022,Alberta,Average weekly earnings including overtime for all employees,Other services (except public administration),"$1,045.88",  1.1%,  7.0%,135.2
Jul 2022,Alberta,Average weekly earnings including overtime for all employees,Other services (except public administration),"$1,024.52", -2.0%, -3.4%,132.4
Aug 2022,Alberta,Average weekly earnings including overtime for all employees,Other services (except public administration),"$1,039.09",  1.4%, -1.9%,134.3
Sep 2022,Alberta,Average weekly earnings including overtime for all employees,Other services (except public administration),"$1,039.67",  0.1%, -0.2%,134.4
Oct 2022,Alberta,Average weekly earnings including overtime for all employees,Other services (except public administration),"$1,032.05", -0.7%,  2.7%,133.4
Nov 2022,Alberta,Average weekly earnings including overtime for all employees,Other services (except public administration),"$1,064.20",  3.1%,  3.9%,137.6
Dec 2022,Alberta,Average weekly earnings including overtime for all employees,Other services (except public administration),"$1,132.37",  6.4%,  9.2%,146.4
Jan 2023,Alberta,Average weekly earnings including overtime for all employees,Other services (except public administration),"$1,095.76", -3.2%,  8.8%,141.6
Feb 2023,Alberta,Average weekly earnings including overtime for all employees,Other services (except public administration),"$1,071.29", -2.2%,  3.3%,138.5
Mar 2023,Alberta,Average weekly earnings including overtime for all employees,Other services (except public administration),"$1,092.88",  2.0%,  7.1%,141.3
Apr 2023,Alberta,Average weekly earnings including overtime for all employees,Other services (except public administration),"$1,074.38", -1.7%,  3.0%,138.9
May 2023,Alberta,Average weekly earnings including overtime for all employees,Other services (except public administration),"$1,068.66", -0.5%,  3.3%,138.1
Jun 2023,Alberta,Average weekly earnings including overtime for all employees,Other services (except public administration),"$1,109.98",  3.9%,  6.1%,143.5
Jul 2023,Alberta,Average weekly earnings including overtime for all employees,Other services (except public administration),"$1,082.37", -2.5%,  5.6%,139.9
Aug 2023,Alberta,Average weekly earnings including overtime for all employees,Other services (except public administration),"$1,095.03",  1.2%,  5.4%,141.5
Sep 2023,Alberta,Average weekly earnings including overtime for all employees,Other services (except public administration),"$1,093.19", -0.2%,  5.1%,141.3
Oct 2023,Alberta,Average weekly earnings including overtime for all employees,Other services (except public administration),"$1,137.15",  4.0%, 10.2%,147.0
Nov 2023,Alberta,Average weekly earnings including overtime for all employees,Other services (except public administration),"$1,105.35", -2.8%,  3.9%,142.9
Dec 2023,Alberta,Average weekly earnings including overtime for all employees,Other services (except public administration),"$1,094.79", -1.0%, -3.3%,141.5
Jan 2024,Alberta,Average weekly earnings including overtime for all employees,Other services (except public administration),"$1,114.50",  1.8%,  1.7%,144.1
Feb 2024,Alberta,Average weekly earnings including overtime for all employees,Other services (except public administration),"$1,103.10", -1.0%,  3.0%,142.6
Mar 2024,Alberta,Average weekly earnings including overtime for all employees,Other services (except public administration),"$1,092.99", -0.9%,  0.0%,141.3
Apr 2024,Alberta,Average weekly earnings including overtime for all employees,Other services (except public administration),"$1,110.00",  1.6%,  3.3%,143.5
May 2024,Alberta,Average weekly earnings including overtime for all employees,Other services (except public administration),"$1,106.34", -0.3%,  3.5%,143.0
Jun 2024,Alberta,Average weekly earnings including overtime for all employees,Other services (except public administration),"$1,115.84",  0.9%,  0.5%,144.2
Jul 2024,Alberta,Average weekly earnings including overtime for all employees,Other services (except public administration),"$1,129.44",  1.2%,  4.3%,146.0
Aug 2024,Alberta,Average weekly earnings including overtime for all employees,Other services (except public administration),"$1,145.34",  1.4%,  4.6%,148.1
Sep 2024,Alberta,Average weekly earnings including overtime for all employees,Other services (except public administration),"$1,130.63", -1.3%,  3.4%,146.1
Oct 2024,Alberta,Average weekly earnings including overtime for all employees,Other services (except public administration),"$1,148.91",  1.6%,  1.0%,148.5
Jan 2010,Alberta,Average weekly earnings including overtime for all employees,Public administration,"$1,149.06",  0.7%,  6.4%,100.0
Feb 2010,Alberta,Average weekly earnings including overtime for all employees,Public administration,"$1,151.22",  0.2%,  6.8%,100.2
Mar 2010,Alberta,Average weekly earnings including overtime for all employees,Public administration,"$1,134.53", -1.4%,  3.9%, 98.7
Apr 2010,Alberta,Average weekly earnings including overtime for all employees,Public administration,"$1,164.57",  2.6%,  5.7%,101.3
May 2010,Alberta,Average weekly earnings including overtime for all employees,Public administration,"$1,139.40", -2.2%,  4.3%, 99.2
Jun 2010,Alberta,Average weekly earnings including overtime for all employees,Public administration,"$1,157.98",  1.6%,  4.5%,100.8
Jul 2010,Alberta,Average weekly earnings including overtime for all employees,Public administration,"$1,144.56", -1.2%,  1.4%, 99.6
Aug 2010,Alberta,Average weekly earnings including overtime for all employees,Public administration,"$1,169.41",  2.2%,  4.8%,101.8
Sep 2010,Alberta,Average weekly earnings including overtime for all employees,Public administration,"$1,192.65",  2.0%,  8.2%,103.8
Oct 2010,Alberta,Average weekly earnings including overtime for all employees,Public administration,"$1,135.98", -4.8%,  1.8%, 98.9
Nov 2010,Alberta,Average weekly earnings including overtime for all employees,Public administration,"$1,197.16",  5.4%,  7.7%,104.2
Dec 2010,Alberta,Average weekly earnings including overtime for all employees,Public administration,"$1,164.82", -2.7%,  2.1%,101.4
Jan 2011,Alberta,Average weekly earnings including overtime for all employees,Public administration,"$1,156.79", -0.7%,  0.7%,100.7
Feb 2011,Alberta,Average weekly earnings including overtime for all employees,Public administration,"$1,178.85",  1.9%,  2.4%,102.6
Mar 2011,Alberta,Average weekly earnings including overtime for all employees,Public administration,"$1,156.06", -1.9%,  1.9%,100.6
Apr 2011,Alberta,Average weekly earnings including overtime for all employees,Public administration,"$1,148.41", -0.7%, -1.4%, 99.9
May 2011,Alberta,Average weekly earnings including overtime for all employees,Public administration,"$1,201.71",  4.6%,  5.5%,104.6
Jun 2011,Alberta,Average weekly earnings including overtime for all employees,Public administration,"$1,183.93", -1.5%,  2.2%,103.0
Jul 2011,Alberta,Average weekly earnings including overtime for all employees,Public administration,"$1,169.08", -1.3%,  2.1%,101.7
Aug 2011,Alberta,Average weekly earnings including overtime for all employees,Public administration,"$1,181.33",  1.0%,  1.0%,102.8
Sep 2011,Alberta,Average weekly earnings including overtime for all employees,Public administration,"$1,165.54", -1.3%, -2.3%,101.4
Oct 2011,Alberta,Average weekly earnings including overtime for all employees,Public administration,"$1,218.70",  4.6%,  7.3%,106.1
Nov 2011,Alberta,Average weekly earnings including overtime for all employees,Public administration,"$1,180.37", -3.1%, -1.4%,102.7
Dec 2011,Alberta,Average weekly earnings including overtime for all employees,Public administration,"$1,168.89", -1.0%,  0.3%,101.7
Jan 2012,Alberta,Average weekly earnings including overtime for all employees,Public administration,"$1,195.67",  2.3%,  3.4%,104.1
Feb 2012,Alberta,Average weekly earnings including overtime for all employees,Public administration,"$1,150.57", -3.8%, -2.4%,100.1
Mar 2012,Alberta,Average weekly earnings including overtime for all employees,Public administration,"$1,193.00",  3.7%,  3.2%,103.8
Apr 2012,Alberta,Average weekly earnings including overtime for all employees,Public administration,"$1,175.19", -1.5%,  2.3%,102.3
May 2012,Alberta,Average weekly earnings including overtime for all employees,Public administration,"$1,207.58",  2.8%,  0.5%,105.1
Jun 2012,Alberta,Average weekly earnings including overtime for all employees,Public administration,"$1,189.93", -1.5%,  0.5%,103.6
Jul 2012,Alberta,Average weekly earnings including overtime for all employees,Public administration,"$1,243.26",  4.5%,  6.3%,108.2
Aug 2012,Alberta,Average weekly earnings including overtime for all employees,Public administration,"$1,234.27", -0.7%,  4.5%,107.4
Sep 2012,Alberta,Average weekly earnings including overtime for all employees,Public administration,"$1,231.31", -0.2%,  5.6%,107.2
Oct 2012,Alberta,Average weekly earnings including overtime for all employees,Public administration,"$1,256.94",  2.1%,  3.1%,109.4
Nov 2012,Alberta,Average weekly earnings including overtime for all employees,Public administration,"$1,239.49", -1.4%,  5.0%,107.9
Dec 2012,Alberta,Average weekly earnings including overtime for all employees,Public administration,"$1,260.84",  1.7%,  7.9%,109.7
Jan 2013,Alberta,Average weekly earnings including overtime for all employees,Public administration,"$1,246.21", -1.2%,  4.2%,108.5
Feb 2013,Alberta,Average weekly earnings including overtime for all employees,Public administration,"$1,267.15",  1.7%, 10.1%,110.3
Mar 2013,Alberta,Average weekly earnings including overtime for all employees,Public administration,"$1,235.28", -2.5%,  3.5%,107.5
Apr 2013,Alberta,Average weekly earnings including overtime for all employees,Public administration,"$1,290.21",  4.4%,  9.8%,112.3
May 2013,Alberta,Average weekly earnings including overtime for all employees,Public administration,"$1,265.05", -2.0%,  4.8%,110.1
Jun 2013,Alberta,Average weekly earnings including overtime for all employees,Public administration,"$1,269.08",  0.3%,  6.7%,110.4
Jul 2013,Alberta,Average weekly earnings including overtime for all employees,Public administration,"$1,258.85", -0.8%,  1.3%,109.6
Aug 2013,Alberta,Average weekly earnings including overtime for all employees,Public administration,"$1,257.87", -0.1%,  1.9%,109.5
Sep 2013,Alberta,Average weekly earnings including overtime for all employees,Public administration,"$1,307.01",  3.9%,  6.1%,113.7
Oct 2013,Alberta,Average weekly earnings including overtime for all employees,Public administration,"$1,270.86", -2.8%,  1.1%,110.6
Nov 2013,Alberta,Average weekly earnings including overtime for all employees,Public administration,"$1,272.32",  0.1%,  2.6%,110.7
Dec 2013,Alberta,Average weekly earnings including overtime for all employees,Public administration,"$1,279.59",  0.6%,  1.5%,111.4
Jan 2014,Alberta,Average weekly earnings including overtime for all employees,Public administration,"$1,271.67", -0.6%,  2.0%,110.7
Feb 2014,Alberta,Average weekly earnings including overtime for all employees,Public administration,"$1,303.71",  2.5%,  2.9%,113.5
Mar 2014,Alberta,Average weekly earnings including overtime for all employees,Public administration,"$1,314.59",  0.8%,  6.4%,114.4
Apr 2014,Alberta,Average weekly earnings including overtime for all employees,Public administration,"$1,321.58",  0.5%,  2.4%,115.0
May 2014,Alberta,Average weekly earnings including overtime for all employees,Public administration,"$1,290.45", -2.4%,  2.0%,112.3
Jun 2014,Alberta,Average weekly earnings including overtime for all employees,Public administration,"$1,323.60",  2.6%,  4.3%,115.2
Jul 2014,Alberta,Average weekly earnings including overtime for all employees,Public administration,"$1,331.78",  0.6%,  5.8%,115.9
Aug 2014,Alberta,Average weekly earnings including overtime for all employees,Public administration,"$1,306.69", -1.9%,  3.9%,113.7
Sep 2014,Alberta,Average weekly earnings including overtime for all employees,Public administration,"$1,303.40", -0.3%, -0.3%,113.4
Oct 2014,Alberta,Average weekly earnings including overtime for all employees,Public administration,"$1,351.25",  3.7%,  6.3%,117.6
Nov 2014,Alberta,Average weekly earnings including overtime for all employees,Public administration,"$1,335.65", -1.2%,  5.0%,116.2
Dec 2014,Alberta,Average weekly earnings including overtime for all employees,Public administration,"$1,325.11", -0.8%,  3.6%,115.3
Jan 2015,Alberta,Average weekly earnings including overtime for all employees,Public administration,"$1,329.66",  0.3%,  4.6%,115.7
Feb 2015,Alberta,Average weekly earnings including overtime for all employees,Public administration,"$1,347.42",  1.3%,  3.4%,117.3
Mar 2015,Alberta,Average weekly earnings including overtime for all employees,Public administration,"$1,349.48",  0.2%,  2.7%,117.4
Apr 2015,Alberta,Average weekly earnings including overtime for all employees,Public administration,"$1,338.59", -0.8%,  1.3%,116.5
May 2015,Alberta,Average weekly earnings including overtime for all employees,Public administration,"$1,380.20",  3.1%,  7.0%,120.1
Jun 2015,Alberta,Average weekly earnings including overtime for all employees,Public administration,"$1,353.04", -2.0%,  2.2%,117.8
Jul 2015,Alberta,Average weekly earnings including overtime for all employees,Public administration,"$1,333.21", -1.5%,  0.1%,116.0
Aug 2015,Alberta,Average weekly earnings including overtime for all employees,Public administration,"$1,327.21", -0.5%,  1.6%,115.5
Sep 2015,Alberta,Average weekly earnings including overtime for all employees,Public administration,"$1,327.19",  0.0%,  1.8%,115.5
Oct 2015,Alberta,Average weekly earnings including overtime for all employees,Public administration,"$1,325.54", -0.1%, -1.9%,115.4
Nov 2015,Alberta,Average weekly earnings including overtime for all employees,Public administration,"$1,307.01", -1.4%, -2.1%,113.7
Dec 2015,Alberta,Average weekly earnings including overtime for all employees,Public administration,"$1,327.46",  1.6%,  0.2%,115.5
Jan 2016,Alberta,Average weekly earnings including overtime for all employees,Public administration,"$1,354.50",  2.0%,  1.9%,117.9
Feb 2016,Alberta,Average weekly earnings including overtime for all employees,Public administration,"$1,344.44", -0.7%, -0.2%,117.0
Mar 2016,Alberta,Average weekly earnings including overtime for all employees,Public administration,"$1,348.76",  0.3%, -0.1%,117.4
Apr 2016,Alberta,Average weekly earnings including overtime for all employees,Public administration,"$1,295.88", -3.9%, -3.2%,112.8
May 2016,Alberta,Average weekly earnings including overtime for all employees,Public administration,"$1,332.02",  2.8%, -3.5%,115.9
Jun 2016,Alberta,Average weekly earnings including overtime for all employees,Public administration,"$1,316.90", -1.1%, -2.7%,114.6
Jul 2016,Alberta,Average weekly earnings including overtime for all employees,Public administration,"$1,355.23",  2.9%,  1.7%,117.9
Aug 2016,Alberta,Average weekly earnings including overtime for all employees,Public administration,"$1,419.49",  4.7%,  7.0%,123.5
Sep 2016,Alberta,Average weekly earnings including overtime for all employees,Public administration,"$1,344.01", -5.3%,  1.3%,117.0
Oct 2016,Alberta,Average weekly earnings including overtime for all employees,Public administration,"$1,335.04", -0.7%,  0.7%,116.2
Nov 2016,Alberta,Average weekly earnings including overtime for all employees,Public administration,"$1,383.24",  3.6%,  5.8%,120.4
Dec 2016,Alberta,Average weekly earnings including overtime for all employees,Public administration,"$1,353.28", -2.2%,  1.9%,117.8
Jan 2017,Alberta,Average weekly earnings including overtime for all employees,Public administration,"$1,343.88", -0.7%, -0.8%,117.0
Feb 2017,Alberta,Average weekly earnings including overtime for all employees,Public administration,"$1,348.09",  0.3%,  0.3%,117.3
Mar 2017,Alberta,Average weekly earnings including overtime for all employees,Public administration,"$1,367.29",  1.4%,  1.4%,119.0
Apr 2017,Alberta,Average weekly earnings including overtime for all employees,Public administration,"$1,405.89",  2.8%,  8.5%,122.4
May 2017,Alberta,Average weekly earnings including overtime for all employees,Public administration,"$1,369.72", -2.6%,  2.8%,119.2
Jun 2017,Alberta,Average weekly earnings including overtime for all employees,Public administration,"$1,377.93",  0.6%,  4.6%,119.9
Jul 2017,Alberta,Average weekly earnings including overtime for all employees,Public administration,"$1,373.46", -0.3%,  1.3%,119.5
Aug 2017,Alberta,Average weekly earnings including overtime for all employees,Public administration,"$1,381.54",  0.6%, -2.7%,120.2
Sep 2017,Alberta,Average weekly earnings including overtime for all employees,Public administration,"$1,422.65",  3.0%,  5.9%,123.8
Oct 2017,Alberta,Average weekly earnings including overtime for all employees,Public administration,"$1,411.73", -0.8%,  5.7%,122.9
Nov 2017,Alberta,Average weekly earnings including overtime for all employees,Public administration,"$1,423.98",  0.9%,  2.9%,123.9
Dec 2017,Alberta,Average weekly earnings including overtime for all employees,Public administration,"$1,415.00", -0.6%,  4.6%,123.1
Jan 2018,Alberta,Average weekly earnings including overtime for all employees,Public administration,"$1,455.30",  2.8%,  8.3%,126.7
Feb 2018,Alberta,Average weekly earnings including overtime for all employees,Public administration,"$1,412.87", -2.9%,  4.8%,123.0
Mar 2018,Alberta,Average weekly earnings including overtime for all employees,Public administration,"$1,402.86", -0.7%,  2.6%,122.1
Apr 2018,Alberta,Average weekly earnings including overtime for all employees,Public administration,"$1,426.92",  1.7%,  1.5%,124.2
May 2018,Alberta,Average weekly earnings including overtime for all employees,Public administration,"$1,377.22", -3.5%,  0.5%,119.9
Jun 2018,Alberta,Average weekly earnings including overtime for all employees,Public administration,"$1,409.68",  2.4%,  2.3%,122.7
Jul 2018,Alberta,Average weekly earnings including overtime for all employees,Public administration,"$1,394.07", -1.1%,  1.5%,121.3
Aug 2018,Alberta,Average weekly earnings including overtime for all employees,Public administration,"$1,452.47",  4.2%,  5.1%,126.4
Sep 2018,Alberta,Average weekly earnings including overtime for all employees,Public administration,"$1,389.27", -4.4%, -2.3%,120.9
Oct 2018,Alberta,Average weekly earnings including overtime for all employees,Public administration,"$1,395.22",  0.4%, -1.2%,121.4
Nov 2018,Alberta,Average weekly earnings including overtime for all employees,Public administration,"$1,398.40",  0.2%, -1.8%,121.7
Dec 2018,Alberta,Average weekly earnings including overtime for all employees,Public administration,"$1,406.92",  0.6%, -0.6%,122.4
Jan 2019,Alberta,Average weekly earnings including overtime for all employees,Public administration,"$1,400.84", -0.4%, -3.7%,121.9
Feb 2019,Alberta,Average weekly earnings including overtime for all employees,Public administration,"$1,408.07",  0.5%, -0.3%,122.5
Mar 2019,Alberta,Average weekly earnings including overtime for all employees,Public administration,"$1,435.10",  1.9%,  2.3%,124.9
Apr 2019,Alberta,Average weekly earnings including overtime for all employees,Public administration,"$1,420.34", -1.0%, -0.5%,123.6
May 2019,Alberta,Average weekly earnings including overtime for all employees,Public administration,"$1,435.28",  1.1%,  4.2%,124.9
Jun 2019,Alberta,Average weekly earnings including overtime for all employees,Public administration,"$1,470.83",  2.5%,  4.3%,128.0
Jul 2019,Alberta,Average weekly earnings including overtime for all employees,Public administration,"$1,474.82",  0.3%,  5.8%,128.4
Aug 2019,Alberta,Average weekly earnings including overtime for all employees,Public administration,"$1,425.54", -3.3%, -1.9%,124.1
Sep 2019,Alberta,Average weekly earnings including overtime for all employees,Public administration,"$1,460.72",  2.5%,  5.1%,127.1
Oct 2019,Alberta,Average weekly earnings including overtime for all employees,Public administration,"$1,473.28",  0.9%,  5.6%,128.2
Nov 2019,Alberta,Average weekly earnings including overtime for all employees,Public administration,"$1,464.81", -0.6%,  4.7%,127.5
Dec 2019,Alberta,Average weekly earnings including overtime for all employees,Public administration,"$1,503.33",  2.6%,  6.9%,130.8
Jan 2020,Alberta,Average weekly earnings including overtime for all employees,Public administration,"$1,463.04", -2.7%,  4.4%,127.3
Feb 2020,Alberta,Average weekly earnings including overtime for all employees,Public administration,"$1,484.00",  1.4%,  5.4%,129.1
Mar 2020,Alberta,Average weekly earnings including overtime for all employees,Public administration,"$1,416.04", -4.6%, -1.3%,123.2
Apr 2020,Alberta,Average weekly earnings including overtime for all employees,Public administration,"$1,477.92",  4.4%,  4.1%,128.6
May 2020,Alberta,Average weekly earnings including overtime for all employees,Public administration,"$1,502.34",  1.7%,  4.7%,130.7
Jun 2020,Alberta,Average weekly earnings including overtime for all employees,Public administration,"$1,557.64",  3.7%,  5.9%,135.6
Jul 2020,Alberta,Average weekly earnings including overtime for all employees,Public administration,"$1,482.99", -4.8%,  0.6%,129.1
Aug 2020,Alberta,Average weekly earnings including overtime for all employees,Public administration,"$1,572.40",  6.0%, 10.3%,136.8
Sep 2020,Alberta,Average weekly earnings including overtime for all employees,Public administration,"$1,520.11", -3.3%,  4.1%,132.3
Oct 2020,Alberta,Average weekly earnings including overtime for all employees,Public administration,"$1,522.31",  0.1%,  3.3%,132.5
Nov 2020,Alberta,Average weekly earnings including overtime for all employees,Public administration,"$1,524.78",  0.2%,  4.1%,132.7
Dec 2020,Alberta,Average weekly earnings including overtime for all employees,Public administration,"$1,519.11", -0.4%,  1.0%,132.2
Jan 2021,Alberta,Average weekly earnings including overtime for all employees,Public administration,"$1,616.89",  6.4%, 10.5%,140.7
Feb 2021,Alberta,Average weekly earnings including overtime for all employees,Public administration,"$1,558.13", -3.6%,  5.0%,135.6
Mar 2021,Alberta,Average weekly earnings including overtime for all employees,Public administration,"$1,549.29", -0.6%,  9.4%,134.8
Apr 2021,Alberta,Average weekly earnings including overtime for all employees,Public administration,"$1,525.28", -1.5%,  3.2%,132.7
May 2021,Alberta,Average weekly earnings including overtime for all employees,Public administration,"$1,542.30",  1.1%,  2.7%,134.2
Jun 2021,Alberta,Average weekly earnings including overtime for all employees,Public administration,"$1,538.74", -0.2%, -1.2%,133.9
Jul 2021,Alberta,Average weekly earnings including overtime for all employees,Public administration,"$1,542.80",  0.3%,  4.0%,134.3
Aug 2021,Alberta,Average weekly earnings including overtime for all employees,Public administration,"$1,538.53", -0.3%, -2.2%,133.9
Sep 2021,Alberta,Average weekly earnings including overtime for all employees,Public administration,"$1,517.53", -1.4%, -0.2%,132.1
Oct 2021,Alberta,Average weekly earnings including overtime for all employees,Public administration,"$1,507.08", -0.7%, -1.0%,131.2
Nov 2021,Alberta,Average weekly earnings including overtime for all employees,Public administration,"$1,527.37",  1.3%,  0.2%,132.9
Dec 2021,Alberta,Average weekly earnings including overtime for all employees,Public administration,"$1,552.41",  1.6%,  2.2%,135.1
Jan 2022,Alberta,Average weekly earnings including overtime for all employees,Public administration,"$1,600.86",  3.1%, -1.0%,139.3
Feb 2022,Alberta,Average weekly earnings including overtime for all employees,Public administration,"$1,551.60", -3.1%, -0.4%,135.0
Mar 2022,Alberta,Average weekly earnings including overtime for all employees,Public administration,"$1,554.43",  0.2%,  0.3%,135.3
Apr 2022,Alberta,Average weekly earnings including overtime for all employees,Public administration,"$1,579.26",  1.6%,  3.5%,137.4
May 2022,Alberta,Average weekly earnings including overtime for all employees,Public administration,"$1,553.49", -1.6%,  0.7%,135.2
Jun 2022,Alberta,Average weekly earnings including overtime for all employees,Public administration,"$1,568.87",  1.0%,  2.0%,136.5
Jul 2022,Alberta,Average weekly earnings including overtime for all employees,Public administration,"$1,573.94",  0.3%,  2.0%,137.0
Aug 2022,Alberta,Average weekly earnings including overtime for all employees,Public administration,"$1,582.88",  0.6%,  2.9%,137.8
Sep 2022,Alberta,Average weekly earnings including overtime for all employees,Public administration,"$1,578.29", -0.3%,  4.0%,137.4
Oct 2022,Alberta,Average weekly earnings including overtime for all employees,Public administration,"$1,570.57", -0.5%,  4.2%,136.7
Nov 2022,Alberta,Average weekly earnings including overtime for all employees,Public administration,"$1,631.37",  3.9%,  6.8%,142.0
Dec 2022,Alberta,Average weekly earnings including overtime for all employees,Public administration,"$1,566.59", -4.0%,  0.9%,136.3
Jan 2023,Alberta,Average weekly earnings including overtime for all employees,Public administration,"$1,559.28", -0.5%, -2.6%,135.7
Feb 2023,Alberta,Average weekly earnings including overtime for all employees,Public administration,"$1,565.97",  0.4%,  0.9%,136.3
Mar 2023,Alberta,Average weekly earnings including overtime for all employees,Public administration,"$1,555.17", -0.7%,  0.0%,135.3
Apr 2023,Alberta,Average weekly earnings including overtime for all employees,Public administration,"$1,576.36",  1.4%, -0.2%,137.2
May 2023,Alberta,Average weekly earnings including overtime for all employees,Public administration,"$1,610.81",  2.2%,  3.7%,140.2
Jun 2023,Alberta,Average weekly earnings including overtime for all employees,Public administration,"$1,559.49", -3.2%, -0.6%,135.7
Jul 2023,Alberta,Average weekly earnings including overtime for all employees,Public administration,"$1,582.32",  1.5%,  0.5%,137.7
Aug 2023,Alberta,Average weekly earnings including overtime for all employees,Public administration,"$1,579.59", -0.2%, -0.2%,137.5
Sep 2023,Alberta,Average weekly earnings including overtime for all employees,Public administration,"$1,615.78",  2.3%,  2.4%,140.6
Oct 2023,Alberta,Average weekly earnings including overtime for all employees,Public administration,"$1,629.15",  0.8%,  3.7%,141.8
Nov 2023,Alberta,Average weekly earnings including overtime for all employees,Public administration,"$1,585.34", -2.7%, -2.8%,138.0
Dec 2023,Alberta,Average weekly earnings including overtime for all employees,Public administration,"$1,592.50",  0.5%,  1.7%,138.6
Jan 2024,Alberta,Average weekly earnings including overtime for all employees,Public administration,"$1,601.95",  0.6%,  2.7%,139.4
Feb 2024,Alberta,Average weekly earnings including overtime for all employees,Public administration,"$1,605.44",  0.2%,  2.5%,139.7
Mar 2024,Alberta,Average weekly earnings including overtime for all employees,Public administration,"$1,603.69", -0.1%,  3.1%,139.6
Apr 2024,Alberta,Average weekly earnings including overtime for all employees,Public administration,"$1,617.86",  0.9%,  2.6%,140.8
May 2024,Alberta,Average weekly earnings including overtime for all employees,Public administration,"$1,667.52",  3.1%,  3.5%,145.1
Jun 2024,Alberta,Average weekly earnings including overtime for all employees,Public administration,"$1,664.34", -0.2%,  6.7%,144.8
Jul 2024,Alberta,Average weekly earnings including overtime for all employees,Public administration,"$1,644.23", -1.2%,  3.9%,143.1
Aug 2024,Alberta,Average weekly earnings including overtime for all employees,Public administration,"$1,645.96",  0.1%,  4.2%,143.2
Sep 2024,Alberta,Average weekly earnings including overtime for all employees,Public administration,"$1,630.85", -0.9%,  0.9%,141.9
Oct 2024,Alberta,Average weekly earnings including overtime for all employees,Public administration,"$1,640.41",  0.6%,  0.7%,142.8
,,,,,,,
"Source: Statistics Canada. Table 14 10 0223 Employment and average weekly earnings (including overtime) for all employees by province and territory, monthly, seasonally adjusted",,,,,,,
