Month,Geography,Estimate,North American Industry Classification System (NAICS),Value,Monthly Change,Yearly change,Indexed value
Jan 2011,Newfoundland and Labrador,Average weekly earnings including overtime for all employees,Health care and social assistance,$  844.36,  5.1%,  4.4%,100.0
Feb 2011,Newfoundland and Labrador,Average weekly earnings including overtime for all employees,Health care and social assistance,$  862.10,  2.1%,  3.2%,102.1
Mar 2011,Newfoundland and Labrador,Average weekly earnings including overtime for all employees,Health care and social assistance,$  922.74,  7.0%,  7.9%,109.3
Apr 2011,Newfoundland and Labrador,Average weekly earnings including overtime for all employees,Health care and social assistance,$  873.89, -5.3%,  6.4%,103.5
May 2011,Newfoundland and Labrador,Average weekly earnings including overtime for all employees,Health care and social assistance,$  893.65,  2.3%,  2.5%,105.8
Jun 2011,Newfoundland and Labrador,Average weekly earnings including overtime for all employees,Health care and social assistance,$  846.13, -5.3%,  2.6%,100.2
Jul 2011,Newfoundland and Labrador,Average weekly earnings including overtime for all employees,Health care and social assistance,$  857.71,  1.4%,  7.1%,101.6
Aug 2011,Newfoundland and Labrador,Average weekly earnings including overtime for all employees,Health care and social assistance,$  845.42, -1.4%,  0.0%,100.1
Sep 2011,Newfoundland and Labrador,Average weekly earnings including overtime for all employees,Health care and social assistance,$  919.58,  8.8%,  5.6%,108.9
Oct 2011,Newfoundland and Labrador,Average weekly earnings including overtime for all employees,Health care and social assistance,$  915.90, -0.4%, 13.9%,108.5
Nov 2011,Newfoundland and Labrador,Average weekly earnings including overtime for all employees,Health care and social assistance,$  842.12, -8.1%, -2.1%, 99.7
Dec 2011,Newfoundland and Labrador,Average weekly earnings including overtime for all employees,Health care and social assistance,$  808.13, -4.0%,  0.6%, 95.7
Jan 2012,Newfoundland and Labrador,Average weekly earnings including overtime for all employees,Health care and social assistance,$  886.43,  9.7%,  5.0%,105.0
Feb 2012,Newfoundland and Labrador,Average weekly earnings including overtime for all employees,Health care and social assistance,$  858.66, -3.1%, -0.4%,101.7
Mar 2012,Newfoundland and Labrador,Average weekly earnings including overtime for all employees,Health care and social assistance,$  895.77,  4.3%, -2.9%,106.1
Apr 2012,Newfoundland and Labrador,Average weekly earnings including overtime for all employees,Health care and social assistance,$  946.80,  5.7%,  8.3%,112.1
May 2012,Newfoundland and Labrador,Average weekly earnings including overtime for all employees,Health care and social assistance,$  794.59,-16.1%,-11.1%, 94.1
Jun 2012,Newfoundland and Labrador,Average weekly earnings including overtime for all employees,Health care and social assistance,$  833.91,  4.9%, -1.4%, 98.8
Jul 2012,Newfoundland and Labrador,Average weekly earnings including overtime for all employees,Health care and social assistance,$  886.20,  6.3%,  3.3%,105.0
Aug 2012,Newfoundland and Labrador,Average weekly earnings including overtime for all employees,Health care and social assistance,$  907.31,  2.4%,  7.3%,107.5
Sep 2012,Newfoundland and Labrador,Average weekly earnings including overtime for all employees,Health care and social assistance,$  878.54, -3.2%, -4.5%,104.0
Oct 2012,Newfoundland and Labrador,Average weekly earnings including overtime for all employees,Health care and social assistance,$  847.35, -3.6%, -7.5%,100.4
Nov 2012,Newfoundland and Labrador,Average weekly earnings including overtime for all employees,Health care and social assistance,$  825.53, -2.6%, -2.0%, 97.8
Dec 2012,Newfoundland and Labrador,Average weekly earnings including overtime for all employees,Health care and social assistance,$  845.68,  2.4%,  4.6%,100.2
Jan 2013,Newfoundland and Labrador,Average weekly earnings including overtime for all employees,Health care and social assistance,$  904.56,  7.0%,  2.0%,107.1
Feb 2013,Newfoundland and Labrador,Average weekly earnings including overtime for all employees,Health care and social assistance,$  968.84,  7.1%, 12.8%,114.7
Mar 2013,Newfoundland and Labrador,Average weekly earnings including overtime for all employees,Health care and social assistance,$  847.99,-12.5%, -5.3%,100.4
Apr 2013,Newfoundland and Labrador,Average weekly earnings including overtime for all employees,Health care and social assistance,$  867.55,  2.3%, -8.4%,102.7
May 2013,Newfoundland and Labrador,Average weekly earnings including overtime for all employees,Health care and social assistance,$  798.22, -8.0%,  0.5%, 94.5
Jun 2013,Newfoundland and Labrador,Average weekly earnings including overtime for all employees,Health care and social assistance,$  889.93, 11.5%,  6.7%,105.4
Jul 2013,Newfoundland and Labrador,Average weekly earnings including overtime for all employees,Health care and social assistance,$  921.61,  3.6%,  4.0%,109.1
Aug 2013,Newfoundland and Labrador,Average weekly earnings including overtime for all employees,Health care and social assistance,$  880.69, -4.4%, -2.9%,104.3
Sep 2013,Newfoundland and Labrador,Average weekly earnings including overtime for all employees,Health care and social assistance,$  886.02,  0.6%,  0.9%,104.9
Oct 2013,Newfoundland and Labrador,Average weekly earnings including overtime for all employees,Health care and social assistance,$  856.29, -3.4%,  1.1%,101.4
Nov 2013,Newfoundland and Labrador,Average weekly earnings including overtime for all employees,Health care and social assistance,$  882.53,  3.1%,  6.9%,104.5
Dec 2013,Newfoundland and Labrador,Average weekly earnings including overtime for all employees,Health care and social assistance,$  957.23,  8.5%, 13.2%,113.4
Jan 2014,Newfoundland and Labrador,Average weekly earnings including overtime for all employees,Health care and social assistance,$  926.21, -3.2%,  2.4%,109.7
Feb 2014,Newfoundland and Labrador,Average weekly earnings including overtime for all employees,Health care and social assistance,$  910.21, -1.7%, -6.1%,107.8
Mar 2014,Newfoundland and Labrador,Average weekly earnings including overtime for all employees,Health care and social assistance,$  900.16, -1.1%,  6.2%,106.6
Apr 2014,Newfoundland and Labrador,Average weekly earnings including overtime for all employees,Health care and social assistance,$  874.48, -2.9%,  0.8%,103.6
May 2014,Newfoundland and Labrador,Average weekly earnings including overtime for all employees,Health care and social assistance,$  853.49, -2.4%,  6.9%,101.1
Jun 2014,Newfoundland and Labrador,Average weekly earnings including overtime for all employees,Health care and social assistance,$  876.27,  2.7%, -1.5%,103.8
Jul 2014,Newfoundland and Labrador,Average weekly earnings including overtime for all employees,Health care and social assistance,$  942.33,  7.5%,  2.2%,111.6
Aug 2014,Newfoundland and Labrador,Average weekly earnings including overtime for all employees,Health care and social assistance,$  841.27,-10.7%, -4.5%, 99.6
Sep 2014,Newfoundland and Labrador,Average weekly earnings including overtime for all employees,Health care and social assistance,$  878.76,  4.5%, -0.8%,104.1
Oct 2014,Newfoundland and Labrador,Average weekly earnings including overtime for all employees,Health care and social assistance,$  849.21, -3.4%, -0.8%,100.6
Nov 2014,Newfoundland and Labrador,Average weekly earnings including overtime for all employees,Health care and social assistance,$  954.99, 12.5%,  8.2%,113.1
Dec 2014,Newfoundland and Labrador,Average weekly earnings including overtime for all employees,Health care and social assistance,$  885.23, -7.3%, -7.5%,104.8
Jan 2015,Newfoundland and Labrador,Average weekly earnings including overtime for all employees,Health care and social assistance,$  883.44, -0.2%, -4.6%,104.6
Feb 2015,Newfoundland and Labrador,Average weekly earnings including overtime for all employees,Health care and social assistance,$  921.70,  4.3%,  1.3%,109.2
Mar 2015,Newfoundland and Labrador,Average weekly earnings including overtime for all employees,Health care and social assistance,$  917.74, -0.4%,  2.0%,108.7
Apr 2015,Newfoundland and Labrador,Average weekly earnings including overtime for all employees,Health care and social assistance,$  915.76, -0.2%,  4.7%,108.5
May 2015,Newfoundland and Labrador,Average weekly earnings including overtime for all employees,Health care and social assistance,$  919.31,  0.4%,  7.7%,108.9
Jun 2015,Newfoundland and Labrador,Average weekly earnings including overtime for all employees,Health care and social assistance,$  972.49,  5.8%, 11.0%,115.2
Jul 2015,Newfoundland and Labrador,Average weekly earnings including overtime for all employees,Health care and social assistance,$  893.73, -8.1%, -5.2%,105.8
Aug 2015,Newfoundland and Labrador,Average weekly earnings including overtime for all employees,Health care and social assistance,$  933.45,  4.4%, 11.0%,110.6
Sep 2015,Newfoundland and Labrador,Average weekly earnings including overtime for all employees,Health care and social assistance,$  941.23,  0.8%,  7.1%,111.5
Oct 2015,Newfoundland and Labrador,Average weekly earnings including overtime for all employees,Health care and social assistance,$  883.44, -6.1%,  4.0%,104.6
Nov 2015,Newfoundland and Labrador,Average weekly earnings including overtime for all employees,Health care and social assistance,$  951.41,  7.7%, -0.4%,112.7
Dec 2015,Newfoundland and Labrador,Average weekly earnings including overtime for all employees,Health care and social assistance,$  969.42,  1.9%,  9.5%,114.8
Jan 2016,Newfoundland and Labrador,Average weekly earnings including overtime for all employees,Health care and social assistance,$  966.39, -0.3%,  9.4%,114.5
Feb 2016,Newfoundland and Labrador,Average weekly earnings including overtime for all employees,Health care and social assistance,$  940.17, -2.7%,  2.0%,111.3
Mar 2016,Newfoundland and Labrador,Average weekly earnings including overtime for all employees,Health care and social assistance,$  883.36, -6.0%, -3.7%,104.6
Apr 2016,Newfoundland and Labrador,Average weekly earnings including overtime for all employees,Health care and social assistance,$  887.35,  0.5%, -3.1%,105.1
May 2016,Newfoundland and Labrador,Average weekly earnings including overtime for all employees,Health care and social assistance,$  928.61,  4.6%,  1.0%,110.0
Jun 2016,Newfoundland and Labrador,Average weekly earnings including overtime for all employees,Health care and social assistance,$  943.53,  1.6%, -3.0%,111.7
Jul 2016,Newfoundland and Labrador,Average weekly earnings including overtime for all employees,Health care and social assistance,$  937.65, -0.6%,  4.9%,111.0
Aug 2016,Newfoundland and Labrador,Average weekly earnings including overtime for all employees,Health care and social assistance,$  899.39, -4.1%, -3.6%,106.5
Sep 2016,Newfoundland and Labrador,Average weekly earnings including overtime for all employees,Health care and social assistance,$  876.85, -2.5%, -6.8%,103.8
Oct 2016,Newfoundland and Labrador,Average weekly earnings including overtime for all employees,Health care and social assistance,$  992.04, 13.1%, 12.3%,117.5
Nov 2016,Newfoundland and Labrador,Average weekly earnings including overtime for all employees,Health care and social assistance,$  931.07, -6.1%, -2.1%,110.3
Dec 2016,Newfoundland and Labrador,Average weekly earnings including overtime for all employees,Health care and social assistance,$  910.56, -2.2%, -6.1%,107.8
Jan 2017,Newfoundland and Labrador,Average weekly earnings including overtime for all employees,Health care and social assistance,$  971.73,  6.7%,  0.6%,115.1
Feb 2017,Newfoundland and Labrador,Average weekly earnings including overtime for all employees,Health care and social assistance,$  940.48, -3.2%,  0.0%,111.4
Mar 2017,Newfoundland and Labrador,Average weekly earnings including overtime for all employees,Health care and social assistance,$  870.25, -7.5%, -1.5%,103.1
Apr 2017,Newfoundland and Labrador,Average weekly earnings including overtime for all employees,Health care and social assistance,$  974.01, 11.9%,  9.8%,115.4
May 2017,Newfoundland and Labrador,Average weekly earnings including overtime for all employees,Health care and social assistance,$  946.53, -2.8%,  1.9%,112.1
Jun 2017,Newfoundland and Labrador,Average weekly earnings including overtime for all employees,Health care and social assistance,$  956.48,  1.1%,  1.4%,113.3
Jul 2017,Newfoundland and Labrador,Average weekly earnings including overtime for all employees,Health care and social assistance,$  957.72,  0.1%,  2.1%,113.4
Aug 2017,Newfoundland and Labrador,Average weekly earnings including overtime for all employees,Health care and social assistance,$  926.65, -3.2%,  3.0%,109.7
Sep 2017,Newfoundland and Labrador,Average weekly earnings including overtime for all employees,Health care and social assistance,$  935.30,  0.9%,  6.7%,110.8
Oct 2017,Newfoundland and Labrador,Average weekly earnings including overtime for all employees,Health care and social assistance,$  970.12,  3.7%, -2.2%,114.9
Nov 2017,Newfoundland and Labrador,Average weekly earnings including overtime for all employees,Health care and social assistance,"$1,070.16", 10.3%, 14.9%,126.7
Dec 2017,Newfoundland and Labrador,Average weekly earnings including overtime for all employees,Health care and social assistance,$  996.80, -6.9%,  9.5%,118.1
Jan 2018,Newfoundland and Labrador,Average weekly earnings including overtime for all employees,Health care and social assistance,"$1,026.18",  2.9%,  5.6%,121.5
Feb 2018,Newfoundland and Labrador,Average weekly earnings including overtime for all employees,Health care and social assistance,"$1,028.46",  0.2%,  9.4%,121.8
Mar 2018,Newfoundland and Labrador,Average weekly earnings including overtime for all employees,Health care and social assistance,$  961.10, -6.5%, 10.4%,113.8
Apr 2018,Newfoundland and Labrador,Average weekly earnings including overtime for all employees,Health care and social assistance,"$1,030.74",  7.2%,  5.8%,122.1
May 2018,Newfoundland and Labrador,Average weekly earnings including overtime for all employees,Health care and social assistance,"$1,070.39",  3.8%, 13.1%,126.8
Jun 2018,Newfoundland and Labrador,Average weekly earnings including overtime for all employees,Health care and social assistance,"$1,011.94", -5.5%,  5.8%,119.8
Jul 2018,Newfoundland and Labrador,Average weekly earnings including overtime for all employees,Health care and social assistance,$  955.18, -5.6%, -0.3%,113.1
Aug 2018,Newfoundland and Labrador,Average weekly earnings including overtime for all employees,Health care and social assistance,$  892.49, -6.6%, -3.7%,105.7
Sep 2018,Newfoundland and Labrador,Average weekly earnings including overtime for all employees,Health care and social assistance,$  979.87,  9.8%,  4.8%,116.0
Oct 2018,Newfoundland and Labrador,Average weekly earnings including overtime for all employees,Health care and social assistance,$  975.90, -0.4%,  0.6%,115.6
Nov 2018,Newfoundland and Labrador,Average weekly earnings including overtime for all employees,Health care and social assistance,$  992.20,  1.7%, -7.3%,117.5
Dec 2018,Newfoundland and Labrador,Average weekly earnings including overtime for all employees,Health care and social assistance,$  996.56,  0.4%,  0.0%,118.0
Jan 2019,Newfoundland and Labrador,Average weekly earnings including overtime for all employees,Health care and social assistance,$  957.12, -4.0%, -6.7%,113.4
Feb 2019,Newfoundland and Labrador,Average weekly earnings including overtime for all employees,Health care and social assistance,$  960.32,  0.3%, -6.6%,113.7
Mar 2019,Newfoundland and Labrador,Average weekly earnings including overtime for all employees,Health care and social assistance,$  937.03, -2.4%, -2.5%,111.0
Apr 2019,Newfoundland and Labrador,Average weekly earnings including overtime for all employees,Health care and social assistance,$  962.19,  2.7%, -6.7%,114.0
May 2019,Newfoundland and Labrador,Average weekly earnings including overtime for all employees,Health care and social assistance,$  983.24,  2.2%, -8.1%,116.4
Jun 2019,Newfoundland and Labrador,Average weekly earnings including overtime for all employees,Health care and social assistance,"$1,019.49",  3.7%,  0.7%,120.7
Jul 2019,Newfoundland and Labrador,Average weekly earnings including overtime for all employees,Health care and social assistance,$  957.37, -6.1%,  0.2%,113.4
Aug 2019,Newfoundland and Labrador,Average weekly earnings including overtime for all employees,Health care and social assistance,$  932.68, -2.6%,  4.5%,110.5
Sep 2019,Newfoundland and Labrador,Average weekly earnings including overtime for all employees,Health care and social assistance,$  974.37,  4.5%, -0.6%,115.4
Oct 2019,Newfoundland and Labrador,Average weekly earnings including overtime for all employees,Health care and social assistance,"$1,026.68",  5.4%,  5.2%,121.6
Nov 2019,Newfoundland and Labrador,Average weekly earnings including overtime for all employees,Health care and social assistance,$  963.25, -6.2%, -2.9%,114.1
Dec 2019,Newfoundland and Labrador,Average weekly earnings including overtime for all employees,Health care and social assistance,"$1,045.46",  8.5%,  4.9%,123.8
Jan 2020,Newfoundland and Labrador,Average weekly earnings including overtime for all employees,Health care and social assistance,$  943.67, -9.7%, -1.4%,111.8
Feb 2020,Newfoundland and Labrador,Average weekly earnings including overtime for all employees,Health care and social assistance,$  999.69,  5.9%,  4.1%,118.4
Mar 2020,Newfoundland and Labrador,Average weekly earnings including overtime for all employees,Health care and social assistance,"$1,063.53",  6.4%, 13.5%,126.0
Apr 2020,Newfoundland and Labrador,Average weekly earnings including overtime for all employees,Health care and social assistance,"$1,083.11",  1.8%, 12.6%,128.3
May 2020,Newfoundland and Labrador,Average weekly earnings including overtime for all employees,Health care and social assistance,$  995.58, -8.1%,  1.3%,117.9
Jun 2020,Newfoundland and Labrador,Average weekly earnings including overtime for all employees,Health care and social assistance,$  997.07,  0.1%, -2.2%,118.1
Jul 2020,Newfoundland and Labrador,Average weekly earnings including overtime for all employees,Health care and social assistance,$  962.54, -3.5%,  0.5%,114.0
Aug 2020,Newfoundland and Labrador,Average weekly earnings including overtime for all employees,Health care and social assistance,$  985.41,  2.4%,  5.7%,116.7
Sep 2020,Newfoundland and Labrador,Average weekly earnings including overtime for all employees,Health care and social assistance,"$1,011.50",  2.6%,  3.8%,119.8
Oct 2020,Newfoundland and Labrador,Average weekly earnings including overtime for all employees,Health care and social assistance,"$1,006.51", -0.5%, -2.0%,119.2
Nov 2020,Newfoundland and Labrador,Average weekly earnings including overtime for all employees,Health care and social assistance,"$1,002.87", -0.4%,  4.1%,118.8
Dec 2020,Newfoundland and Labrador,Average weekly earnings including overtime for all employees,Health care and social assistance,$  986.19, -1.7%, -5.7%,116.8
Jan 2021,Newfoundland and Labrador,Average weekly earnings including overtime for all employees,Health care and social assistance,$  978.40, -0.8%,  3.7%,115.9
Feb 2021,Newfoundland and Labrador,Average weekly earnings including overtime for all employees,Health care and social assistance,$  988.20,  1.0%, -1.1%,117.0
Mar 2021,Newfoundland and Labrador,Average weekly earnings including overtime for all employees,Health care and social assistance,$  976.20, -1.2%, -8.2%,115.6
Apr 2021,Newfoundland and Labrador,Average weekly earnings including overtime for all employees,Health care and social assistance,$  989.92,  1.4%, -8.6%,117.2
May 2021,Newfoundland and Labrador,Average weekly earnings including overtime for all employees,Health care and social assistance,$  961.19, -2.9%, -3.5%,113.8
Jun 2021,Newfoundland and Labrador,Average weekly earnings including overtime for all employees,Health care and social assistance,$  940.52, -2.2%, -5.7%,111.4
Jul 2021,Newfoundland and Labrador,Average weekly earnings including overtime for all employees,Health care and social assistance,$  967.39,  2.9%,  0.5%,114.6
Aug 2021,Newfoundland and Labrador,Average weekly earnings including overtime for all employees,Health care and social assistance,$  993.49,  2.7%,  0.8%,117.7
Sep 2021,Newfoundland and Labrador,Average weekly earnings including overtime for all employees,Health care and social assistance,"$1,008.00",  1.5%, -0.3%,119.4
Oct 2021,Newfoundland and Labrador,Average weekly earnings including overtime for all employees,Health care and social assistance,$  975.56, -3.2%, -3.1%,115.5
Nov 2021,Newfoundland and Labrador,Average weekly earnings including overtime for all employees,Health care and social assistance,"$1,022.93",  4.9%,  2.0%,121.1
Dec 2021,Newfoundland and Labrador,Average weekly earnings including overtime for all employees,Health care and social assistance,"$1,000.83", -2.2%,  1.5%,118.5
Jan 2022,Newfoundland and Labrador,Average weekly earnings including overtime for all employees,Health care and social assistance,"$1,027.75",  2.7%,  5.0%,121.7
Feb 2022,Newfoundland and Labrador,Average weekly earnings including overtime for all employees,Health care and social assistance,"$1,031.39",  0.4%,  4.4%,122.2
Mar 2022,Newfoundland and Labrador,Average weekly earnings including overtime for all employees,Health care and social assistance,"$1,040.09",  0.8%,  6.5%,123.2
Apr 2022,Newfoundland and Labrador,Average weekly earnings including overtime for all employees,Health care and social assistance,"$1,001.00", -3.8%,  1.1%,118.6
May 2022,Newfoundland and Labrador,Average weekly earnings including overtime for all employees,Health care and social assistance,"$1,023.97",  2.3%,  6.5%,121.3
Jun 2022,Newfoundland and Labrador,Average weekly earnings including overtime for all employees,Health care and social assistance,"$1,001.00", -2.2%,  6.4%,118.6
Jul 2022,Newfoundland and Labrador,Average weekly earnings including overtime for all employees,Health care and social assistance,"$1,030.49",  2.9%,  6.5%,122.0
Aug 2022,Newfoundland and Labrador,Average weekly earnings including overtime for all employees,Health care and social assistance,"$1,014.06", -1.6%,  2.1%,120.1
Sep 2022,Newfoundland and Labrador,Average weekly earnings including overtime for all employees,Health care and social assistance,"$1,033.60",  1.9%,  2.5%,122.4
Oct 2022,Newfoundland and Labrador,Average weekly earnings including overtime for all employees,Health care and social assistance,"$1,047.17",  1.3%,  7.3%,124.0
Nov 2022,Newfoundland and Labrador,Average weekly earnings including overtime for all employees,Health care and social assistance,"$1,067.79",  2.0%,  4.4%,126.5
Dec 2022,Newfoundland and Labrador,Average weekly earnings including overtime for all employees,Health care and social assistance,$  994.55, -6.9%, -0.6%,117.8
Jan 2023,Newfoundland and Labrador,Average weekly earnings including overtime for all employees,Health care and social assistance,"$1,058.38",  6.4%,  3.0%,125.3
Feb 2023,Newfoundland and Labrador,Average weekly earnings including overtime for all employees,Health care and social assistance,"$1,013.96", -4.2%, -1.7%,120.1
Mar 2023,Newfoundland and Labrador,Average weekly earnings including overtime for all employees,Health care and social assistance,"$1,035.76",  2.1%, -0.4%,122.7
Apr 2023,Newfoundland and Labrador,Average weekly earnings including overtime for all employees,Health care and social assistance,$  992.61, -4.2%, -0.8%,117.6
May 2023,Newfoundland and Labrador,Average weekly earnings including overtime for all employees,Health care and social assistance,"$1,024.23",  3.2%,  0.0%,121.3
Jun 2023,Newfoundland and Labrador,Average weekly earnings including overtime for all employees,Health care and social assistance,"$1,035.67",  1.1%,  3.5%,122.7
Jul 2023,Newfoundland and Labrador,Average weekly earnings including overtime for all employees,Health care and social assistance,"$1,060.24",  2.4%,  2.9%,125.6
Aug 2023,Newfoundland and Labrador,Average weekly earnings including overtime for all employees,Health care and social assistance,"$1,075.11",  1.4%,  6.0%,127.3
Sep 2023,Newfoundland and Labrador,Average weekly earnings including overtime for all employees,Health care and social assistance,"$1,074.41", -0.1%,  3.9%,127.2
Oct 2023,Newfoundland and Labrador,Average weekly earnings including overtime for all employees,Health care and social assistance,"$1,078.84",  0.4%,  3.0%,127.8
Nov 2023,Newfoundland and Labrador,Average weekly earnings including overtime for all employees,Health care and social assistance,"$1,062.05", -1.6%, -0.5%,125.8
Dec 2023,Newfoundland and Labrador,Average weekly earnings including overtime for all employees,Health care and social assistance,"$1,085.96",  2.3%,  9.2%,128.6
Jan 2024,Newfoundland and Labrador,Average weekly earnings including overtime for all employees,Health care and social assistance,"$1,098.09",  1.1%,  3.8%,130.0
Feb 2024,Newfoundland and Labrador,Average weekly earnings including overtime for all employees,Health care and social assistance,"$1,064.22", -3.1%,  5.0%,126.0
Mar 2024,Newfoundland and Labrador,Average weekly earnings including overtime for all employees,Health care and social assistance,"$1,034.27", -2.8%, -0.1%,122.5
Apr 2024,Newfoundland and Labrador,Average weekly earnings including overtime for all employees,Health care and social assistance,"$1,097.76",  6.1%, 10.6%,130.0
May 2024,Newfoundland and Labrador,Average weekly earnings including overtime for all employees,Health care and social assistance,"$1,096.04", -0.2%,  7.0%,129.8
Jun 2024,Newfoundland and Labrador,Average weekly earnings including overtime for all employees,Health care and social assistance,"$1,142.49",  4.2%, 10.3%,135.3
Jul 2024,Newfoundland and Labrador,Average weekly earnings including overtime for all employees,Health care and social assistance,"$1,141.12", -0.1%,  7.6%,135.1
Aug 2024,Newfoundland and Labrador,Average weekly earnings including overtime for all employees,Health care and social assistance,"$1,102.41", -3.4%,  2.5%,130.6
Sep 2024,Newfoundland and Labrador,Average weekly earnings including overtime for all employees,Health care and social assistance,"$1,112.26",  0.9%,  3.5%,131.7
Oct 2024,Newfoundland and Labrador,Average weekly earnings including overtime for all employees,Health care and social assistance,"$1,129.26",  1.5%,  4.7%,133.7
Jan 2011,Newfoundland and Labrador,Average weekly earnings including overtime for all employees,"Arts, entertainment and recreation",$  449.45, -2.8%, -9.1%,100.0
Feb 2011,Newfoundland and Labrador,Average weekly earnings including overtime for all employees,"Arts, entertainment and recreation",$  442.42, -1.6%,-18.5%, 98.4
Mar 2011,Newfoundland and Labrador,Average weekly earnings including overtime for all employees,"Arts, entertainment and recreation",$  468.05,  5.8%, -3.7%,104.1
Apr 2011,Newfoundland and Labrador,Average weekly earnings including overtime for all employees,"Arts, entertainment and recreation",$  459.16, -1.9%, -6.4%,102.2
May 2011,Newfoundland and Labrador,Average weekly earnings including overtime for all employees,"Arts, entertainment and recreation",$  507.01, 10.4%,  2.3%,112.8
Jun 2011,Newfoundland and Labrador,Average weekly earnings including overtime for all employees,"Arts, entertainment and recreation",$  475.95, -6.1%, -5.7%,105.9
Jul 2011,Newfoundland and Labrador,Average weekly earnings including overtime for all employees,"Arts, entertainment and recreation",$  489.97,  2.9%, -8.0%,109.0
Aug 2011,Newfoundland and Labrador,Average weekly earnings including overtime for all employees,"Arts, entertainment and recreation",$  466.17, -4.9%, -9.7%,103.7
Sep 2011,Newfoundland and Labrador,Average weekly earnings including overtime for all employees,"Arts, entertainment and recreation",$  540.74, 16.0%, 11.4%,120.3
Oct 2011,Newfoundland and Labrador,Average weekly earnings including overtime for all employees,"Arts, entertainment and recreation",$  507.83, -6.1%, -1.4%,113.0
Nov 2011,Newfoundland and Labrador,Average weekly earnings including overtime for all employees,"Arts, entertainment and recreation",$  479.93, -5.5%,  0.3%,106.8
Dec 2011,Newfoundland and Labrador,Average weekly earnings including overtime for all employees,"Arts, entertainment and recreation",$  524.07,  9.2%, 13.4%,116.6
Jan 2012,Newfoundland and Labrador,Average weekly earnings including overtime for all employees,"Arts, entertainment and recreation",$  513.63, -2.0%, 14.3%,114.3
Feb 2012,Newfoundland and Labrador,Average weekly earnings including overtime for all employees,"Arts, entertainment and recreation",$  474.20, -7.7%,  7.2%,105.5
Mar 2012,Newfoundland and Labrador,Average weekly earnings including overtime for all employees,"Arts, entertainment and recreation",$  503.07,  6.1%,  7.5%,111.9
Apr 2012,Newfoundland and Labrador,Average weekly earnings including overtime for all employees,"Arts, entertainment and recreation",$  490.42, -2.5%,  6.8%,109.1
May 2012,Newfoundland and Labrador,Average weekly earnings including overtime for all employees,"Arts, entertainment and recreation",$  523.57,  6.8%,  3.3%,116.5
Jun 2012,Newfoundland and Labrador,Average weekly earnings including overtime for all employees,"Arts, entertainment and recreation",$  512.34, -2.1%,  7.6%,114.0
Jul 2012,Newfoundland and Labrador,Average weekly earnings including overtime for all employees,"Arts, entertainment and recreation",$  522.84,  2.0%,  6.7%,116.3
Aug 2012,Newfoundland and Labrador,Average weekly earnings including overtime for all employees,"Arts, entertainment and recreation",$  502.97, -3.8%,  7.9%,111.9
Sep 2012,Newfoundland and Labrador,Average weekly earnings including overtime for all employees,"Arts, entertainment and recreation",$  490.18, -2.5%, -9.4%,109.1
Oct 2012,Newfoundland and Labrador,Average weekly earnings including overtime for all employees,"Arts, entertainment and recreation",$  478.21, -2.4%, -5.8%,106.4
Nov 2012,Newfoundland and Labrador,Average weekly earnings including overtime for all employees,"Arts, entertainment and recreation",$  511.10,  6.9%,  6.5%,113.7
Dec 2012,Newfoundland and Labrador,Average weekly earnings including overtime for all employees,"Arts, entertainment and recreation",$  470.70, -7.9%,-10.2%,104.7
Jan 2013,Newfoundland and Labrador,Average weekly earnings including overtime for all employees,"Arts, entertainment and recreation",$  469.86, -0.2%, -8.5%,104.5
Feb 2013,Newfoundland and Labrador,Average weekly earnings including overtime for all employees,"Arts, entertainment and recreation",$  485.17,  3.3%,  2.3%,107.9
Mar 2013,Newfoundland and Labrador,Average weekly earnings including overtime for all employees,"Arts, entertainment and recreation",$  462.55, -4.7%, -8.1%,102.9
Apr 2013,Newfoundland and Labrador,Average weekly earnings including overtime for all employees,"Arts, entertainment and recreation",$  511.13, 10.5%,  4.2%,113.7
May 2013,Newfoundland and Labrador,Average weekly earnings including overtime for all employees,"Arts, entertainment and recreation",$  443.27,-13.3%,-15.3%, 98.6
Jun 2013,Newfoundland and Labrador,Average weekly earnings including overtime for all employees,"Arts, entertainment and recreation",$  442.10, -0.3%,-13.7%, 98.4
Jul 2013,Newfoundland and Labrador,Average weekly earnings including overtime for all employees,"Arts, entertainment and recreation",$  439.72, -0.5%,-15.9%, 97.8
Aug 2013,Newfoundland and Labrador,Average weekly earnings including overtime for all employees,"Arts, entertainment and recreation",$  445.76,  1.4%,-11.4%, 99.2
Sep 2013,Newfoundland and Labrador,Average weekly earnings including overtime for all employees,"Arts, entertainment and recreation",$  469.76,  5.4%, -4.2%,104.5
Oct 2013,Newfoundland and Labrador,Average weekly earnings including overtime for all employees,"Arts, entertainment and recreation",$  481.78,  2.6%,  0.7%,107.2
Nov 2013,Newfoundland and Labrador,Average weekly earnings including overtime for all employees,"Arts, entertainment and recreation",$  463.44, -3.8%, -9.3%,103.1
Dec 2013,Newfoundland and Labrador,Average weekly earnings including overtime for all employees,"Arts, entertainment and recreation",$  466.65,  0.7%, -0.9%,103.8
Jan 2014,Newfoundland and Labrador,Average weekly earnings including overtime for all employees,"Arts, entertainment and recreation",$  425.89, -8.7%, -9.4%, 94.8
Feb 2014,Newfoundland and Labrador,Average weekly earnings including overtime for all employees,"Arts, entertainment and recreation",$  457.69,  7.5%, -5.7%,101.8
Mar 2014,Newfoundland and Labrador,Average weekly earnings including overtime for all employees,"Arts, entertainment and recreation",$  464.97,  1.6%,  0.5%,103.5
Apr 2014,Newfoundland and Labrador,Average weekly earnings including overtime for all employees,"Arts, entertainment and recreation",$  441.32, -5.1%,-13.7%, 98.2
May 2014,Newfoundland and Labrador,Average weekly earnings including overtime for all employees,"Arts, entertainment and recreation",$  513.62, 16.4%, 15.9%,114.3
Jun 2014,Newfoundland and Labrador,Average weekly earnings including overtime for all employees,"Arts, entertainment and recreation",$  496.71, -3.3%, 12.4%,110.5
Jul 2014,Newfoundland and Labrador,Average weekly earnings including overtime for all employees,"Arts, entertainment and recreation",$  503.58,  1.4%, 14.5%,112.0
Aug 2014,Newfoundland and Labrador,Average weekly earnings including overtime for all employees,"Arts, entertainment and recreation",$  519.39,  3.1%, 16.5%,115.6
Sep 2014,Newfoundland and Labrador,Average weekly earnings including overtime for all employees,"Arts, entertainment and recreation",$  466.99,-10.1%, -0.6%,103.9
Oct 2014,Newfoundland and Labrador,Average weekly earnings including overtime for all employees,"Arts, entertainment and recreation",$  494.15,  5.8%,  2.6%,109.9
Nov 2014,Newfoundland and Labrador,Average weekly earnings including overtime for all employees,"Arts, entertainment and recreation",$  487.46, -1.4%,  5.2%,108.5
Dec 2014,Newfoundland and Labrador,Average weekly earnings including overtime for all employees,"Arts, entertainment and recreation",$  519.51,  6.6%, 11.3%,115.6
Jan 2015,Newfoundland and Labrador,Average weekly earnings including overtime for all employees,"Arts, entertainment and recreation",$  507.73, -2.3%, 19.2%,113.0
Feb 2015,Newfoundland and Labrador,Average weekly earnings including overtime for all employees,"Arts, entertainment and recreation",$  557.43,  9.8%, 21.8%,124.0
Mar 2015,Newfoundland and Labrador,Average weekly earnings including overtime for all employees,"Arts, entertainment and recreation",$  540.22, -3.1%, 16.2%,120.2
Apr 2015,Newfoundland and Labrador,Average weekly earnings including overtime for all employees,"Arts, entertainment and recreation",$  521.37, -3.5%, 18.1%,116.0
May 2015,Newfoundland and Labrador,Average weekly earnings including overtime for all employees,"Arts, entertainment and recreation",$  439.69,-15.7%,-14.4%, 97.8
Jun 2015,Newfoundland and Labrador,Average weekly earnings including overtime for all employees,"Arts, entertainment and recreation",$  501.48, 14.1%,  1.0%,111.6
Jul 2015,Newfoundland and Labrador,Average weekly earnings including overtime for all employees,"Arts, entertainment and recreation",..,..,..,..
Aug 2015,Newfoundland and Labrador,Average weekly earnings including overtime for all employees,"Arts, entertainment and recreation",$  475.46,.., -8.5%,105.8
Sep 2015,Newfoundland and Labrador,Average weekly earnings including overtime for all employees,"Arts, entertainment and recreation",$  502.22,  5.6%,  7.5%,111.7
Oct 2015,Newfoundland and Labrador,Average weekly earnings including overtime for all employees,"Arts, entertainment and recreation",$  459.59, -8.5%, -7.0%,102.3
Nov 2015,Newfoundland and Labrador,Average weekly earnings including overtime for all employees,"Arts, entertainment and recreation",$  475.73,  3.5%, -2.4%,105.8
Dec 2015,Newfoundland and Labrador,Average weekly earnings including overtime for all employees,"Arts, entertainment and recreation",$  430.13, -9.6%,-17.2%, 95.7
Jan 2016,Newfoundland and Labrador,Average weekly earnings including overtime for all employees,"Arts, entertainment and recreation",$  496.08, 15.3%, -2.3%,110.4
Feb 2016,Newfoundland and Labrador,Average weekly earnings including overtime for all employees,"Arts, entertainment and recreation",$  430.88,-13.1%,-22.7%, 95.9
Mar 2016,Newfoundland and Labrador,Average weekly earnings including overtime for all employees,"Arts, entertainment and recreation",$  439.25,  1.9%,-18.7%, 97.7
Apr 2016,Newfoundland and Labrador,Average weekly earnings including overtime for all employees,"Arts, entertainment and recreation",$  459.70,  4.7%,-11.8%,102.3
May 2016,Newfoundland and Labrador,Average weekly earnings including overtime for all employees,"Arts, entertainment and recreation",$  471.12,  2.5%,  7.1%,104.8
Jun 2016,Newfoundland and Labrador,Average weekly earnings including overtime for all employees,"Arts, entertainment and recreation",$  444.91, -5.6%,-11.3%, 99.0
Jul 2016,Newfoundland and Labrador,Average weekly earnings including overtime for all employees,"Arts, entertainment and recreation",$  488.67,  9.8%,..,108.7
Aug 2016,Newfoundland and Labrador,Average weekly earnings including overtime for all employees,"Arts, entertainment and recreation",$  463.06, -5.2%, -2.6%,103.0
Sep 2016,Newfoundland and Labrador,Average weekly earnings including overtime for all employees,"Arts, entertainment and recreation",$  484.71,  4.7%, -3.5%,107.8
Oct 2016,Newfoundland and Labrador,Average weekly earnings including overtime for all employees,"Arts, entertainment and recreation",$  488.29,  0.7%,  6.2%,108.6
Nov 2016,Newfoundland and Labrador,Average weekly earnings including overtime for all employees,"Arts, entertainment and recreation",$  456.08, -6.6%, -4.1%,101.5
Dec 2016,Newfoundland and Labrador,Average weekly earnings including overtime for all employees,"Arts, entertainment and recreation",$  502.86, 10.3%, 16.9%,111.9
Jan 2017,Newfoundland and Labrador,Average weekly earnings including overtime for all employees,"Arts, entertainment and recreation",$  489.22, -2.7%, -1.4%,108.8
Feb 2017,Newfoundland and Labrador,Average weekly earnings including overtime for all employees,"Arts, entertainment and recreation",$  477.93, -2.3%, 10.9%,106.3
Mar 2017,Newfoundland and Labrador,Average weekly earnings including overtime for all employees,"Arts, entertainment and recreation",$  489.05,  2.3%, 11.3%,108.8
Apr 2017,Newfoundland and Labrador,Average weekly earnings including overtime for all employees,"Arts, entertainment and recreation",$  498.73,  2.0%,  8.5%,111.0
May 2017,Newfoundland and Labrador,Average weekly earnings including overtime for all employees,"Arts, entertainment and recreation",$  481.46, -3.5%,  2.2%,107.1
Jun 2017,Newfoundland and Labrador,Average weekly earnings including overtime for all employees,"Arts, entertainment and recreation",$  505.87,  5.1%, 13.7%,112.6
Jul 2017,Newfoundland and Labrador,Average weekly earnings including overtime for all employees,"Arts, entertainment and recreation",$  513.19,  1.4%,  5.0%,114.2
Aug 2017,Newfoundland and Labrador,Average weekly earnings including overtime for all employees,"Arts, entertainment and recreation",$  488.39, -4.8%,  5.5%,108.7
Sep 2017,Newfoundland and Labrador,Average weekly earnings including overtime for all employees,"Arts, entertainment and recreation",$  471.44, -3.5%, -2.7%,104.9
Oct 2017,Newfoundland and Labrador,Average weekly earnings including overtime for all employees,"Arts, entertainment and recreation",$  477.93,  1.4%, -2.1%,106.3
Nov 2017,Newfoundland and Labrador,Average weekly earnings including overtime for all employees,"Arts, entertainment and recreation",$  494.33,  3.4%,  8.4%,110.0
Dec 2017,Newfoundland and Labrador,Average weekly earnings including overtime for all employees,"Arts, entertainment and recreation",$  487.33, -1.4%, -3.1%,108.4
Jan 2018,Newfoundland and Labrador,Average weekly earnings including overtime for all employees,"Arts, entertainment and recreation",$  449.20, -7.8%, -8.2%, 99.9
Feb 2018,Newfoundland and Labrador,Average weekly earnings including overtime for all employees,"Arts, entertainment and recreation",$  476.91,  6.2%, -0.2%,106.1
Mar 2018,Newfoundland and Labrador,Average weekly earnings including overtime for all employees,"Arts, entertainment and recreation",$  463.91, -2.7%, -5.1%,103.2
Apr 2018,Newfoundland and Labrador,Average weekly earnings including overtime for all employees,"Arts, entertainment and recreation",$  449.98, -3.0%, -9.8%,100.1
May 2018,Newfoundland and Labrador,Average weekly earnings including overtime for all employees,"Arts, entertainment and recreation",$  463.04,  2.9%, -3.8%,103.0
Jun 2018,Newfoundland and Labrador,Average weekly earnings including overtime for all employees,"Arts, entertainment and recreation",$  475.29,  2.6%, -6.0%,105.7
Jul 2018,Newfoundland and Labrador,Average weekly earnings including overtime for all employees,"Arts, entertainment and recreation",$  499.38,  5.1%, -2.7%,111.1
Aug 2018,Newfoundland and Labrador,Average weekly earnings including overtime for all employees,"Arts, entertainment and recreation",$  512.55,  2.6%,  4.9%,114.0
Sep 2018,Newfoundland and Labrador,Average weekly earnings including overtime for all employees,"Arts, entertainment and recreation",$  461.63, -9.9%, -2.1%,102.7
Oct 2018,Newfoundland and Labrador,Average weekly earnings including overtime for all employees,"Arts, entertainment and recreation",$  466.26,  1.0%, -2.4%,103.7
Nov 2018,Newfoundland and Labrador,Average weekly earnings including overtime for all employees,"Arts, entertainment and recreation",$  512.71, 10.0%,  3.7%,114.1
Dec 2018,Newfoundland and Labrador,Average weekly earnings including overtime for all employees,"Arts, entertainment and recreation",$  473.24, -7.7%, -2.9%,105.3
Jan 2019,Newfoundland and Labrador,Average weekly earnings including overtime for all employees,"Arts, entertainment and recreation",$  505.19,  6.8%, 12.5%,112.4
Feb 2019,Newfoundland and Labrador,Average weekly earnings including overtime for all employees,"Arts, entertainment and recreation",$  472.93, -6.4%, -0.8%,105.2
Mar 2019,Newfoundland and Labrador,Average weekly earnings including overtime for all employees,"Arts, entertainment and recreation",$  485.67,  2.7%,  4.7%,108.1
Apr 2019,Newfoundland and Labrador,Average weekly earnings including overtime for all employees,"Arts, entertainment and recreation",$  436.80,-10.1%, -2.9%, 97.2
May 2019,Newfoundland and Labrador,Average weekly earnings including overtime for all employees,"Arts, entertainment and recreation",$  483.01, 10.6%,  4.3%,107.5
Jun 2019,Newfoundland and Labrador,Average weekly earnings including overtime for all employees,"Arts, entertainment and recreation",$  485.09,  0.4%,  2.1%,107.9
Jul 2019,Newfoundland and Labrador,Average weekly earnings including overtime for all employees,"Arts, entertainment and recreation",$  475.36, -2.0%, -4.8%,105.8
Aug 2019,Newfoundland and Labrador,Average weekly earnings including overtime for all employees,"Arts, entertainment and recreation",$  489.43,  3.0%, -4.5%,108.9
Sep 2019,Newfoundland and Labrador,Average weekly earnings including overtime for all employees,"Arts, entertainment and recreation",$  490.13,  0.1%,  6.2%,109.1
Oct 2019,Newfoundland and Labrador,Average weekly earnings including overtime for all employees,"Arts, entertainment and recreation",$  499.63,  1.9%,  7.2%,111.2
Nov 2019,Newfoundland and Labrador,Average weekly earnings including overtime for all employees,"Arts, entertainment and recreation",$  486.19, -2.7%, -5.2%,108.2
Dec 2019,Newfoundland and Labrador,Average weekly earnings including overtime for all employees,"Arts, entertainment and recreation",$  516.37,  6.2%,  9.1%,114.9
Jan 2020,Newfoundland and Labrador,Average weekly earnings including overtime for all employees,"Arts, entertainment and recreation",..,..,..,..
Feb 2020,Newfoundland and Labrador,Average weekly earnings including overtime for all employees,"Arts, entertainment and recreation",..,..,..,..
Mar 2020,Newfoundland and Labrador,Average weekly earnings including overtime for all employees,"Arts, entertainment and recreation",$  520.04,..,  7.1%,115.7
Apr 2020,Newfoundland and Labrador,Average weekly earnings including overtime for all employees,"Arts, entertainment and recreation",$  634.23, 22.0%, 45.2%,141.1
May 2020,Newfoundland and Labrador,Average weekly earnings including overtime for all employees,"Arts, entertainment and recreation",$  781.65, 23.2%, 61.8%,173.9
Jun 2020,Newfoundland and Labrador,Average weekly earnings including overtime for all employees,"Arts, entertainment and recreation",..,..,..,..
Jul 2020,Newfoundland and Labrador,Average weekly earnings including overtime for all employees,"Arts, entertainment and recreation",$  601.38,.., 26.5%,133.8
Aug 2020,Newfoundland and Labrador,Average weekly earnings including overtime for all employees,"Arts, entertainment and recreation",$  590.07, -1.9%, 20.6%,131.3
Sep 2020,Newfoundland and Labrador,Average weekly earnings including overtime for all employees,"Arts, entertainment and recreation",$  616.82,  4.5%, 25.8%,137.2
Oct 2020,Newfoundland and Labrador,Average weekly earnings including overtime for all employees,"Arts, entertainment and recreation",$  616.33, -0.1%, 23.4%,137.1
Nov 2020,Newfoundland and Labrador,Average weekly earnings including overtime for all employees,"Arts, entertainment and recreation",$  622.78,  1.0%, 28.1%,138.6
Dec 2020,Newfoundland and Labrador,Average weekly earnings including overtime for all employees,"Arts, entertainment and recreation",$  580.32, -6.8%, 12.4%,129.1
Jan 2021,Newfoundland and Labrador,Average weekly earnings including overtime for all employees,"Arts, entertainment and recreation",$  577.38, -0.5%,..,128.5
Feb 2021,Newfoundland and Labrador,Average weekly earnings including overtime for all employees,"Arts, entertainment and recreation",$  617.30,  6.9%,..,137.3
Mar 2021,Newfoundland and Labrador,Average weekly earnings including overtime for all employees,"Arts, entertainment and recreation",$  658.08,  6.6%, 26.5%,146.4
Apr 2021,Newfoundland and Labrador,Average weekly earnings including overtime for all employees,"Arts, entertainment and recreation",$  664.44,  1.0%,  4.8%,147.8
May 2021,Newfoundland and Labrador,Average weekly earnings including overtime for all employees,"Arts, entertainment and recreation",$  672.69,  1.2%,-13.9%,149.7
Jun 2021,Newfoundland and Labrador,Average weekly earnings including overtime for all employees,"Arts, entertainment and recreation",$  640.14, -4.8%,..,142.4
Jul 2021,Newfoundland and Labrador,Average weekly earnings including overtime for all employees,"Arts, entertainment and recreation",$  597.56, -6.7%, -0.6%,133.0
Aug 2021,Newfoundland and Labrador,Average weekly earnings including overtime for all employees,"Arts, entertainment and recreation",$  586.09, -1.9%, -0.7%,130.4
Sep 2021,Newfoundland and Labrador,Average weekly earnings including overtime for all employees,"Arts, entertainment and recreation",$  617.31,  5.3%,  0.1%,137.3
Oct 2021,Newfoundland and Labrador,Average weekly earnings including overtime for all employees,"Arts, entertainment and recreation",$  601.69, -2.5%, -2.4%,133.9
Nov 2021,Newfoundland and Labrador,Average weekly earnings including overtime for all employees,"Arts, entertainment and recreation",$  584.94, -2.8%, -6.1%,130.1
Dec 2021,Newfoundland and Labrador,Average weekly earnings including overtime for all employees,"Arts, entertainment and recreation",$  587.41,  0.4%,  1.2%,130.7
Jan 2022,Newfoundland and Labrador,Average weekly earnings including overtime for all employees,"Arts, entertainment and recreation",$  577.16, -1.7%,  0.0%,128.4
Feb 2022,Newfoundland and Labrador,Average weekly earnings including overtime for all employees,"Arts, entertainment and recreation",$  576.08, -0.2%, -6.7%,128.2
Mar 2022,Newfoundland and Labrador,Average weekly earnings including overtime for all employees,"Arts, entertainment and recreation",$  530.24, -8.0%,-19.4%,118.0
Apr 2022,Newfoundland and Labrador,Average weekly earnings including overtime for all employees,"Arts, entertainment and recreation",$  578.11,  9.0%,-13.0%,128.6
May 2022,Newfoundland and Labrador,Average weekly earnings including overtime for all employees,"Arts, entertainment and recreation",$  555.03, -4.0%,-17.5%,123.5
Jun 2022,Newfoundland and Labrador,Average weekly earnings including overtime for all employees,"Arts, entertainment and recreation",$  549.81, -0.9%,-14.1%,122.3
Jul 2022,Newfoundland and Labrador,Average weekly earnings including overtime for all employees,"Arts, entertainment and recreation",$  572.62,  4.1%, -4.2%,127.4
Aug 2022,Newfoundland and Labrador,Average weekly earnings including overtime for all employees,"Arts, entertainment and recreation",$  582.47,  1.7%, -0.6%,129.6
Sep 2022,Newfoundland and Labrador,Average weekly earnings including overtime for all employees,"Arts, entertainment and recreation",$  594.62,  2.1%, -3.7%,132.3
Oct 2022,Newfoundland and Labrador,Average weekly earnings including overtime for all employees,"Arts, entertainment and recreation",$  612.21,  3.0%,  1.7%,136.2
Nov 2022,Newfoundland and Labrador,Average weekly earnings including overtime for all employees,"Arts, entertainment and recreation",$  589.06, -3.8%,  0.7%,131.1
Dec 2022,Newfoundland and Labrador,Average weekly earnings including overtime for all employees,"Arts, entertainment and recreation",$  601.79,  2.2%,  2.4%,133.9
Jan 2023,Newfoundland and Labrador,Average weekly earnings including overtime for all employees,"Arts, entertainment and recreation",$  598.84, -0.5%,  3.8%,133.2
Feb 2023,Newfoundland and Labrador,Average weekly earnings including overtime for all employees,"Arts, entertainment and recreation",$  599.80,  0.2%,  4.1%,133.5
Mar 2023,Newfoundland and Labrador,Average weekly earnings including overtime for all employees,"Arts, entertainment and recreation",$  599.67,  0.0%, 13.1%,133.4
Apr 2023,Newfoundland and Labrador,Average weekly earnings including overtime for all employees,"Arts, entertainment and recreation",$  593.27, -1.1%,  2.6%,132.0
May 2023,Newfoundland and Labrador,Average weekly earnings including overtime for all employees,"Arts, entertainment and recreation",$  596.03,  0.5%,  7.4%,132.6
Jun 2023,Newfoundland and Labrador,Average weekly earnings including overtime for all employees,"Arts, entertainment and recreation",$  582.55, -2.3%,  6.0%,129.6
Jul 2023,Newfoundland and Labrador,Average weekly earnings including overtime for all employees,"Arts, entertainment and recreation",$  636.66,  9.3%, 11.2%,141.7
Aug 2023,Newfoundland and Labrador,Average weekly earnings including overtime for all employees,"Arts, entertainment and recreation",$  627.25, -1.5%,  7.7%,139.6
Sep 2023,Newfoundland and Labrador,Average weekly earnings including overtime for all employees,"Arts, entertainment and recreation",$  602.79, -3.9%,  1.4%,134.1
Oct 2023,Newfoundland and Labrador,Average weekly earnings including overtime for all employees,"Arts, entertainment and recreation",$  583.80, -3.2%, -4.6%,129.9
Nov 2023,Newfoundland and Labrador,Average weekly earnings including overtime for all employees,"Arts, entertainment and recreation",$  611.11,  4.7%,  3.7%,136.0
Dec 2023,Newfoundland and Labrador,Average weekly earnings including overtime for all employees,"Arts, entertainment and recreation",$  658.32,  7.7%,  9.4%,146.5
Jan 2024,Newfoundland and Labrador,Average weekly earnings including overtime for all employees,"Arts, entertainment and recreation",$  675.20,  2.6%, 12.8%,150.2
Feb 2024,Newfoundland and Labrador,Average weekly earnings including overtime for all employees,"Arts, entertainment and recreation",$  637.73, -5.5%,  6.3%,141.9
Mar 2024,Newfoundland and Labrador,Average weekly earnings including overtime for all employees,"Arts, entertainment and recreation",$  675.68,  6.0%, 12.7%,150.3
Apr 2024,Newfoundland and Labrador,Average weekly earnings including overtime for all employees,"Arts, entertainment and recreation",$  594.48,-12.0%,  0.2%,132.3
May 2024,Newfoundland and Labrador,Average weekly earnings including overtime for all employees,"Arts, entertainment and recreation",$  617.09,  3.8%,  3.5%,137.3
Jun 2024,Newfoundland and Labrador,Average weekly earnings including overtime for all employees,"Arts, entertainment and recreation",$  620.06,  0.5%,  6.4%,138.0
Jul 2024,Newfoundland and Labrador,Average weekly earnings including overtime for all employees,"Arts, entertainment and recreation",$  629.40,  1.5%, -1.1%,140.0
Aug 2024,Newfoundland and Labrador,Average weekly earnings including overtime for all employees,"Arts, entertainment and recreation",$  669.79,  6.4%,  6.8%,149.0
Sep 2024,Newfoundland and Labrador,Average weekly earnings including overtime for all employees,"Arts, entertainment and recreation",$  624.07, -6.8%,  3.5%,138.9
Oct 2024,Newfoundland and Labrador,Average weekly earnings including overtime for all employees,"Arts, entertainment and recreation",$  648.58,  3.9%, 11.1%,144.3
Jan 2011,Newfoundland and Labrador,Average weekly earnings including overtime for all employees,Accommodation and food services,$  403.18, -0.2%,  8.9%,100.0
Feb 2011,Newfoundland and Labrador,Average weekly earnings including overtime for all employees,Accommodation and food services,$  439.61,  9.0%,  9.1%,109.0
Mar 2011,Newfoundland and Labrador,Average weekly earnings including overtime for all employees,Accommodation and food services,$  409.24, -6.9%, 10.8%,101.5
Apr 2011,Newfoundland and Labrador,Average weekly earnings including overtime for all employees,Accommodation and food services,$  408.23, -0.2%,  1.8%,101.3
May 2011,Newfoundland and Labrador,Average weekly earnings including overtime for all employees,Accommodation and food services,$  407.03, -0.3%,  2.1%,101.0
Jun 2011,Newfoundland and Labrador,Average weekly earnings including overtime for all employees,Accommodation and food services,$  391.22, -3.9%, -8.1%, 97.0
Jul 2011,Newfoundland and Labrador,Average weekly earnings including overtime for all employees,Accommodation and food services,$  397.32,  1.6%,-10.9%, 98.5
Aug 2011,Newfoundland and Labrador,Average weekly earnings including overtime for all employees,Accommodation and food services,$  395.08, -0.6%, -9.9%, 98.0
Sep 2011,Newfoundland and Labrador,Average weekly earnings including overtime for all employees,Accommodation and food services,$  395.67,  0.1%, -2.7%, 98.1
Oct 2011,Newfoundland and Labrador,Average weekly earnings including overtime for all employees,Accommodation and food services,$  406.66,  2.8%,  4.3%,100.9
Nov 2011,Newfoundland and Labrador,Average weekly earnings including overtime for all employees,Accommodation and food services,$  402.96, -0.9%, -2.3%, 99.9
Dec 2011,Newfoundland and Labrador,Average weekly earnings including overtime for all employees,Accommodation and food services,$  395.47, -1.9%, -2.1%, 98.1
Jan 2012,Newfoundland and Labrador,Average weekly earnings including overtime for all employees,Accommodation and food services,$  406.17,  2.7%,  0.7%,100.7
Feb 2012,Newfoundland and Labrador,Average weekly earnings including overtime for all employees,Accommodation and food services,$  407.44,  0.3%, -7.3%,101.1
Mar 2012,Newfoundland and Labrador,Average weekly earnings including overtime for all employees,Accommodation and food services,$  394.84, -3.1%, -3.5%, 97.9
Apr 2012,Newfoundland and Labrador,Average weekly earnings including overtime for all employees,Accommodation and food services,$  410.23,  3.9%,  0.5%,101.7
May 2012,Newfoundland and Labrador,Average weekly earnings including overtime for all employees,Accommodation and food services,$  381.38, -7.0%, -6.3%, 94.6
Jun 2012,Newfoundland and Labrador,Average weekly earnings including overtime for all employees,Accommodation and food services,$  427.46, 12.1%,  9.3%,106.0
Jul 2012,Newfoundland and Labrador,Average weekly earnings including overtime for all employees,Accommodation and food services,$  427.00, -0.1%,  7.5%,105.9
Aug 2012,Newfoundland and Labrador,Average weekly earnings including overtime for all employees,Accommodation and food services,$  406.52, -4.8%,  2.9%,100.8
Sep 2012,Newfoundland and Labrador,Average weekly earnings including overtime for all employees,Accommodation and food services,$  422.73,  4.0%,  6.8%,104.8
Oct 2012,Newfoundland and Labrador,Average weekly earnings including overtime for all employees,Accommodation and food services,$  432.45,  2.3%,  6.3%,107.3
Nov 2012,Newfoundland and Labrador,Average weekly earnings including overtime for all employees,Accommodation and food services,$  394.98, -8.7%, -2.0%, 98.0
Dec 2012,Newfoundland and Labrador,Average weekly earnings including overtime for all employees,Accommodation and food services,$  417.29,  5.6%,  5.5%,103.5
Jan 2013,Newfoundland and Labrador,Average weekly earnings including overtime for all employees,Accommodation and food services,$  404.43, -3.1%, -0.4%,100.3
Feb 2013,Newfoundland and Labrador,Average weekly earnings including overtime for all employees,Accommodation and food services,$  410.71,  1.6%,  0.8%,101.9
Mar 2013,Newfoundland and Labrador,Average weekly earnings including overtime for all employees,Accommodation and food services,$  428.21,  4.3%,  8.5%,106.2
Apr 2013,Newfoundland and Labrador,Average weekly earnings including overtime for all employees,Accommodation and food services,$  407.20, -4.9%, -0.7%,101.0
May 2013,Newfoundland and Labrador,Average weekly earnings including overtime for all employees,Accommodation and food services,$  425.35,  4.5%, 11.5%,105.5
Jun 2013,Newfoundland and Labrador,Average weekly earnings including overtime for all employees,Accommodation and food services,$  410.45, -3.5%, -4.0%,101.8
Jul 2013,Newfoundland and Labrador,Average weekly earnings including overtime for all employees,Accommodation and food services,$  398.18, -3.0%, -6.7%, 98.8
Aug 2013,Newfoundland and Labrador,Average weekly earnings including overtime for all employees,Accommodation and food services,$  406.95,  2.2%,  0.1%,100.9
Sep 2013,Newfoundland and Labrador,Average weekly earnings including overtime for all employees,Accommodation and food services,$  417.36,  2.6%, -1.3%,103.5
Oct 2013,Newfoundland and Labrador,Average weekly earnings including overtime for all employees,Accommodation and food services,$  406.83, -2.5%, -5.9%,100.9
Nov 2013,Newfoundland and Labrador,Average weekly earnings including overtime for all employees,Accommodation and food services,$  406.51, -0.1%,  2.9%,100.8
Dec 2013,Newfoundland and Labrador,Average weekly earnings including overtime for all employees,Accommodation and food services,$  385.88, -5.1%, -7.5%, 95.7
Jan 2014,Newfoundland and Labrador,Average weekly earnings including overtime for all employees,Accommodation and food services,$  419.78,  8.8%,  3.8%,104.1
Feb 2014,Newfoundland and Labrador,Average weekly earnings including overtime for all employees,Accommodation and food services,$  416.17, -0.9%,  1.3%,103.2
Mar 2014,Newfoundland and Labrador,Average weekly earnings including overtime for all employees,Accommodation and food services,$  420.31,  1.0%, -1.8%,104.2
Apr 2014,Newfoundland and Labrador,Average weekly earnings including overtime for all employees,Accommodation and food services,$  438.72,  4.4%,  7.7%,108.8
May 2014,Newfoundland and Labrador,Average weekly earnings including overtime for all employees,Accommodation and food services,$  421.59, -3.9%, -0.9%,104.6
Jun 2014,Newfoundland and Labrador,Average weekly earnings including overtime for all employees,Accommodation and food services,$  424.95,  0.8%,  3.5%,105.4
Jul 2014,Newfoundland and Labrador,Average weekly earnings including overtime for all employees,Accommodation and food services,$  437.53,  3.0%,  9.9%,108.5
Aug 2014,Newfoundland and Labrador,Average weekly earnings including overtime for all employees,Accommodation and food services,$  420.19, -4.0%,  3.3%,104.2
Sep 2014,Newfoundland and Labrador,Average weekly earnings including overtime for all employees,Accommodation and food services,$  431.14,  2.6%,  3.3%,106.9
Oct 2014,Newfoundland and Labrador,Average weekly earnings including overtime for all employees,Accommodation and food services,$  432.95,  0.4%,  6.4%,107.4
Nov 2014,Newfoundland and Labrador,Average weekly earnings including overtime for all employees,Accommodation and food services,$  434.38,  0.3%,  6.9%,107.7
Dec 2014,Newfoundland and Labrador,Average weekly earnings including overtime for all employees,Accommodation and food services,$  459.07,  5.7%, 19.0%,113.9
Jan 2015,Newfoundland and Labrador,Average weekly earnings including overtime for all employees,Accommodation and food services,$  468.90,  2.1%, 11.7%,116.3
Feb 2015,Newfoundland and Labrador,Average weekly earnings including overtime for all employees,Accommodation and food services,$  433.82, -7.5%,  4.2%,107.6
Mar 2015,Newfoundland and Labrador,Average weekly earnings including overtime for all employees,Accommodation and food services,$  451.29,  4.0%,  7.4%,111.9
Apr 2015,Newfoundland and Labrador,Average weekly earnings including overtime for all employees,Accommodation and food services,$  406.47, -9.9%, -7.4%,100.8
May 2015,Newfoundland and Labrador,Average weekly earnings including overtime for all employees,Accommodation and food services,$  439.79,  8.2%,  4.3%,109.1
Jun 2015,Newfoundland and Labrador,Average weekly earnings including overtime for all employees,Accommodation and food services,$  414.44, -5.8%, -2.5%,102.8
Jul 2015,Newfoundland and Labrador,Average weekly earnings including overtime for all employees,Accommodation and food services,$  411.78, -0.6%, -5.9%,102.1
Aug 2015,Newfoundland and Labrador,Average weekly earnings including overtime for all employees,Accommodation and food services,$  422.22,  2.5%,  0.5%,104.7
Sep 2015,Newfoundland and Labrador,Average weekly earnings including overtime for all employees,Accommodation and food services,$  377.40,-10.6%,-12.5%, 93.6
Oct 2015,Newfoundland and Labrador,Average weekly earnings including overtime for all employees,Accommodation and food services,$  389.05,  3.1%,-10.1%, 96.5
Nov 2015,Newfoundland and Labrador,Average weekly earnings including overtime for all employees,Accommodation and food services,$  410.63,  5.5%, -5.5%,101.8
Dec 2015,Newfoundland and Labrador,Average weekly earnings including overtime for all employees,Accommodation and food services,$  410.31, -0.1%,-10.6%,101.8
Jan 2016,Newfoundland and Labrador,Average weekly earnings including overtime for all employees,Accommodation and food services,$  411.35,  0.3%,-12.3%,102.0
Feb 2016,Newfoundland and Labrador,Average weekly earnings including overtime for all employees,Accommodation and food services,$  382.14, -7.1%,-11.9%, 94.8
Mar 2016,Newfoundland and Labrador,Average weekly earnings including overtime for all employees,Accommodation and food services,$  392.47,  2.7%,-13.0%, 97.3
Apr 2016,Newfoundland and Labrador,Average weekly earnings including overtime for all employees,Accommodation and food services,$  398.81,  1.6%, -1.9%, 98.9
May 2016,Newfoundland and Labrador,Average weekly earnings including overtime for all employees,Accommodation and food services,$  390.01, -2.2%,-11.3%, 96.7
Jun 2016,Newfoundland and Labrador,Average weekly earnings including overtime for all employees,Accommodation and food services,$  413.43,  6.0%, -0.2%,102.5
Jul 2016,Newfoundland and Labrador,Average weekly earnings including overtime for all employees,Accommodation and food services,$  408.96, -1.1%, -0.7%,101.4
Aug 2016,Newfoundland and Labrador,Average weekly earnings including overtime for all employees,Accommodation and food services,$  416.36,  1.8%, -1.4%,103.3
Sep 2016,Newfoundland and Labrador,Average weekly earnings including overtime for all employees,Accommodation and food services,$  414.87, -0.4%,  9.9%,102.9
Oct 2016,Newfoundland and Labrador,Average weekly earnings including overtime for all employees,Accommodation and food services,$  423.69,  2.1%,  8.9%,105.1
Nov 2016,Newfoundland and Labrador,Average weekly earnings including overtime for all employees,Accommodation and food services,$  422.20, -0.4%,  2.8%,104.7
Dec 2016,Newfoundland and Labrador,Average weekly earnings including overtime for all employees,Accommodation and food services,$  405.60, -3.9%, -1.1%,100.6
Jan 2017,Newfoundland and Labrador,Average weekly earnings including overtime for all employees,Accommodation and food services,$  396.44, -2.3%, -3.6%, 98.3
Feb 2017,Newfoundland and Labrador,Average weekly earnings including overtime for all employees,Accommodation and food services,$  427.40,  7.8%, 11.8%,106.0
Mar 2017,Newfoundland and Labrador,Average weekly earnings including overtime for all employees,Accommodation and food services,$  440.14,  3.0%, 12.1%,109.2
Apr 2017,Newfoundland and Labrador,Average weekly earnings including overtime for all employees,Accommodation and food services,$  450.28,  2.3%, 12.9%,111.7
May 2017,Newfoundland and Labrador,Average weekly earnings including overtime for all employees,Accommodation and food services,$  442.40, -1.8%, 13.4%,109.7
Jun 2017,Newfoundland and Labrador,Average weekly earnings including overtime for all employees,Accommodation and food services,$  436.58, -1.3%,  5.6%,108.3
Jul 2017,Newfoundland and Labrador,Average weekly earnings including overtime for all employees,Accommodation and food services,$  424.09, -2.9%,  3.7%,105.2
Aug 2017,Newfoundland and Labrador,Average weekly earnings including overtime for all employees,Accommodation and food services,$  435.84,  2.8%,  4.7%,108.1
Sep 2017,Newfoundland and Labrador,Average weekly earnings including overtime for all employees,Accommodation and food services,$  451.83,  3.7%,  8.9%,112.1
Oct 2017,Newfoundland and Labrador,Average weekly earnings including overtime for all employees,Accommodation and food services,$  431.02, -4.6%,  1.7%,106.9
Nov 2017,Newfoundland and Labrador,Average weekly earnings including overtime for all employees,Accommodation and food services,$  443.35,  2.9%,  5.0%,110.0
Dec 2017,Newfoundland and Labrador,Average weekly earnings including overtime for all employees,Accommodation and food services,$  444.44,  0.2%,  9.6%,110.2
Jan 2018,Newfoundland and Labrador,Average weekly earnings including overtime for all employees,Accommodation and food services,$  422.09, -5.0%,  6.5%,104.7
Feb 2018,Newfoundland and Labrador,Average weekly earnings including overtime for all employees,Accommodation and food services,$  435.62,  3.2%,  1.9%,108.0
Mar 2018,Newfoundland and Labrador,Average weekly earnings including overtime for all employees,Accommodation and food services,$  415.59, -4.6%, -5.6%,103.1
Apr 2018,Newfoundland and Labrador,Average weekly earnings including overtime for all employees,Accommodation and food services,$  416.38,  0.2%, -7.5%,103.3
May 2018,Newfoundland and Labrador,Average weekly earnings including overtime for all employees,Accommodation and food services,$  425.98,  2.3%, -3.7%,105.7
Jun 2018,Newfoundland and Labrador,Average weekly earnings including overtime for all employees,Accommodation and food services,$  427.75,  0.4%, -2.0%,106.1
Jul 2018,Newfoundland and Labrador,Average weekly earnings including overtime for all employees,Accommodation and food services,$  436.65,  2.1%,  3.0%,108.3
Aug 2018,Newfoundland and Labrador,Average weekly earnings including overtime for all employees,Accommodation and food services,$  434.89, -0.4%, -0.2%,107.9
Sep 2018,Newfoundland and Labrador,Average weekly earnings including overtime for all employees,Accommodation and food services,$  436.74,  0.4%, -3.3%,108.3
Oct 2018,Newfoundland and Labrador,Average weekly earnings including overtime for all employees,Accommodation and food services,$  440.45,  0.8%,  2.2%,109.2
Nov 2018,Newfoundland and Labrador,Average weekly earnings including overtime for all employees,Accommodation and food services,$  428.36, -2.7%, -3.4%,106.2
Dec 2018,Newfoundland and Labrador,Average weekly earnings including overtime for all employees,Accommodation and food services,$  451.00,  5.3%,  1.5%,111.9
Jan 2019,Newfoundland and Labrador,Average weekly earnings including overtime for all employees,Accommodation and food services,$  427.43, -5.2%,  1.3%,106.0
Feb 2019,Newfoundland and Labrador,Average weekly earnings including overtime for all employees,Accommodation and food services,$  423.84, -0.8%, -2.7%,105.1
Mar 2019,Newfoundland and Labrador,Average weekly earnings including overtime for all employees,Accommodation and food services,$  416.00, -1.8%,  0.1%,103.2
Apr 2019,Newfoundland and Labrador,Average weekly earnings including overtime for all employees,Accommodation and food services,$  451.05,  8.4%,  8.3%,111.9
May 2019,Newfoundland and Labrador,Average weekly earnings including overtime for all employees,Accommodation and food services,$  442.77, -1.8%,  3.9%,109.8
Jun 2019,Newfoundland and Labrador,Average weekly earnings including overtime for all employees,Accommodation and food services,$  448.58,  1.3%,  4.9%,111.3
Jul 2019,Newfoundland and Labrador,Average weekly earnings including overtime for all employees,Accommodation and food services,$  449.70,  0.2%,  3.0%,111.5
Aug 2019,Newfoundland and Labrador,Average weekly earnings including overtime for all employees,Accommodation and food services,$  464.66,  3.3%,  6.8%,115.2
Sep 2019,Newfoundland and Labrador,Average weekly earnings including overtime for all employees,Accommodation and food services,$  473.64,  1.9%,  8.4%,117.5
Oct 2019,Newfoundland and Labrador,Average weekly earnings including overtime for all employees,Accommodation and food services,$  473.79,  0.0%,  7.6%,117.5
Nov 2019,Newfoundland and Labrador,Average weekly earnings including overtime for all employees,Accommodation and food services,$  464.00, -2.1%,  8.3%,115.1
Dec 2019,Newfoundland and Labrador,Average weekly earnings including overtime for all employees,Accommodation and food services,$  449.76, -3.1%, -0.3%,111.6
Jan 2020,Newfoundland and Labrador,Average weekly earnings including overtime for all employees,Accommodation and food services,$  484.78,  7.8%, 13.4%,120.2
Feb 2020,Newfoundland and Labrador,Average weekly earnings including overtime for all employees,Accommodation and food services,$  460.76, -5.0%,  8.7%,114.3
Mar 2020,Newfoundland and Labrador,Average weekly earnings including overtime for all employees,Accommodation and food services,$  467.30,  1.4%, 12.3%,115.9
Apr 2020,Newfoundland and Labrador,Average weekly earnings including overtime for all employees,Accommodation and food services,$  531.29, 13.7%, 17.8%,131.8
May 2020,Newfoundland and Labrador,Average weekly earnings including overtime for all employees,Accommodation and food services,$  550.54,  3.6%, 24.3%,136.5
Jun 2020,Newfoundland and Labrador,Average weekly earnings including overtime for all employees,Accommodation and food services,$  522.72, -5.1%, 16.5%,129.6
Jul 2020,Newfoundland and Labrador,Average weekly earnings including overtime for all employees,Accommodation and food services,$  466.78,-10.7%,  3.8%,115.8
Aug 2020,Newfoundland and Labrador,Average weekly earnings including overtime for all employees,Accommodation and food services,$  461.36, -1.2%, -0.7%,114.4
Sep 2020,Newfoundland and Labrador,Average weekly earnings including overtime for all employees,Accommodation and food services,$  476.37,  3.3%,  0.6%,118.2
Oct 2020,Newfoundland and Labrador,Average weekly earnings including overtime for all employees,Accommodation and food services,$  479.65,  0.7%,  1.2%,119.0
Nov 2020,Newfoundland and Labrador,Average weekly earnings including overtime for all employees,Accommodation and food services,$  493.99,  3.0%,  6.5%,122.5
Dec 2020,Newfoundland and Labrador,Average weekly earnings including overtime for all employees,Accommodation and food services,$  480.26, -2.8%,  6.8%,119.1
Jan 2021,Newfoundland and Labrador,Average weekly earnings including overtime for all employees,Accommodation and food services,$  481.77,  0.3%, -0.6%,119.5
Feb 2021,Newfoundland and Labrador,Average weekly earnings including overtime for all employees,Accommodation and food services,$  482.93,  0.2%,  4.8%,119.8
Mar 2021,Newfoundland and Labrador,Average weekly earnings including overtime for all employees,Accommodation and food services,$  511.87,  6.0%,  9.5%,127.0
Apr 2021,Newfoundland and Labrador,Average weekly earnings including overtime for all employees,Accommodation and food services,$  541.71,  5.8%,  2.0%,134.4
May 2021,Newfoundland and Labrador,Average weekly earnings including overtime for all employees,Accommodation and food services,$  541.53,  0.0%, -1.6%,134.3
Jun 2021,Newfoundland and Labrador,Average weekly earnings including overtime for all employees,Accommodation and food services,$  499.34, -7.8%, -4.5%,123.9
Jul 2021,Newfoundland and Labrador,Average weekly earnings including overtime for all employees,Accommodation and food services,$  500.74,  0.3%,  7.3%,124.2
Aug 2021,Newfoundland and Labrador,Average weekly earnings including overtime for all employees,Accommodation and food services,$  488.30, -2.5%,  5.8%,121.1
Sep 2021,Newfoundland and Labrador,Average weekly earnings including overtime for all employees,Accommodation and food services,$  493.80,  1.1%,  3.7%,122.5
Oct 2021,Newfoundland and Labrador,Average weekly earnings including overtime for all employees,Accommodation and food services,$  494.06,  0.1%,  3.0%,122.5
Nov 2021,Newfoundland and Labrador,Average weekly earnings including overtime for all employees,Accommodation and food services,$  482.56, -2.3%, -2.3%,119.7
Dec 2021,Newfoundland and Labrador,Average weekly earnings including overtime for all employees,Accommodation and food services,$  485.24,  0.6%,  1.0%,120.4
Jan 2022,Newfoundland and Labrador,Average weekly earnings including overtime for all employees,Accommodation and food services,$  493.36,  1.7%,  2.4%,122.4
Feb 2022,Newfoundland and Labrador,Average weekly earnings including overtime for all employees,Accommodation and food services,$  504.21,  2.2%,  4.4%,125.1
Mar 2022,Newfoundland and Labrador,Average weekly earnings including overtime for all employees,Accommodation and food services,$  498.49, -1.1%, -2.6%,123.6
Apr 2022,Newfoundland and Labrador,Average weekly earnings including overtime for all employees,Accommodation and food services,$  482.52, -3.2%,-10.9%,119.7
May 2022,Newfoundland and Labrador,Average weekly earnings including overtime for all employees,Accommodation and food services,$  481.27, -0.3%,-11.1%,119.4
Jun 2022,Newfoundland and Labrador,Average weekly earnings including overtime for all employees,Accommodation and food services,$  475.97, -1.1%, -4.7%,118.1
Jul 2022,Newfoundland and Labrador,Average weekly earnings including overtime for all employees,Accommodation and food services,$  468.48, -1.6%, -6.4%,116.2
Aug 2022,Newfoundland and Labrador,Average weekly earnings including overtime for all employees,Accommodation and food services,$  483.37,  3.2%, -1.0%,119.9
Sep 2022,Newfoundland and Labrador,Average weekly earnings including overtime for all employees,Accommodation and food services,$  479.26, -0.9%, -2.9%,118.9
Oct 2022,Newfoundland and Labrador,Average weekly earnings including overtime for all employees,Accommodation and food services,$  489.92,  2.2%, -0.8%,121.5
Nov 2022,Newfoundland and Labrador,Average weekly earnings including overtime for all employees,Accommodation and food services,$  481.99, -1.6%, -0.1%,119.5
Dec 2022,Newfoundland and Labrador,Average weekly earnings including overtime for all employees,Accommodation and food services,$  492.70,  2.2%,  1.5%,122.2
Jan 2023,Newfoundland and Labrador,Average weekly earnings including overtime for all employees,Accommodation and food services,$  490.79, -0.4%, -0.5%,121.7
Feb 2023,Newfoundland and Labrador,Average weekly earnings including overtime for all employees,Accommodation and food services,$  496.45,  1.2%, -1.5%,123.1
Mar 2023,Newfoundland and Labrador,Average weekly earnings including overtime for all employees,Accommodation and food services,$  493.76, -0.5%, -0.9%,122.5
Apr 2023,Newfoundland and Labrador,Average weekly earnings including overtime for all employees,Accommodation and food services,$  505.61,  2.4%,  4.8%,125.4
May 2023,Newfoundland and Labrador,Average weekly earnings including overtime for all employees,Accommodation and food services,$  503.20, -0.5%,  4.6%,124.8
Jun 2023,Newfoundland and Labrador,Average weekly earnings including overtime for all employees,Accommodation and food services,$  523.21,  4.0%,  9.9%,129.8
Jul 2023,Newfoundland and Labrador,Average weekly earnings including overtime for all employees,Accommodation and food services,$  525.29,  0.4%, 12.1%,130.3
Aug 2023,Newfoundland and Labrador,Average weekly earnings including overtime for all employees,Accommodation and food services,$  515.57, -1.9%,  6.7%,127.9
Sep 2023,Newfoundland and Labrador,Average weekly earnings including overtime for all employees,Accommodation and food services,$  508.08, -1.5%,  6.0%,126.0
Oct 2023,Newfoundland and Labrador,Average weekly earnings including overtime for all employees,Accommodation and food services,$  503.99, -0.8%,  2.9%,125.0
Nov 2023,Newfoundland and Labrador,Average weekly earnings including overtime for all employees,Accommodation and food services,$  517.85,  2.8%,  7.4%,128.4
Dec 2023,Newfoundland and Labrador,Average weekly earnings including overtime for all employees,Accommodation and food services,$  522.02,  0.8%,  6.0%,129.5
Jan 2024,Newfoundland and Labrador,Average weekly earnings including overtime for all employees,Accommodation and food services,$  524.21,  0.4%,  6.8%,130.0
Feb 2024,Newfoundland and Labrador,Average weekly earnings including overtime for all employees,Accommodation and food services,$  527.95,  0.7%,  6.3%,130.9
Mar 2024,Newfoundland and Labrador,Average weekly earnings including overtime for all employees,Accommodation and food services,$  515.87, -2.3%,  4.5%,128.0
Apr 2024,Newfoundland and Labrador,Average weekly earnings including overtime for all employees,Accommodation and food services,$  513.60, -0.4%,  1.6%,127.4
May 2024,Newfoundland and Labrador,Average weekly earnings including overtime for all employees,Accommodation and food services,$  524.35,  2.1%,  4.2%,130.1
Jun 2024,Newfoundland and Labrador,Average weekly earnings including overtime for all employees,Accommodation and food services,$  521.20, -0.6%, -0.4%,129.3
Jul 2024,Newfoundland and Labrador,Average weekly earnings including overtime for all employees,Accommodation and food services,$  521.37,  0.0%, -0.7%,129.3
Aug 2024,Newfoundland and Labrador,Average weekly earnings including overtime for all employees,Accommodation and food services,$  541.98,  4.0%,  5.1%,134.4
Sep 2024,Newfoundland and Labrador,Average weekly earnings including overtime for all employees,Accommodation and food services,$  532.94, -1.7%,  4.9%,132.2
Oct 2024,Newfoundland and Labrador,Average weekly earnings including overtime for all employees,Accommodation and food services,$  545.99,  2.4%,  8.3%,135.4
Jan 2011,Newfoundland and Labrador,Average weekly earnings including overtime for all employees,Other services (except public administration),$  643.07,  0.0%, -2.6%,100.0
Feb 2011,Newfoundland and Labrador,Average weekly earnings including overtime for all employees,Other services (except public administration),$  670.74,  4.3%, -0.7%,104.3
Mar 2011,Newfoundland and Labrador,Average weekly earnings including overtime for all employees,Other services (except public administration),$  672.05,  0.2%,  3.3%,104.5
Apr 2011,Newfoundland and Labrador,Average weekly earnings including overtime for all employees,Other services (except public administration),$  682.05,  1.5%,  8.3%,106.1
May 2011,Newfoundland and Labrador,Average weekly earnings including overtime for all employees,Other services (except public administration),$  664.38, -2.6%,  2.8%,103.3
Jun 2011,Newfoundland and Labrador,Average weekly earnings including overtime for all employees,Other services (except public administration),$  654.68, -1.5%, -4.3%,101.8
Jul 2011,Newfoundland and Labrador,Average weekly earnings including overtime for all employees,Other services (except public administration),$  658.52,  0.6%, -0.7%,102.4
Aug 2011,Newfoundland and Labrador,Average weekly earnings including overtime for all employees,Other services (except public administration),$  659.84,  0.2%,  3.6%,102.6
Sep 2011,Newfoundland and Labrador,Average weekly earnings including overtime for all employees,Other services (except public administration),$  673.92,  2.1%,  5.2%,104.8
Oct 2011,Newfoundland and Labrador,Average weekly earnings including overtime for all employees,Other services (except public administration),$  668.51, -0.8%,  4.4%,104.0
Nov 2011,Newfoundland and Labrador,Average weekly earnings including overtime for all employees,Other services (except public administration),$  699.70,  4.7%, 12.4%,108.8
Dec 2011,Newfoundland and Labrador,Average weekly earnings including overtime for all employees,Other services (except public administration),$  757.95,  8.3%, 17.8%,117.9
Jan 2012,Newfoundland and Labrador,Average weekly earnings including overtime for all employees,Other services (except public administration),$  673.85,-11.1%,  4.8%,104.8
Feb 2012,Newfoundland and Labrador,Average weekly earnings including overtime for all employees,Other services (except public administration),$  678.07,  0.6%,  1.1%,105.4
Mar 2012,Newfoundland and Labrador,Average weekly earnings including overtime for all employees,Other services (except public administration),$  684.11,  0.9%,  1.8%,106.4
Apr 2012,Newfoundland and Labrador,Average weekly earnings including overtime for all employees,Other services (except public administration),$  702.26,  2.7%,  3.0%,109.2
May 2012,Newfoundland and Labrador,Average weekly earnings including overtime for all employees,Other services (except public administration),$  691.92, -1.5%,  4.1%,107.6
Jun 2012,Newfoundland and Labrador,Average weekly earnings including overtime for all employees,Other services (except public administration),$  721.66,  4.3%, 10.2%,112.2
Jul 2012,Newfoundland and Labrador,Average weekly earnings including overtime for all employees,Other services (except public administration),$  705.63, -2.2%,  7.2%,109.7
Aug 2012,Newfoundland and Labrador,Average weekly earnings including overtime for all employees,Other services (except public administration),$  706.02,  0.1%,  7.0%,109.8
Sep 2012,Newfoundland and Labrador,Average weekly earnings including overtime for all employees,Other services (except public administration),$  715.21,  1.3%,  6.1%,111.2
Oct 2012,Newfoundland and Labrador,Average weekly earnings including overtime for all employees,Other services (except public administration),$  704.80, -1.5%,  5.4%,109.6
Nov 2012,Newfoundland and Labrador,Average weekly earnings including overtime for all employees,Other services (except public administration),$  708.92,  0.6%,  1.3%,110.2
Dec 2012,Newfoundland and Labrador,Average weekly earnings including overtime for all employees,Other services (except public administration),$  722.76,  2.0%, -4.6%,112.4
Jan 2013,Newfoundland and Labrador,Average weekly earnings including overtime for all employees,Other services (except public administration),$  741.06,  2.5%, 10.0%,115.2
Feb 2013,Newfoundland and Labrador,Average weekly earnings including overtime for all employees,Other services (except public administration),$  732.57, -1.1%,  8.0%,113.9
Mar 2013,Newfoundland and Labrador,Average weekly earnings including overtime for all employees,Other services (except public administration),$  722.10, -1.4%,  5.6%,112.3
Apr 2013,Newfoundland and Labrador,Average weekly earnings including overtime for all employees,Other services (except public administration),$  718.74, -0.5%,  2.3%,111.8
May 2013,Newfoundland and Labrador,Average weekly earnings including overtime for all employees,Other services (except public administration),$  726.90,  1.1%,  5.1%,113.0
Jun 2013,Newfoundland and Labrador,Average weekly earnings including overtime for all employees,Other services (except public administration),$  721.55, -0.7%,  0.0%,112.2
Jul 2013,Newfoundland and Labrador,Average weekly earnings including overtime for all employees,Other services (except public administration),$  716.88, -0.6%,  1.6%,111.5
Aug 2013,Newfoundland and Labrador,Average weekly earnings including overtime for all employees,Other services (except public administration),$  759.20,  5.9%,  7.5%,118.1
Sep 2013,Newfoundland and Labrador,Average weekly earnings including overtime for all employees,Other services (except public administration),$  743.42, -2.1%,  3.9%,115.6
Oct 2013,Newfoundland and Labrador,Average weekly earnings including overtime for all employees,Other services (except public administration),$  773.24,  4.0%,  9.7%,120.2
Nov 2013,Newfoundland and Labrador,Average weekly earnings including overtime for all employees,Other services (except public administration),$  770.95, -0.3%,  8.7%,119.9
Dec 2013,Newfoundland and Labrador,Average weekly earnings including overtime for all employees,Other services (except public administration),$  755.46, -2.0%,  4.5%,117.5
Jan 2014,Newfoundland and Labrador,Average weekly earnings including overtime for all employees,Other services (except public administration),$  735.78, -2.6%, -0.7%,114.4
Feb 2014,Newfoundland and Labrador,Average weekly earnings including overtime for all employees,Other services (except public administration),$  738.45,  0.4%,  0.8%,114.8
Mar 2014,Newfoundland and Labrador,Average weekly earnings including overtime for all employees,Other services (except public administration),$  746.07,  1.0%,  3.3%,116.0
Apr 2014,Newfoundland and Labrador,Average weekly earnings including overtime for all employees,Other services (except public administration),$  740.64, -0.7%,  3.0%,115.2
May 2014,Newfoundland and Labrador,Average weekly earnings including overtime for all employees,Other services (except public administration),$  764.27,  3.2%,  5.1%,118.8
Jun 2014,Newfoundland and Labrador,Average weekly earnings including overtime for all employees,Other services (except public administration),$  754.86, -1.2%,  4.6%,117.4
Jul 2014,Newfoundland and Labrador,Average weekly earnings including overtime for all employees,Other services (except public administration),$  774.56,  2.6%,  8.0%,120.4
Aug 2014,Newfoundland and Labrador,Average weekly earnings including overtime for all employees,Other services (except public administration),$  758.77, -2.0%, -0.1%,118.0
Sep 2014,Newfoundland and Labrador,Average weekly earnings including overtime for all employees,Other services (except public administration),$  767.50,  1.2%,  3.2%,119.3
Oct 2014,Newfoundland and Labrador,Average weekly earnings including overtime for all employees,Other services (except public administration),$  775.83,  1.1%,  0.3%,120.6
Nov 2014,Newfoundland and Labrador,Average weekly earnings including overtime for all employees,Other services (except public administration),$  768.33, -1.0%, -0.3%,119.5
Dec 2014,Newfoundland and Labrador,Average weekly earnings including overtime for all employees,Other services (except public administration),$  757.75, -1.4%,  0.3%,117.8
Jan 2015,Newfoundland and Labrador,Average weekly earnings including overtime for all employees,Other services (except public administration),$  781.52,  3.1%,  6.2%,121.5
Feb 2015,Newfoundland and Labrador,Average weekly earnings including overtime for all employees,Other services (except public administration),$  756.91, -3.1%,  2.5%,117.7
Mar 2015,Newfoundland and Labrador,Average weekly earnings including overtime for all employees,Other services (except public administration),$  766.65,  1.3%,  2.8%,119.2
Apr 2015,Newfoundland and Labrador,Average weekly earnings including overtime for all employees,Other services (except public administration),$  785.99,  2.5%,  6.1%,122.2
May 2015,Newfoundland and Labrador,Average weekly earnings including overtime for all employees,Other services (except public administration),$  779.58, -0.8%,  2.0%,121.2
Jun 2015,Newfoundland and Labrador,Average weekly earnings including overtime for all employees,Other services (except public administration),$  748.34, -4.0%, -0.9%,116.4
Jul 2015,Newfoundland and Labrador,Average weekly earnings including overtime for all employees,Other services (except public administration),$  768.41,  2.7%, -0.8%,119.5
Aug 2015,Newfoundland and Labrador,Average weekly earnings including overtime for all employees,Other services (except public administration),$  758.41, -1.3%,  0.0%,117.9
Sep 2015,Newfoundland and Labrador,Average weekly earnings including overtime for all employees,Other services (except public administration),$  798.02,  5.2%,  4.0%,124.1
Oct 2015,Newfoundland and Labrador,Average weekly earnings including overtime for all employees,Other services (except public administration),$  818.91,  2.6%,  5.6%,127.3
Nov 2015,Newfoundland and Labrador,Average weekly earnings including overtime for all employees,Other services (except public administration),$  793.95, -3.0%,  3.3%,123.5
Dec 2015,Newfoundland and Labrador,Average weekly earnings including overtime for all employees,Other services (except public administration),$  750.34, -5.5%, -1.0%,116.7
Jan 2016,Newfoundland and Labrador,Average weekly earnings including overtime for all employees,Other services (except public administration),$  834.60, 11.2%,  6.8%,129.8
Feb 2016,Newfoundland and Labrador,Average weekly earnings including overtime for all employees,Other services (except public administration),$  860.74,  3.1%, 13.7%,133.8
Mar 2016,Newfoundland and Labrador,Average weekly earnings including overtime for all employees,Other services (except public administration),$  835.64, -2.9%,  9.0%,129.9
Apr 2016,Newfoundland and Labrador,Average weekly earnings including overtime for all employees,Other services (except public administration),$  823.65, -1.4%,  4.8%,128.1
May 2016,Newfoundland and Labrador,Average weekly earnings including overtime for all employees,Other services (except public administration),$  832.63,  1.1%,  6.8%,129.5
Jun 2016,Newfoundland and Labrador,Average weekly earnings including overtime for all employees,Other services (except public administration),$  834.86,  0.3%, 11.6%,129.8
Jul 2016,Newfoundland and Labrador,Average weekly earnings including overtime for all employees,Other services (except public administration),$  831.99, -0.3%,  8.3%,129.4
Aug 2016,Newfoundland and Labrador,Average weekly earnings including overtime for all employees,Other services (except public administration),$  854.32,  2.7%, 12.6%,132.9
Sep 2016,Newfoundland and Labrador,Average weekly earnings including overtime for all employees,Other services (except public administration),$  854.63,  0.0%,  7.1%,132.9
Oct 2016,Newfoundland and Labrador,Average weekly earnings including overtime for all employees,Other services (except public administration),$  844.46, -1.2%,  3.1%,131.3
Nov 2016,Newfoundland and Labrador,Average weekly earnings including overtime for all employees,Other services (except public administration),$  854.28,  1.2%,  7.6%,132.8
Dec 2016,Newfoundland and Labrador,Average weekly earnings including overtime for all employees,Other services (except public administration),$  877.86,  2.8%, 17.0%,136.5
Jan 2017,Newfoundland and Labrador,Average weekly earnings including overtime for all employees,Other services (except public administration),$  842.73, -4.0%,  1.0%,131.0
Feb 2017,Newfoundland and Labrador,Average weekly earnings including overtime for all employees,Other services (except public administration),$  840.26, -0.3%, -2.4%,130.7
Mar 2017,Newfoundland and Labrador,Average weekly earnings including overtime for all employees,Other services (except public administration),$  855.25,  1.8%,  2.3%,133.0
Apr 2017,Newfoundland and Labrador,Average weekly earnings including overtime for all employees,Other services (except public administration),$  849.59, -0.7%,  3.1%,132.1
May 2017,Newfoundland and Labrador,Average weekly earnings including overtime for all employees,Other services (except public administration),$  859.06,  1.1%,  3.2%,133.6
Jun 2017,Newfoundland and Labrador,Average weekly earnings including overtime for all employees,Other services (except public administration),$  852.88, -0.7%,  2.2%,132.6
Jul 2017,Newfoundland and Labrador,Average weekly earnings including overtime for all employees,Other services (except public administration),$  859.32,  0.8%,  3.3%,133.6
Aug 2017,Newfoundland and Labrador,Average weekly earnings including overtime for all employees,Other services (except public administration),$  828.77, -3.6%, -3.0%,128.9
Sep 2017,Newfoundland and Labrador,Average weekly earnings including overtime for all employees,Other services (except public administration),$  799.32, -3.6%, -6.5%,124.3
Oct 2017,Newfoundland and Labrador,Average weekly earnings including overtime for all employees,Other services (except public administration),$  803.51,  0.5%, -4.8%,124.9
Nov 2017,Newfoundland and Labrador,Average weekly earnings including overtime for all employees,Other services (except public administration),$  780.07, -2.9%, -8.7%,121.3
Dec 2017,Newfoundland and Labrador,Average weekly earnings including overtime for all employees,Other services (except public administration),$  832.13,  6.7%, -5.2%,129.4
Jan 2018,Newfoundland and Labrador,Average weekly earnings including overtime for all employees,Other services (except public administration),$  825.45, -0.8%, -2.1%,128.4
Feb 2018,Newfoundland and Labrador,Average weekly earnings including overtime for all employees,Other services (except public administration),$  827.15,  0.2%, -1.6%,128.6
Mar 2018,Newfoundland and Labrador,Average weekly earnings including overtime for all employees,Other services (except public administration),$  838.81,  1.4%, -1.9%,130.4
Apr 2018,Newfoundland and Labrador,Average weekly earnings including overtime for all employees,Other services (except public administration),$  828.74, -1.2%, -2.5%,128.9
May 2018,Newfoundland and Labrador,Average weekly earnings including overtime for all employees,Other services (except public administration),$  818.03, -1.3%, -4.8%,127.2
Jun 2018,Newfoundland and Labrador,Average weekly earnings including overtime for all employees,Other services (except public administration),$  874.70,  6.9%,  2.6%,136.0
Jul 2018,Newfoundland and Labrador,Average weekly earnings including overtime for all employees,Other services (except public administration),$  862.00, -1.5%,  0.3%,134.0
Aug 2018,Newfoundland and Labrador,Average weekly earnings including overtime for all employees,Other services (except public administration),$  887.69,  3.0%,  7.1%,138.0
Sep 2018,Newfoundland and Labrador,Average weekly earnings including overtime for all employees,Other services (except public administration),$  850.01, -4.2%,  6.3%,132.2
Oct 2018,Newfoundland and Labrador,Average weekly earnings including overtime for all employees,Other services (except public administration),$  859.39,  1.1%,  7.0%,133.6
Nov 2018,Newfoundland and Labrador,Average weekly earnings including overtime for all employees,Other services (except public administration),$  910.03,  5.9%, 16.7%,141.5
Dec 2018,Newfoundland and Labrador,Average weekly earnings including overtime for all employees,Other services (except public administration),$  868.55, -4.6%,  4.4%,135.1
Jan 2019,Newfoundland and Labrador,Average weekly earnings including overtime for all employees,Other services (except public administration),$  884.80,  1.9%,  7.2%,137.6
Feb 2019,Newfoundland and Labrador,Average weekly earnings including overtime for all employees,Other services (except public administration),$  871.32, -1.5%,  5.3%,135.5
Mar 2019,Newfoundland and Labrador,Average weekly earnings including overtime for all employees,Other services (except public administration),$  900.50,  3.3%,  7.4%,140.0
Apr 2019,Newfoundland and Labrador,Average weekly earnings including overtime for all employees,Other services (except public administration),$  894.45, -0.7%,  7.9%,139.1
May 2019,Newfoundland and Labrador,Average weekly earnings including overtime for all employees,Other services (except public administration),$  885.85, -1.0%,  8.3%,137.8
Jun 2019,Newfoundland and Labrador,Average weekly earnings including overtime for all employees,Other services (except public administration),$  860.79, -2.8%, -1.6%,133.9
Jul 2019,Newfoundland and Labrador,Average weekly earnings including overtime for all employees,Other services (except public administration),$  870.52,  1.1%,  1.0%,135.4
Aug 2019,Newfoundland and Labrador,Average weekly earnings including overtime for all employees,Other services (except public administration),$  877.39,  0.8%, -1.2%,136.4
Sep 2019,Newfoundland and Labrador,Average weekly earnings including overtime for all employees,Other services (except public administration),$  917.03,  4.5%,  7.9%,142.6
Oct 2019,Newfoundland and Labrador,Average weekly earnings including overtime for all employees,Other services (except public administration),$  928.09,  1.2%,  8.0%,144.3
Nov 2019,Newfoundland and Labrador,Average weekly earnings including overtime for all employees,Other services (except public administration),$  916.14, -1.3%,  0.7%,142.5
Dec 2019,Newfoundland and Labrador,Average weekly earnings including overtime for all employees,Other services (except public administration),$  879.35, -4.0%,  1.2%,136.7
Jan 2020,Newfoundland and Labrador,Average weekly earnings including overtime for all employees,Other services (except public administration),$  883.83,  0.5%, -0.1%,137.4
Feb 2020,Newfoundland and Labrador,Average weekly earnings including overtime for all employees,Other services (except public administration),$  912.85,  3.3%,  4.8%,142.0
Mar 2020,Newfoundland and Labrador,Average weekly earnings including overtime for all employees,Other services (except public administration),$  893.14, -2.2%, -0.8%,138.9
Apr 2020,Newfoundland and Labrador,Average weekly earnings including overtime for all employees,Other services (except public administration),$  934.88,  4.7%,  4.5%,145.4
May 2020,Newfoundland and Labrador,Average weekly earnings including overtime for all employees,Other services (except public administration),"$1,006.31",  7.6%, 13.6%,156.5
Jun 2020,Newfoundland and Labrador,Average weekly earnings including overtime for all employees,Other services (except public administration),$  966.28, -4.0%, 12.3%,150.3
Jul 2020,Newfoundland and Labrador,Average weekly earnings including overtime for all employees,Other services (except public administration),$  952.25, -1.5%,  9.4%,148.1
Aug 2020,Newfoundland and Labrador,Average weekly earnings including overtime for all employees,Other services (except public administration),$  961.74,  1.0%,  9.6%,149.6
Sep 2020,Newfoundland and Labrador,Average weekly earnings including overtime for all employees,Other services (except public administration),$  960.26, -0.2%,  4.7%,149.3
Oct 2020,Newfoundland and Labrador,Average weekly earnings including overtime for all employees,Other services (except public administration),$  905.67, -5.7%, -2.4%,140.8
Nov 2020,Newfoundland and Labrador,Average weekly earnings including overtime for all employees,Other services (except public administration),$  951.10,  5.0%,  3.8%,147.9
Dec 2020,Newfoundland and Labrador,Average weekly earnings including overtime for all employees,Other services (except public administration),$  926.28, -2.6%,  5.3%,144.0
Jan 2021,Newfoundland and Labrador,Average weekly earnings including overtime for all employees,Other services (except public administration),$  920.70, -0.6%,  4.2%,143.2
Feb 2021,Newfoundland and Labrador,Average weekly earnings including overtime for all employees,Other services (except public administration),$  919.86, -0.1%,  0.8%,143.0
Mar 2021,Newfoundland and Labrador,Average weekly earnings including overtime for all employees,Other services (except public administration),$  935.03,  1.6%,  4.7%,145.4
Apr 2021,Newfoundland and Labrador,Average weekly earnings including overtime for all employees,Other services (except public administration),$  954.15,  2.0%,  2.1%,148.4
May 2021,Newfoundland and Labrador,Average weekly earnings including overtime for all employees,Other services (except public administration),$  899.42, -5.7%,-10.6%,139.9
Jun 2021,Newfoundland and Labrador,Average weekly earnings including overtime for all employees,Other services (except public administration),$  931.86,  3.6%, -3.6%,144.9
Jul 2021,Newfoundland and Labrador,Average weekly earnings including overtime for all employees,Other services (except public administration),$  979.68,  5.1%,  2.9%,152.3
Aug 2021,Newfoundland and Labrador,Average weekly earnings including overtime for all employees,Other services (except public administration),$  945.69, -3.5%, -1.7%,147.1
Sep 2021,Newfoundland and Labrador,Average weekly earnings including overtime for all employees,Other services (except public administration),$  964.22,  2.0%,  0.4%,149.9
Oct 2021,Newfoundland and Labrador,Average weekly earnings including overtime for all employees,Other services (except public administration),$  969.31,  0.5%,  7.0%,150.7
Nov 2021,Newfoundland and Labrador,Average weekly earnings including overtime for all employees,Other services (except public administration),$  913.89, -5.7%, -3.9%,142.1
Dec 2021,Newfoundland and Labrador,Average weekly earnings including overtime for all employees,Other services (except public administration),$  944.24,  3.3%,  1.9%,146.8
Jan 2022,Newfoundland and Labrador,Average weekly earnings including overtime for all employees,Other services (except public administration),$  998.77,  5.8%,  8.5%,155.3
Feb 2022,Newfoundland and Labrador,Average weekly earnings including overtime for all employees,Other services (except public administration),"$1,002.46",  0.4%,  9.0%,155.9
Mar 2022,Newfoundland and Labrador,Average weekly earnings including overtime for all employees,Other services (except public administration),$  996.64, -0.6%,  6.6%,155.0
Apr 2022,Newfoundland and Labrador,Average weekly earnings including overtime for all employees,Other services (except public administration),$  950.22, -4.7%, -0.4%,147.8
May 2022,Newfoundland and Labrador,Average weekly earnings including overtime for all employees,Other services (except public administration),$  960.23,  1.1%,  6.8%,149.3
Jun 2022,Newfoundland and Labrador,Average weekly earnings including overtime for all employees,Other services (except public administration),$  936.68, -2.5%,  0.5%,145.7
Jul 2022,Newfoundland and Labrador,Average weekly earnings including overtime for all employees,Other services (except public administration),$  890.50, -4.9%, -9.1%,138.5
Aug 2022,Newfoundland and Labrador,Average weekly earnings including overtime for all employees,Other services (except public administration),"$1,006.19", 13.0%,  6.4%,156.5
Sep 2022,Newfoundland and Labrador,Average weekly earnings including overtime for all employees,Other services (except public administration),$  907.02, -9.9%, -5.9%,141.0
Oct 2022,Newfoundland and Labrador,Average weekly earnings including overtime for all employees,Other services (except public administration),$  941.18,  3.8%, -2.9%,146.4
Nov 2022,Newfoundland and Labrador,Average weekly earnings including overtime for all employees,Other services (except public administration),$  958.46,  1.8%,  4.9%,149.0
Dec 2022,Newfoundland and Labrador,Average weekly earnings including overtime for all employees,Other services (except public administration),$  989.36,  3.2%,  4.8%,153.8
Jan 2023,Newfoundland and Labrador,Average weekly earnings including overtime for all employees,Other services (except public administration),$  944.37, -4.5%, -5.4%,146.9
Feb 2023,Newfoundland and Labrador,Average weekly earnings including overtime for all employees,Other services (except public administration),$  944.14,  0.0%, -5.8%,146.8
Mar 2023,Newfoundland and Labrador,Average weekly earnings including overtime for all employees,Other services (except public administration),$  934.47, -1.0%, -6.2%,145.3
Apr 2023,Newfoundland and Labrador,Average weekly earnings including overtime for all employees,Other services (except public administration),$  942.17,  0.8%, -0.8%,146.5
May 2023,Newfoundland and Labrador,Average weekly earnings including overtime for all employees,Other services (except public administration),$  934.70, -0.8%, -2.7%,145.3
Jun 2023,Newfoundland and Labrador,Average weekly earnings including overtime for all employees,Other services (except public administration),$  988.70,  5.8%,  5.6%,153.7
Jul 2023,Newfoundland and Labrador,Average weekly earnings including overtime for all employees,Other services (except public administration),"$1,007.41",  1.9%, 13.1%,156.7
Aug 2023,Newfoundland and Labrador,Average weekly earnings including overtime for all employees,Other services (except public administration),$  997.29, -1.0%, -0.9%,155.1
Sep 2023,Newfoundland and Labrador,Average weekly earnings including overtime for all employees,Other services (except public administration),"$1,019.14",  2.2%, 12.4%,158.5
Oct 2023,Newfoundland and Labrador,Average weekly earnings including overtime for all employees,Other services (except public administration),"$1,018.58", -0.1%,  8.2%,158.4
Nov 2023,Newfoundland and Labrador,Average weekly earnings including overtime for all employees,Other services (except public administration),"$1,018.23",  0.0%,  6.2%,158.3
Dec 2023,Newfoundland and Labrador,Average weekly earnings including overtime for all employees,Other services (except public administration),"$1,015.07", -0.3%,  2.6%,157.8
Jan 2024,Newfoundland and Labrador,Average weekly earnings including overtime for all employees,Other services (except public administration),"$1,003.84", -1.1%,  6.3%,156.1
Feb 2024,Newfoundland and Labrador,Average weekly earnings including overtime for all employees,Other services (except public administration),$  976.92, -2.7%,  3.5%,151.9
Mar 2024,Newfoundland and Labrador,Average weekly earnings including overtime for all employees,Other services (except public administration),"$1,008.65",  3.2%,  7.9%,156.8
Apr 2024,Newfoundland and Labrador,Average weekly earnings including overtime for all employees,Other services (except public administration),"$1,008.28",  0.0%,  7.0%,156.8
May 2024,Newfoundland and Labrador,Average weekly earnings including overtime for all employees,Other services (except public administration),"$1,034.00",  2.6%, 10.6%,160.8
Jun 2024,Newfoundland and Labrador,Average weekly earnings including overtime for all employees,Other services (except public administration),"$1,026.80", -0.7%,  3.9%,159.7
Jul 2024,Newfoundland and Labrador,Average weekly earnings including overtime for all employees,Other services (except public administration),"$1,061.06",  3.3%,  5.3%,165.0
Aug 2024,Newfoundland and Labrador,Average weekly earnings including overtime for all employees,Other services (except public administration),"$1,070.47",  0.9%,  7.3%,166.5
Sep 2024,Newfoundland and Labrador,Average weekly earnings including overtime for all employees,Other services (except public administration),"$1,042.41", -2.6%,  2.3%,162.1
Oct 2024,Newfoundland and Labrador,Average weekly earnings including overtime for all employees,Other services (except public administration),"$1,004.77", -3.6%, -1.4%,156.2
Jan 2011,Newfoundland and Labrador,Average weekly earnings including overtime for all employees,Public administration,"$1,141.52",  1.7%,  7.3%,100.0
Feb 2011,Newfoundland and Labrador,Average weekly earnings including overtime for all employees,Public administration,"$1,118.64", -2.0%,  0.6%, 98.0
Mar 2011,Newfoundland and Labrador,Average weekly earnings including overtime for all employees,Public administration,"$1,129.08",  0.9%,  4.4%, 98.9
Apr 2011,Newfoundland and Labrador,Average weekly earnings including overtime for all employees,Public administration,"$1,131.13",  0.2%,  2.6%, 99.1
May 2011,Newfoundland and Labrador,Average weekly earnings including overtime for all employees,Public administration,"$1,104.06", -2.4%,  0.2%, 96.7
Jun 2011,Newfoundland and Labrador,Average weekly earnings including overtime for all employees,Public administration,"$1,119.86",  1.4%,  0.7%, 98.1
Jul 2011,Newfoundland and Labrador,Average weekly earnings including overtime for all employees,Public administration,"$1,128.34",  0.8%,  1.5%, 98.8
Aug 2011,Newfoundland and Labrador,Average weekly earnings including overtime for all employees,Public administration,"$1,107.54", -1.8%,  1.5%, 97.0
Sep 2011,Newfoundland and Labrador,Average weekly earnings including overtime for all employees,Public administration,"$1,144.71",  3.4%,  2.9%,100.3
Oct 2011,Newfoundland and Labrador,Average weekly earnings including overtime for all employees,Public administration,"$1,171.54",  2.3%,  8.8%,102.6
Nov 2011,Newfoundland and Labrador,Average weekly earnings including overtime for all employees,Public administration,"$1,162.71", -0.8%,  4.4%,101.9
Dec 2011,Newfoundland and Labrador,Average weekly earnings including overtime for all employees,Public administration,"$1,176.12",  1.2%,  4.8%,103.0
Jan 2012,Newfoundland and Labrador,Average weekly earnings including overtime for all employees,Public administration,"$1,148.90", -2.3%,  0.6%,100.6
Feb 2012,Newfoundland and Labrador,Average weekly earnings including overtime for all employees,Public administration,"$1,168.31",  1.7%,  4.4%,102.3
Mar 2012,Newfoundland and Labrador,Average weekly earnings including overtime for all employees,Public administration,"$1,168.86",  0.0%,  3.5%,102.4
Apr 2012,Newfoundland and Labrador,Average weekly earnings including overtime for all employees,Public administration,"$1,161.97", -0.6%,  2.7%,101.8
May 2012,Newfoundland and Labrador,Average weekly earnings including overtime for all employees,Public administration,"$1,183.65",  1.9%,  7.2%,103.7
Jun 2012,Newfoundland and Labrador,Average weekly earnings including overtime for all employees,Public administration,"$1,169.46", -1.2%,  4.4%,102.4
Jul 2012,Newfoundland and Labrador,Average weekly earnings including overtime for all employees,Public administration,"$1,149.36", -1.7%,  1.9%,100.7
Aug 2012,Newfoundland and Labrador,Average weekly earnings including overtime for all employees,Public administration,"$1,157.32",  0.7%,  4.5%,101.4
Sep 2012,Newfoundland and Labrador,Average weekly earnings including overtime for all employees,Public administration,"$1,160.44",  0.3%,  1.4%,101.7
Oct 2012,Newfoundland and Labrador,Average weekly earnings including overtime for all employees,Public administration,"$1,185.97",  2.2%,  1.2%,103.9
Nov 2012,Newfoundland and Labrador,Average weekly earnings including overtime for all employees,Public administration,"$1,193.22",  0.6%,  2.6%,104.5
Dec 2012,Newfoundland and Labrador,Average weekly earnings including overtime for all employees,Public administration,"$1,174.19", -1.6%, -0.2%,102.9
Jan 2013,Newfoundland and Labrador,Average weekly earnings including overtime for all employees,Public administration,"$1,177.19",  0.3%,  2.5%,103.1
Feb 2013,Newfoundland and Labrador,Average weekly earnings including overtime for all employees,Public administration,"$1,160.34", -1.4%, -0.7%,101.6
Mar 2013,Newfoundland and Labrador,Average weekly earnings including overtime for all employees,Public administration,"$1,171.56",  1.0%,  0.2%,102.6
Apr 2013,Newfoundland and Labrador,Average weekly earnings including overtime for all employees,Public administration,"$1,153.69", -1.5%, -0.7%,101.1
May 2013,Newfoundland and Labrador,Average weekly earnings including overtime for all employees,Public administration,"$1,193.15",  3.4%,  0.8%,104.5
Jun 2013,Newfoundland and Labrador,Average weekly earnings including overtime for all employees,Public administration,"$1,186.68", -0.5%,  1.5%,104.0
Jul 2013,Newfoundland and Labrador,Average weekly earnings including overtime for all employees,Public administration,"$1,175.94", -0.9%,  2.3%,103.0
Aug 2013,Newfoundland and Labrador,Average weekly earnings including overtime for all employees,Public administration,"$1,215.15",  3.3%,  5.0%,106.5
Sep 2013,Newfoundland and Labrador,Average weekly earnings including overtime for all employees,Public administration,"$1,206.04", -0.7%,  3.9%,105.7
Oct 2013,Newfoundland and Labrador,Average weekly earnings including overtime for all employees,Public administration,"$1,155.15", -4.2%, -2.6%,101.2
Nov 2013,Newfoundland and Labrador,Average weekly earnings including overtime for all employees,Public administration,"$1,153.00", -0.2%, -3.4%,101.0
Dec 2013,Newfoundland and Labrador,Average weekly earnings including overtime for all employees,Public administration,"$1,167.06",  1.2%, -0.6%,102.2
Jan 2014,Newfoundland and Labrador,Average weekly earnings including overtime for all employees,Public administration,"$1,193.46",  2.3%,  1.4%,104.6
Feb 2014,Newfoundland and Labrador,Average weekly earnings including overtime for all employees,Public administration,"$1,224.40",  2.6%,  5.5%,107.3
Mar 2014,Newfoundland and Labrador,Average weekly earnings including overtime for all employees,Public administration,"$1,219.05", -0.4%,  4.1%,106.8
Apr 2014,Newfoundland and Labrador,Average weekly earnings including overtime for all employees,Public administration,"$1,216.32", -0.2%,  5.4%,106.6
May 2014,Newfoundland and Labrador,Average weekly earnings including overtime for all employees,Public administration,"$1,208.09", -0.7%,  1.3%,105.8
Jun 2014,Newfoundland and Labrador,Average weekly earnings including overtime for all employees,Public administration,"$1,223.12",  1.2%,  3.1%,107.1
Jul 2014,Newfoundland and Labrador,Average weekly earnings including overtime for all employees,Public administration,"$1,234.79",  1.0%,  5.0%,108.2
Aug 2014,Newfoundland and Labrador,Average weekly earnings including overtime for all employees,Public administration,"$1,264.11",  2.4%,  4.0%,110.7
Sep 2014,Newfoundland and Labrador,Average weekly earnings including overtime for all employees,Public administration,"$1,223.65", -3.2%,  1.5%,107.2
Oct 2014,Newfoundland and Labrador,Average weekly earnings including overtime for all employees,Public administration,"$1,250.58",  2.2%,  8.3%,109.6
Nov 2014,Newfoundland and Labrador,Average weekly earnings including overtime for all employees,Public administration,"$1,229.18", -1.7%,  6.6%,107.7
Dec 2014,Newfoundland and Labrador,Average weekly earnings including overtime for all employees,Public administration,"$1,216.44", -1.0%,  4.2%,106.6
Jan 2015,Newfoundland and Labrador,Average weekly earnings including overtime for all employees,Public administration,"$1,211.17", -0.4%,  1.5%,106.1
Feb 2015,Newfoundland and Labrador,Average weekly earnings including overtime for all employees,Public administration,"$1,211.86",  0.1%, -1.0%,106.2
Mar 2015,Newfoundland and Labrador,Average weekly earnings including overtime for all employees,Public administration,"$1,232.55",  1.7%,  1.1%,108.0
Apr 2015,Newfoundland and Labrador,Average weekly earnings including overtime for all employees,Public administration,"$1,250.39",  1.4%,  2.8%,109.5
May 2015,Newfoundland and Labrador,Average weekly earnings including overtime for all employees,Public administration,"$1,252.45",  0.2%,  3.7%,109.7
Jun 2015,Newfoundland and Labrador,Average weekly earnings including overtime for all employees,Public administration,"$1,263.30",  0.9%,  3.3%,110.7
Jul 2015,Newfoundland and Labrador,Average weekly earnings including overtime for all employees,Public administration,"$1,279.67",  1.3%,  3.6%,112.1
Aug 2015,Newfoundland and Labrador,Average weekly earnings including overtime for all employees,Public administration,"$1,246.10", -2.6%, -1.4%,109.2
Sep 2015,Newfoundland and Labrador,Average weekly earnings including overtime for all employees,Public administration,"$1,266.62",  1.6%,  3.5%,111.0
Oct 2015,Newfoundland and Labrador,Average weekly earnings including overtime for all employees,Public administration,"$1,263.20", -0.3%,  1.0%,110.7
Nov 2015,Newfoundland and Labrador,Average weekly earnings including overtime for all employees,Public administration,"$1,251.48", -0.9%,  1.8%,109.6
Dec 2015,Newfoundland and Labrador,Average weekly earnings including overtime for all employees,Public administration,"$1,290.93",  3.2%,  6.1%,113.1
Jan 2016,Newfoundland and Labrador,Average weekly earnings including overtime for all employees,Public administration,"$1,284.76", -0.5%,  6.1%,112.5
Feb 2016,Newfoundland and Labrador,Average weekly earnings including overtime for all employees,Public administration,"$1,267.46", -1.3%,  4.6%,111.0
Mar 2016,Newfoundland and Labrador,Average weekly earnings including overtime for all employees,Public administration,"$1,255.73", -0.9%,  1.9%,110.0
Apr 2016,Newfoundland and Labrador,Average weekly earnings including overtime for all employees,Public administration,"$1,270.56",  1.2%,  1.6%,111.3
May 2016,Newfoundland and Labrador,Average weekly earnings including overtime for all employees,Public administration,"$1,241.22", -2.3%, -0.9%,108.7
Jun 2016,Newfoundland and Labrador,Average weekly earnings including overtime for all employees,Public administration,"$1,252.37",  0.9%, -0.9%,109.7
Jul 2016,Newfoundland and Labrador,Average weekly earnings including overtime for all employees,Public administration,"$1,251.44", -0.1%, -2.2%,109.6
Aug 2016,Newfoundland and Labrador,Average weekly earnings including overtime for all employees,Public administration,"$1,248.59", -0.2%,  0.2%,109.4
Sep 2016,Newfoundland and Labrador,Average weekly earnings including overtime for all employees,Public administration,"$1,265.44",  1.3%, -0.1%,110.9
Oct 2016,Newfoundland and Labrador,Average weekly earnings including overtime for all employees,Public administration,"$1,265.76",  0.0%,  0.2%,110.9
Nov 2016,Newfoundland and Labrador,Average weekly earnings including overtime for all employees,Public administration,"$1,304.18",  3.0%,  4.2%,114.2
Dec 2016,Newfoundland and Labrador,Average weekly earnings including overtime for all employees,Public administration,"$1,283.80", -1.6%, -0.6%,112.5
Jan 2017,Newfoundland and Labrador,Average weekly earnings including overtime for all employees,Public administration,"$1,285.78",  0.2%,  0.1%,112.6
Feb 2017,Newfoundland and Labrador,Average weekly earnings including overtime for all employees,Public administration,"$1,292.10",  0.5%,  1.9%,113.2
Mar 2017,Newfoundland and Labrador,Average weekly earnings including overtime for all employees,Public administration,"$1,291.26", -0.1%,  2.8%,113.1
Apr 2017,Newfoundland and Labrador,Average weekly earnings including overtime for all employees,Public administration,"$1,281.02", -0.8%,  0.8%,112.2
May 2017,Newfoundland and Labrador,Average weekly earnings including overtime for all employees,Public administration,"$1,280.16", -0.1%,  3.1%,112.1
Jun 2017,Newfoundland and Labrador,Average weekly earnings including overtime for all employees,Public administration,"$1,258.03", -1.7%,  0.5%,110.2
Jul 2017,Newfoundland and Labrador,Average weekly earnings including overtime for all employees,Public administration,"$1,269.43",  0.9%,  1.4%,111.2
Aug 2017,Newfoundland and Labrador,Average weekly earnings including overtime for all employees,Public administration,"$1,274.93",  0.4%,  2.1%,111.7
Sep 2017,Newfoundland and Labrador,Average weekly earnings including overtime for all employees,Public administration,"$1,279.90",  0.4%,  1.1%,112.1
Oct 2017,Newfoundland and Labrador,Average weekly earnings including overtime for all employees,Public administration,"$1,291.35",  0.9%,  2.0%,113.1
Nov 2017,Newfoundland and Labrador,Average weekly earnings including overtime for all employees,Public administration,"$1,319.48",  2.2%,  1.2%,115.6
Dec 2017,Newfoundland and Labrador,Average weekly earnings including overtime for all employees,Public administration,"$1,272.37", -3.6%, -0.9%,111.5
Jan 2018,Newfoundland and Labrador,Average weekly earnings including overtime for all employees,Public administration,"$1,310.11",  3.0%,  1.9%,114.8
Feb 2018,Newfoundland and Labrador,Average weekly earnings including overtime for all employees,Public administration,"$1,304.76", -0.4%,  1.0%,114.3
Mar 2018,Newfoundland and Labrador,Average weekly earnings including overtime for all employees,Public administration,"$1,282.76", -1.7%, -0.7%,112.4
Apr 2018,Newfoundland and Labrador,Average weekly earnings including overtime for all employees,Public administration,"$1,324.42",  3.2%,  3.4%,116.0
May 2018,Newfoundland and Labrador,Average weekly earnings including overtime for all employees,Public administration,"$1,316.79", -0.6%,  2.9%,115.4
Jun 2018,Newfoundland and Labrador,Average weekly earnings including overtime for all employees,Public administration,"$1,336.28",  1.5%,  6.2%,117.1
Jul 2018,Newfoundland and Labrador,Average weekly earnings including overtime for all employees,Public administration,"$1,312.84", -1.8%,  3.4%,115.0
Aug 2018,Newfoundland and Labrador,Average weekly earnings including overtime for all employees,Public administration,"$1,310.36", -0.2%,  2.8%,114.8
Sep 2018,Newfoundland and Labrador,Average weekly earnings including overtime for all employees,Public administration,"$1,339.60",  2.2%,  4.7%,117.4
Oct 2018,Newfoundland and Labrador,Average weekly earnings including overtime for all employees,Public administration,"$1,312.46", -2.0%,  1.6%,115.0
Nov 2018,Newfoundland and Labrador,Average weekly earnings including overtime for all employees,Public administration,"$1,289.37", -1.8%, -2.3%,113.0
Dec 2018,Newfoundland and Labrador,Average weekly earnings including overtime for all employees,Public administration,"$1,331.20",  3.2%,  4.6%,116.6
Jan 2019,Newfoundland and Labrador,Average weekly earnings including overtime for all employees,Public administration,"$1,300.62", -2.3%, -0.7%,113.9
Feb 2019,Newfoundland and Labrador,Average weekly earnings including overtime for all employees,Public administration,"$1,307.29",  0.5%,  0.2%,114.5
Mar 2019,Newfoundland and Labrador,Average weekly earnings including overtime for all employees,Public administration,"$1,351.44",  3.4%,  5.4%,118.4
Apr 2019,Newfoundland and Labrador,Average weekly earnings including overtime for all employees,Public administration,"$1,290.82", -4.5%, -2.5%,113.1
May 2019,Newfoundland and Labrador,Average weekly earnings including overtime for all employees,Public administration,"$1,323.87",  2.6%,  0.5%,116.0
Jun 2019,Newfoundland and Labrador,Average weekly earnings including overtime for all employees,Public administration,"$1,301.88", -1.7%, -2.6%,114.0
Jul 2019,Newfoundland and Labrador,Average weekly earnings including overtime for all employees,Public administration,"$1,296.87", -0.4%, -1.2%,113.6
Aug 2019,Newfoundland and Labrador,Average weekly earnings including overtime for all employees,Public administration,"$1,292.07", -0.4%, -1.4%,113.2
Sep 2019,Newfoundland and Labrador,Average weekly earnings including overtime for all employees,Public administration,"$1,262.70", -2.3%, -5.7%,110.6
Oct 2019,Newfoundland and Labrador,Average weekly earnings including overtime for all employees,Public administration,"$1,288.04",  2.0%, -1.9%,112.8
Nov 2019,Newfoundland and Labrador,Average weekly earnings including overtime for all employees,Public administration,"$1,298.24",  0.8%,  0.7%,113.7
Dec 2019,Newfoundland and Labrador,Average weekly earnings including overtime for all employees,Public administration,"$1,308.66",  0.8%, -1.7%,114.6
Jan 2020,Newfoundland and Labrador,Average weekly earnings including overtime for all employees,Public administration,"$1,311.09",  0.2%,  0.8%,114.9
Feb 2020,Newfoundland and Labrador,Average weekly earnings including overtime for all employees,Public administration,"$1,310.94",  0.0%,  0.3%,114.8
Mar 2020,Newfoundland and Labrador,Average weekly earnings including overtime for all employees,Public administration,"$1,297.51", -1.0%, -4.0%,113.7
Apr 2020,Newfoundland and Labrador,Average weekly earnings including overtime for all employees,Public administration,"$1,363.81",  5.1%,  5.7%,119.5
May 2020,Newfoundland and Labrador,Average weekly earnings including overtime for all employees,Public administration,"$1,406.73",  3.1%,  6.3%,123.2
Jun 2020,Newfoundland and Labrador,Average weekly earnings including overtime for all employees,Public administration,"$1,337.69", -4.9%,  2.8%,117.2
Jul 2020,Newfoundland and Labrador,Average weekly earnings including overtime for all employees,Public administration,"$1,381.40",  3.3%,  6.5%,121.0
Aug 2020,Newfoundland and Labrador,Average weekly earnings including overtime for all employees,Public administration,"$1,375.30", -0.4%,  6.4%,120.5
Sep 2020,Newfoundland and Labrador,Average weekly earnings including overtime for all employees,Public administration,"$1,319.19", -4.1%,  4.5%,115.6
Oct 2020,Newfoundland and Labrador,Average weekly earnings including overtime for all employees,Public administration,"$1,366.78",  3.6%,  6.1%,119.7
Nov 2020,Newfoundland and Labrador,Average weekly earnings including overtime for all employees,Public administration,"$1,327.44", -2.9%,  2.2%,116.3
Dec 2020,Newfoundland and Labrador,Average weekly earnings including overtime for all employees,Public administration,"$1,383.34",  4.2%,  5.7%,121.2
Jan 2021,Newfoundland and Labrador,Average weekly earnings including overtime for all employees,Public administration,"$1,310.07", -5.3%, -0.1%,114.8
Feb 2021,Newfoundland and Labrador,Average weekly earnings including overtime for all employees,Public administration,"$1,323.50",  1.0%,  1.0%,115.9
Mar 2021,Newfoundland and Labrador,Average weekly earnings including overtime for all employees,Public administration,"$1,372.90",  3.7%,  5.8%,120.3
Apr 2021,Newfoundland and Labrador,Average weekly earnings including overtime for all employees,Public administration,"$1,359.35", -1.0%, -0.3%,119.1
May 2021,Newfoundland and Labrador,Average weekly earnings including overtime for all employees,Public administration,"$1,352.59", -0.5%, -3.8%,118.5
Jun 2021,Newfoundland and Labrador,Average weekly earnings including overtime for all employees,Public administration,"$1,321.17", -2.3%, -1.2%,115.7
Jul 2021,Newfoundland and Labrador,Average weekly earnings including overtime for all employees,Public administration,"$1,340.73",  1.5%, -2.9%,117.5
Aug 2021,Newfoundland and Labrador,Average weekly earnings including overtime for all employees,Public administration,"$1,380.07",  2.9%,  0.3%,120.9
Sep 2021,Newfoundland and Labrador,Average weekly earnings including overtime for all employees,Public administration,"$1,385.87",  0.4%,  5.1%,121.4
Oct 2021,Newfoundland and Labrador,Average weekly earnings including overtime for all employees,Public administration,"$1,368.62", -1.2%,  0.1%,119.9
Nov 2021,Newfoundland and Labrador,Average weekly earnings including overtime for all employees,Public administration,"$1,375.77",  0.5%,  3.6%,120.5
Dec 2021,Newfoundland and Labrador,Average weekly earnings including overtime for all employees,Public administration,"$1,378.05",  0.2%, -0.4%,120.7
Jan 2022,Newfoundland and Labrador,Average weekly earnings including overtime for all employees,Public administration,"$1,406.44",  2.1%,  7.4%,123.2
Feb 2022,Newfoundland and Labrador,Average weekly earnings including overtime for all employees,Public administration,"$1,415.51",  0.6%,  7.0%,124.0
Mar 2022,Newfoundland and Labrador,Average weekly earnings including overtime for all employees,Public administration,"$1,385.48", -2.1%,  0.9%,121.4
Apr 2022,Newfoundland and Labrador,Average weekly earnings including overtime for all employees,Public administration,"$1,377.82", -0.6%,  1.4%,120.7
May 2022,Newfoundland and Labrador,Average weekly earnings including overtime for all employees,Public administration,"$1,403.45",  1.9%,  3.8%,122.9
Jun 2022,Newfoundland and Labrador,Average weekly earnings including overtime for all employees,Public administration,"$1,414.42",  0.8%,  7.1%,123.9
Jul 2022,Newfoundland and Labrador,Average weekly earnings including overtime for all employees,Public administration,"$1,399.91", -1.0%,  4.4%,122.6
Aug 2022,Newfoundland and Labrador,Average weekly earnings including overtime for all employees,Public administration,"$1,398.36", -0.1%,  1.3%,122.5
Sep 2022,Newfoundland and Labrador,Average weekly earnings including overtime for all employees,Public administration,"$1,395.96", -0.2%,  0.7%,122.3
Oct 2022,Newfoundland and Labrador,Average weekly earnings including overtime for all employees,Public administration,"$1,420.29",  1.7%,  3.8%,124.4
Nov 2022,Newfoundland and Labrador,Average weekly earnings including overtime for all employees,Public administration,"$1,459.23",  2.7%,  6.1%,127.8
Dec 2022,Newfoundland and Labrador,Average weekly earnings including overtime for all employees,Public administration,"$1,449.86", -0.6%,  5.2%,127.0
Jan 2023,Newfoundland and Labrador,Average weekly earnings including overtime for all employees,Public administration,"$1,444.83", -0.3%,  2.7%,126.6
Feb 2023,Newfoundland and Labrador,Average weekly earnings including overtime for all employees,Public administration,"$1,440.24", -0.3%,  1.7%,126.2
Mar 2023,Newfoundland and Labrador,Average weekly earnings including overtime for all employees,Public administration,"$1,418.96", -1.5%,  2.4%,124.3
Apr 2023,Newfoundland and Labrador,Average weekly earnings including overtime for all employees,Public administration,"$1,468.14",  3.5%,  6.6%,128.6
May 2023,Newfoundland and Labrador,Average weekly earnings including overtime for all employees,Public administration,"$1,432.52", -2.4%,  2.1%,125.5
Jun 2023,Newfoundland and Labrador,Average weekly earnings including overtime for all employees,Public administration,"$1,436.04",  0.2%,  1.5%,125.8
Jul 2023,Newfoundland and Labrador,Average weekly earnings including overtime for all employees,Public administration,"$1,468.81",  2.3%,  4.9%,128.7
Aug 2023,Newfoundland and Labrador,Average weekly earnings including overtime for all employees,Public administration,"$1,450.84", -1.2%,  3.8%,127.1
Sep 2023,Newfoundland and Labrador,Average weekly earnings including overtime for all employees,Public administration,"$1,480.25",  2.0%,  6.0%,129.7
Oct 2023,Newfoundland and Labrador,Average weekly earnings including overtime for all employees,Public administration,"$1,489.03",  0.6%,  4.8%,130.4
Nov 2023,Newfoundland and Labrador,Average weekly earnings including overtime for all employees,Public administration,"$1,480.50", -0.6%,  1.5%,129.7
Dec 2023,Newfoundland and Labrador,Average weekly earnings including overtime for all employees,Public administration,"$1,484.00",  0.2%,  2.4%,130.0
Jan 2024,Newfoundland and Labrador,Average weekly earnings including overtime for all employees,Public administration,"$1,498.13",  1.0%,  3.7%,131.2
Feb 2024,Newfoundland and Labrador,Average weekly earnings including overtime for all employees,Public administration,"$1,506.87",  0.6%,  4.6%,132.0
Mar 2024,Newfoundland and Labrador,Average weekly earnings including overtime for all employees,Public administration,"$1,531.02",  1.6%,  7.9%,134.1
Apr 2024,Newfoundland and Labrador,Average weekly earnings including overtime for all employees,Public administration,"$1,531.91",  0.1%,  4.3%,134.2
May 2024,Newfoundland and Labrador,Average weekly earnings including overtime for all employees,Public administration,"$1,523.72", -0.5%,  6.4%,133.5
Jun 2024,Newfoundland and Labrador,Average weekly earnings including overtime for all employees,Public administration,"$1,529.98",  0.4%,  6.5%,134.0
Jul 2024,Newfoundland and Labrador,Average weekly earnings including overtime for all employees,Public administration,"$1,555.10",  1.6%,  5.9%,136.2
Aug 2024,Newfoundland and Labrador,Average weekly earnings including overtime for all employees,Public administration,"$1,560.27",  0.3%,  7.5%,136.7
Sep 2024,Newfoundland and Labrador,Average weekly earnings including overtime for all employees,Public administration,"$1,518.27", -2.7%,  2.6%,133.0
Oct 2024,Newfoundland and Labrador,Average weekly earnings including overtime for all employees,Public administration,"$1,537.21",  1.2%,  3.2%,134.7
,,,,,,,
"Source: Statistics Canada. Table 14 10 0223 Employment and average weekly earnings (including overtime) for all employees by province and territory, monthly, seasonally adjusted",,,,,,,
