Month,Geography,Estimate,North American Industry Classification System (NAICS),Value,Monthly Change,Yearly change,Indexed value
Jan 2011,Nova Scotia,Average weekly earnings including overtime for all employees,Transportation and warehousing,$  896.94,  2.8%, 12.8%,100.0
Feb 2011,Nova Scotia,Average weekly earnings including overtime for all employees,Transportation and warehousing,$  919.82,  2.6%, 16.1%,102.6
Mar 2011,Nova Scotia,Average weekly earnings including overtime for all employees,Transportation and warehousing,$  907.13, -1.4%, 12.4%,101.1
Apr 2011,Nova Scotia,Average weekly earnings including overtime for all employees,Transportation and warehousing,$  905.02, -0.2%, 10.1%,100.9
May 2011,Nova Scotia,Average weekly earnings including overtime for all employees,Transportation and warehousing,$  895.85, -1.0%,  8.6%, 99.9
Jun 2011,Nova Scotia,Average weekly earnings including overtime for all employees,Transportation and warehousing,$  889.74, -0.7%,  8.0%, 99.2
Jul 2011,Nova Scotia,Average weekly earnings including overtime for all employees,Transportation and warehousing,$  890.33,  0.1%,  8.6%, 99.3
Aug 2011,Nova Scotia,Average weekly earnings including overtime for all employees,Transportation and warehousing,$  871.45, -2.1%,  5.7%, 97.2
Sep 2011,Nova Scotia,Average weekly earnings including overtime for all employees,Transportation and warehousing,$  847.85, -2.7%,  2.5%, 94.5
Oct 2011,Nova Scotia,Average weekly earnings including overtime for all employees,Transportation and warehousing,$  875.87,  3.3%,  6.5%, 97.7
Nov 2011,Nova Scotia,Average weekly earnings including overtime for all employees,Transportation and warehousing,$  907.04,  3.6%,  9.3%,101.1
Dec 2011,Nova Scotia,Average weekly earnings including overtime for all employees,Transportation and warehousing,$  854.23, -5.8%, -2.1%, 95.2
Jan 2012,Nova Scotia,Average weekly earnings including overtime for all employees,Transportation and warehousing,$  867.05,  1.5%, -3.3%, 96.7
Feb 2012,Nova Scotia,Average weekly earnings including overtime for all employees,Transportation and warehousing,$  822.80, -5.1%,-10.5%, 91.7
Mar 2012,Nova Scotia,Average weekly earnings including overtime for all employees,Transportation and warehousing,$  936.24, 13.8%,  3.2%,104.4
Apr 2012,Nova Scotia,Average weekly earnings including overtime for all employees,Transportation and warehousing,$  901.45, -3.7%, -0.4%,100.5
May 2012,Nova Scotia,Average weekly earnings including overtime for all employees,Transportation and warehousing,$  862.36, -4.3%, -3.7%, 96.1
Jun 2012,Nova Scotia,Average weekly earnings including overtime for all employees,Transportation and warehousing,$  872.33,  1.2%, -2.0%, 97.3
Jul 2012,Nova Scotia,Average weekly earnings including overtime for all employees,Transportation and warehousing,$  866.79, -0.6%, -2.6%, 96.6
Aug 2012,Nova Scotia,Average weekly earnings including overtime for all employees,Transportation and warehousing,$  942.47,  8.7%,  8.1%,105.1
Sep 2012,Nova Scotia,Average weekly earnings including overtime for all employees,Transportation and warehousing,$  871.96, -7.5%,  2.8%, 97.2
Oct 2012,Nova Scotia,Average weekly earnings including overtime for all employees,Transportation and warehousing,$  874.65,  0.3%, -0.1%, 97.5
Nov 2012,Nova Scotia,Average weekly earnings including overtime for all employees,Transportation and warehousing,$  864.83, -1.1%, -4.7%, 96.4
Dec 2012,Nova Scotia,Average weekly earnings including overtime for all employees,Transportation and warehousing,$  932.01,  7.8%,  9.1%,103.9
Jan 2013,Nova Scotia,Average weekly earnings including overtime for all employees,Transportation and warehousing,$  925.42, -0.7%,  6.7%,103.2
Feb 2013,Nova Scotia,Average weekly earnings including overtime for all employees,Transportation and warehousing,$  889.30, -3.9%,  8.1%, 99.1
Mar 2013,Nova Scotia,Average weekly earnings including overtime for all employees,Transportation and warehousing,$  919.41,  3.4%, -1.8%,102.5
Apr 2013,Nova Scotia,Average weekly earnings including overtime for all employees,Transportation and warehousing,$  927.06,  0.8%,  2.8%,103.4
May 2013,Nova Scotia,Average weekly earnings including overtime for all employees,Transportation and warehousing,$  936.43,  1.0%,  8.6%,104.4
Jun 2013,Nova Scotia,Average weekly earnings including overtime for all employees,Transportation and warehousing,$  940.99,  0.5%,  7.9%,104.9
Jul 2013,Nova Scotia,Average weekly earnings including overtime for all employees,Transportation and warehousing,$  884.32, -6.0%,  2.0%, 98.6
Aug 2013,Nova Scotia,Average weekly earnings including overtime for all employees,Transportation and warehousing,$  969.01,  9.6%,  2.8%,108.0
Sep 2013,Nova Scotia,Average weekly earnings including overtime for all employees,Transportation and warehousing,$  863.74,-10.9%, -0.9%, 96.3
Oct 2013,Nova Scotia,Average weekly earnings including overtime for all employees,Transportation and warehousing,$  906.05,  4.9%,  3.6%,101.0
Nov 2013,Nova Scotia,Average weekly earnings including overtime for all employees,Transportation and warehousing,$  869.31, -4.1%,  0.5%, 96.9
Dec 2013,Nova Scotia,Average weekly earnings including overtime for all employees,Transportation and warehousing,$  930.84,  7.1%, -0.1%,103.8
Jan 2014,Nova Scotia,Average weekly earnings including overtime for all employees,Transportation and warehousing,$  860.95, -7.5%, -7.0%, 96.0
Feb 2014,Nova Scotia,Average weekly earnings including overtime for all employees,Transportation and warehousing,$  947.55, 10.1%,  6.6%,105.6
Mar 2014,Nova Scotia,Average weekly earnings including overtime for all employees,Transportation and warehousing,$  940.27, -0.8%,  2.3%,104.8
Apr 2014,Nova Scotia,Average weekly earnings including overtime for all employees,Transportation and warehousing,$  965.99,  2.7%,  4.2%,107.7
May 2014,Nova Scotia,Average weekly earnings including overtime for all employees,Transportation and warehousing,$  908.68, -5.9%, -3.0%,101.3
Jun 2014,Nova Scotia,Average weekly earnings including overtime for all employees,Transportation and warehousing,$  868.21, -4.5%, -7.7%, 96.8
Jul 2014,Nova Scotia,Average weekly earnings including overtime for all employees,Transportation and warehousing,$  917.41,  5.7%,  3.7%,102.3
Aug 2014,Nova Scotia,Average weekly earnings including overtime for all employees,Transportation and warehousing,$  923.70,  0.7%, -4.7%,103.0
Sep 2014,Nova Scotia,Average weekly earnings including overtime for all employees,Transportation and warehousing,$  911.28, -1.3%,  5.5%,101.6
Oct 2014,Nova Scotia,Average weekly earnings including overtime for all employees,Transportation and warehousing,$  907.94, -0.4%,  0.2%,101.2
Nov 2014,Nova Scotia,Average weekly earnings including overtime for all employees,Transportation and warehousing,$  964.49,  6.2%, 10.9%,107.5
Dec 2014,Nova Scotia,Average weekly earnings including overtime for all employees,Transportation and warehousing,"$1,045.25",  8.4%, 12.3%,116.5
Jan 2015,Nova Scotia,Average weekly earnings including overtime for all employees,Transportation and warehousing,$  974.48, -6.8%, 13.2%,108.6
Feb 2015,Nova Scotia,Average weekly earnings including overtime for all employees,Transportation and warehousing,$  961.90, -1.3%,  1.5%,107.2
Mar 2015,Nova Scotia,Average weekly earnings including overtime for all employees,Transportation and warehousing,$  956.25, -0.6%,  1.7%,106.6
Apr 2015,Nova Scotia,Average weekly earnings including overtime for all employees,Transportation and warehousing,"$1,006.48",  5.3%,  4.2%,112.2
May 2015,Nova Scotia,Average weekly earnings including overtime for all employees,Transportation and warehousing,$  964.48, -4.2%,  6.1%,107.5
Jun 2015,Nova Scotia,Average weekly earnings including overtime for all employees,Transportation and warehousing,$  933.18, -3.2%,  7.5%,104.0
Jul 2015,Nova Scotia,Average weekly earnings including overtime for all employees,Transportation and warehousing,$  938.87,  0.6%,  2.3%,104.7
Aug 2015,Nova Scotia,Average weekly earnings including overtime for all employees,Transportation and warehousing,$  922.20, -1.8%, -0.2%,102.8
Sep 2015,Nova Scotia,Average weekly earnings including overtime for all employees,Transportation and warehousing,$  915.98, -0.7%,  0.5%,102.1
Oct 2015,Nova Scotia,Average weekly earnings including overtime for all employees,Transportation and warehousing,$  959.69,  4.8%,  5.7%,107.0
Nov 2015,Nova Scotia,Average weekly earnings including overtime for all employees,Transportation and warehousing,$  928.15, -3.3%, -3.8%,103.5
Dec 2015,Nova Scotia,Average weekly earnings including overtime for all employees,Transportation and warehousing,$  976.83,  5.2%, -6.5%,108.9
Jan 2016,Nova Scotia,Average weekly earnings including overtime for all employees,Transportation and warehousing,$  918.89, -5.9%, -5.7%,102.4
Feb 2016,Nova Scotia,Average weekly earnings including overtime for all employees,Transportation and warehousing,$  951.55,  3.6%, -1.1%,106.1
Mar 2016,Nova Scotia,Average weekly earnings including overtime for all employees,Transportation and warehousing,$  980.53,  3.0%,  2.5%,109.3
Apr 2016,Nova Scotia,Average weekly earnings including overtime for all employees,Transportation and warehousing,$  959.81, -2.1%, -4.6%,107.0
May 2016,Nova Scotia,Average weekly earnings including overtime for all employees,Transportation and warehousing,$  932.34, -2.9%, -3.3%,103.9
Jun 2016,Nova Scotia,Average weekly earnings including overtime for all employees,Transportation and warehousing,$  905.72, -2.9%, -2.9%,101.0
Jul 2016,Nova Scotia,Average weekly earnings including overtime for all employees,Transportation and warehousing,$  880.22, -2.8%, -6.2%, 98.1
Aug 2016,Nova Scotia,Average weekly earnings including overtime for all employees,Transportation and warehousing,$  900.57,  2.3%, -2.3%,100.4
Sep 2016,Nova Scotia,Average weekly earnings including overtime for all employees,Transportation and warehousing,$  918.66,  2.0%,  0.3%,102.4
Oct 2016,Nova Scotia,Average weekly earnings including overtime for all employees,Transportation and warehousing,$  915.33, -0.4%, -4.6%,102.1
Nov 2016,Nova Scotia,Average weekly earnings including overtime for all employees,Transportation and warehousing,$  914.17, -0.1%, -1.5%,101.9
Dec 2016,Nova Scotia,Average weekly earnings including overtime for all employees,Transportation and warehousing,$  933.94,  2.2%, -4.4%,104.1
Jan 2017,Nova Scotia,Average weekly earnings including overtime for all employees,Transportation and warehousing,$  898.43, -3.8%, -2.2%,100.2
Feb 2017,Nova Scotia,Average weekly earnings including overtime for all employees,Transportation and warehousing,$  933.15,  3.9%, -1.9%,104.0
Mar 2017,Nova Scotia,Average weekly earnings including overtime for all employees,Transportation and warehousing,$  954.91,  2.3%, -2.6%,106.5
Apr 2017,Nova Scotia,Average weekly earnings including overtime for all employees,Transportation and warehousing,"$1,010.34",  5.8%,  5.3%,112.6
May 2017,Nova Scotia,Average weekly earnings including overtime for all employees,Transportation and warehousing,$  992.37, -1.8%,  6.4%,110.6
Jun 2017,Nova Scotia,Average weekly earnings including overtime for all employees,Transportation and warehousing,$  941.65, -5.1%,  4.0%,105.0
Jul 2017,Nova Scotia,Average weekly earnings including overtime for all employees,Transportation and warehousing,$  916.80, -2.6%,  4.2%,102.2
Aug 2017,Nova Scotia,Average weekly earnings including overtime for all employees,Transportation and warehousing,$  951.85,  3.8%,  5.7%,106.1
Sep 2017,Nova Scotia,Average weekly earnings including overtime for all employees,Transportation and warehousing,$  934.29, -1.8%,  1.7%,104.2
Oct 2017,Nova Scotia,Average weekly earnings including overtime for all employees,Transportation and warehousing,$  950.83,  1.8%,  3.9%,106.0
Nov 2017,Nova Scotia,Average weekly earnings including overtime for all employees,Transportation and warehousing,$  949.04, -0.2%,  3.8%,105.8
Dec 2017,Nova Scotia,Average weekly earnings including overtime for all employees,Transportation and warehousing,$  959.60,  1.1%,  2.7%,107.0
Jan 2018,Nova Scotia,Average weekly earnings including overtime for all employees,Transportation and warehousing,$  955.39, -0.4%,  6.3%,106.5
Feb 2018,Nova Scotia,Average weekly earnings including overtime for all employees,Transportation and warehousing,$  920.28, -3.7%, -1.4%,102.6
Mar 2018,Nova Scotia,Average weekly earnings including overtime for all employees,Transportation and warehousing,$  991.15,  7.7%,  3.8%,110.5
Apr 2018,Nova Scotia,Average weekly earnings including overtime for all employees,Transportation and warehousing,$  967.06, -2.4%, -4.3%,107.8
May 2018,Nova Scotia,Average weekly earnings including overtime for all employees,Transportation and warehousing,$  936.29, -3.2%, -5.7%,104.4
Jun 2018,Nova Scotia,Average weekly earnings including overtime for all employees,Transportation and warehousing,$  937.32,  0.1%, -0.5%,104.5
Jul 2018,Nova Scotia,Average weekly earnings including overtime for all employees,Transportation and warehousing,$  937.15,  0.0%,  2.2%,104.5
Aug 2018,Nova Scotia,Average weekly earnings including overtime for all employees,Transportation and warehousing,$  984.41,  5.0%,  3.4%,109.8
Sep 2018,Nova Scotia,Average weekly earnings including overtime for all employees,Transportation and warehousing,$  940.84, -4.4%,  0.7%,104.9
Oct 2018,Nova Scotia,Average weekly earnings including overtime for all employees,Transportation and warehousing,$  969.55,  3.1%,  2.0%,108.1
Nov 2018,Nova Scotia,Average weekly earnings including overtime for all employees,Transportation and warehousing,$  940.54, -3.0%, -0.9%,104.9
Dec 2018,Nova Scotia,Average weekly earnings including overtime for all employees,Transportation and warehousing,"$1,015.36",  8.0%,  5.8%,113.2
Jan 2019,Nova Scotia,Average weekly earnings including overtime for all employees,Transportation and warehousing,$  941.33, -7.3%, -1.5%,104.9
Feb 2019,Nova Scotia,Average weekly earnings including overtime for all employees,Transportation and warehousing,$  983.56,  4.5%,  6.9%,109.7
Mar 2019,Nova Scotia,Average weekly earnings including overtime for all employees,Transportation and warehousing,$  965.95, -1.8%, -2.5%,107.7
Apr 2019,Nova Scotia,Average weekly earnings including overtime for all employees,Transportation and warehousing,$  973.25,  0.8%,  0.6%,108.5
May 2019,Nova Scotia,Average weekly earnings including overtime for all employees,Transportation and warehousing,$  936.41, -3.8%,  0.0%,104.4
Jun 2019,Nova Scotia,Average weekly earnings including overtime for all employees,Transportation and warehousing,$  951.93,  1.7%,  1.6%,106.1
Jul 2019,Nova Scotia,Average weekly earnings including overtime for all employees,Transportation and warehousing,$  947.77, -0.4%,  1.1%,105.7
Aug 2019,Nova Scotia,Average weekly earnings including overtime for all employees,Transportation and warehousing,$  981.04,  3.5%, -0.3%,109.4
Sep 2019,Nova Scotia,Average weekly earnings including overtime for all employees,Transportation and warehousing,$  959.55, -2.2%,  2.0%,107.0
Oct 2019,Nova Scotia,Average weekly earnings including overtime for all employees,Transportation and warehousing,$  907.29, -5.4%, -6.4%,101.2
Nov 2019,Nova Scotia,Average weekly earnings including overtime for all employees,Transportation and warehousing,$  951.11,  4.8%,  1.1%,106.0
Dec 2019,Nova Scotia,Average weekly earnings including overtime for all employees,Transportation and warehousing,$  944.01, -0.7%, -7.0%,105.2
Jan 2020,Nova Scotia,Average weekly earnings including overtime for all employees,Transportation and warehousing,$  950.42,  0.7%,  1.0%,106.0
Feb 2020,Nova Scotia,Average weekly earnings including overtime for all employees,Transportation and warehousing,$  947.84, -0.3%, -3.6%,105.7
Mar 2020,Nova Scotia,Average weekly earnings including overtime for all employees,Transportation and warehousing,$  969.81,  2.3%,  0.4%,108.1
Apr 2020,Nova Scotia,Average weekly earnings including overtime for all employees,Transportation and warehousing,$  984.22,  1.5%,  1.1%,109.7
May 2020,Nova Scotia,Average weekly earnings including overtime for all employees,Transportation and warehousing,"$1,068.00",  8.5%, 14.1%,119.1
Jun 2020,Nova Scotia,Average weekly earnings including overtime for all employees,Transportation and warehousing,"$1,115.52",  4.4%, 17.2%,124.4
Jul 2020,Nova Scotia,Average weekly earnings including overtime for all employees,Transportation and warehousing,"$1,119.13",  0.3%, 18.1%,124.8
Aug 2020,Nova Scotia,Average weekly earnings including overtime for all employees,Transportation and warehousing,"$1,145.22",  2.3%, 16.7%,127.7
Sep 2020,Nova Scotia,Average weekly earnings including overtime for all employees,Transportation and warehousing,"$1,101.38", -3.8%, 14.8%,122.8
Oct 2020,Nova Scotia,Average weekly earnings including overtime for all employees,Transportation and warehousing,"$1,096.85", -0.4%, 20.9%,122.3
Nov 2020,Nova Scotia,Average weekly earnings including overtime for all employees,Transportation and warehousing,"$1,086.11", -1.0%, 14.2%,121.1
Dec 2020,Nova Scotia,Average weekly earnings including overtime for all employees,Transportation and warehousing,"$1,104.31",  1.7%, 17.0%,123.1
Jan 2021,Nova Scotia,Average weekly earnings including overtime for all employees,Transportation and warehousing,"$1,085.96", -1.7%, 14.3%,121.1
Feb 2021,Nova Scotia,Average weekly earnings including overtime for all employees,Transportation and warehousing,"$1,111.81",  2.4%, 17.3%,124.0
Mar 2021,Nova Scotia,Average weekly earnings including overtime for all employees,Transportation and warehousing,"$1,089.74", -2.0%, 12.4%,121.5
Apr 2021,Nova Scotia,Average weekly earnings including overtime for all employees,Transportation and warehousing,"$1,102.58",  1.2%, 12.0%,122.9
May 2021,Nova Scotia,Average weekly earnings including overtime for all employees,Transportation and warehousing,"$1,068.47", -3.1%,  0.0%,119.1
Jun 2021,Nova Scotia,Average weekly earnings including overtime for all employees,Transportation and warehousing,"$1,061.82", -0.6%, -4.8%,118.4
Jul 2021,Nova Scotia,Average weekly earnings including overtime for all employees,Transportation and warehousing,"$1,079.03",  1.6%, -3.6%,120.3
Aug 2021,Nova Scotia,Average weekly earnings including overtime for all employees,Transportation and warehousing,"$1,061.66", -1.6%, -7.3%,118.4
Sep 2021,Nova Scotia,Average weekly earnings including overtime for all employees,Transportation and warehousing,"$1,014.63", -4.4%, -7.9%,113.1
Oct 2021,Nova Scotia,Average weekly earnings including overtime for all employees,Transportation and warehousing,"$1,013.15", -0.1%, -7.6%,113.0
Nov 2021,Nova Scotia,Average weekly earnings including overtime for all employees,Transportation and warehousing,$  997.39, -1.6%, -8.2%,111.2
Dec 2021,Nova Scotia,Average weekly earnings including overtime for all employees,Transportation and warehousing,"$1,020.87",  2.4%, -7.6%,113.8
Jan 2022,Nova Scotia,Average weekly earnings including overtime for all employees,Transportation and warehousing,"$1,034.37",  1.3%, -4.8%,115.3
Feb 2022,Nova Scotia,Average weekly earnings including overtime for all employees,Transportation and warehousing,"$1,069.88",  3.4%, -3.8%,119.3
Mar 2022,Nova Scotia,Average weekly earnings including overtime for all employees,Transportation and warehousing,"$1,080.06",  1.0%, -0.9%,120.4
Apr 2022,Nova Scotia,Average weekly earnings including overtime for all employees,Transportation and warehousing,"$1,067.79", -1.1%, -3.2%,119.0
May 2022,Nova Scotia,Average weekly earnings including overtime for all employees,Transportation and warehousing,"$1,060.79", -0.7%, -0.7%,118.3
Jun 2022,Nova Scotia,Average weekly earnings including overtime for all employees,Transportation and warehousing,"$1,058.75", -0.2%, -0.3%,118.0
Jul 2022,Nova Scotia,Average weekly earnings including overtime for all employees,Transportation and warehousing,"$1,065.80",  0.7%, -1.2%,118.8
Aug 2022,Nova Scotia,Average weekly earnings including overtime for all employees,Transportation and warehousing,"$1,055.53", -1.0%, -0.6%,117.7
Sep 2022,Nova Scotia,Average weekly earnings including overtime for all employees,Transportation and warehousing,"$1,055.84",  0.0%,  4.1%,117.7
Oct 2022,Nova Scotia,Average weekly earnings including overtime for all employees,Transportation and warehousing,"$1,085.38",  2.8%,  7.1%,121.0
Nov 2022,Nova Scotia,Average weekly earnings including overtime for all employees,Transportation and warehousing,"$1,071.26", -1.3%,  7.4%,119.4
Dec 2022,Nova Scotia,Average weekly earnings including overtime for all employees,Transportation and warehousing,"$1,060.31", -1.0%,  3.9%,118.2
Jan 2023,Nova Scotia,Average weekly earnings including overtime for all employees,Transportation and warehousing,"$1,042.55", -1.7%,  0.8%,116.2
Feb 2023,Nova Scotia,Average weekly earnings including overtime for all employees,Transportation and warehousing,"$1,067.99",  2.4%, -0.2%,119.1
Mar 2023,Nova Scotia,Average weekly earnings including overtime for all employees,Transportation and warehousing,"$1,097.26",  2.7%,  1.6%,122.3
Apr 2023,Nova Scotia,Average weekly earnings including overtime for all employees,Transportation and warehousing,"$1,122.88",  2.3%,  5.2%,125.2
May 2023,Nova Scotia,Average weekly earnings including overtime for all employees,Transportation and warehousing,"$1,091.00", -2.8%,  2.8%,121.6
Jun 2023,Nova Scotia,Average weekly earnings including overtime for all employees,Transportation and warehousing,"$1,111.42",  1.9%,  5.0%,123.9
Jul 2023,Nova Scotia,Average weekly earnings including overtime for all employees,Transportation and warehousing,"$1,099.78", -1.0%,  3.2%,122.6
Aug 2023,Nova Scotia,Average weekly earnings including overtime for all employees,Transportation and warehousing,"$1,121.99",  2.0%,  6.3%,125.1
Sep 2023,Nova Scotia,Average weekly earnings including overtime for all employees,Transportation and warehousing,"$1,081.19", -3.6%,  2.4%,120.5
Oct 2023,Nova Scotia,Average weekly earnings including overtime for all employees,Transportation and warehousing,"$1,069.71", -1.1%, -1.4%,119.3
Nov 2023,Nova Scotia,Average weekly earnings including overtime for all employees,Transportation and warehousing,"$1,076.59",  0.6%,  0.5%,120.0
Dec 2023,Nova Scotia,Average weekly earnings including overtime for all employees,Transportation and warehousing,"$1,082.84",  0.6%,  2.1%,120.7
Jan 2024,Nova Scotia,Average weekly earnings including overtime for all employees,Transportation and warehousing,"$1,075.35", -0.7%,  3.1%,119.9
Feb 2024,Nova Scotia,Average weekly earnings including overtime for all employees,Transportation and warehousing,"$1,093.41",  1.7%,  2.4%,121.9
Mar 2024,Nova Scotia,Average weekly earnings including overtime for all employees,Transportation and warehousing,"$1,118.28",  2.3%,  1.9%,124.7
Apr 2024,Nova Scotia,Average weekly earnings including overtime for all employees,Transportation and warehousing,"$1,101.63", -1.5%, -1.9%,122.8
May 2024,Nova Scotia,Average weekly earnings including overtime for all employees,Transportation and warehousing,"$1,103.73",  0.2%,  1.2%,123.1
Jun 2024,Nova Scotia,Average weekly earnings including overtime for all employees,Transportation and warehousing,"$1,114.66",  1.0%,  0.3%,124.3
Jul 2024,Nova Scotia,Average weekly earnings including overtime for all employees,Transportation and warehousing,"$1,116.59",  0.2%,  1.5%,124.5
Aug 2024,Nova Scotia,Average weekly earnings including overtime for all employees,Transportation and warehousing,"$1,119.53",  0.3%, -0.2%,124.8
Sep 2024,Nova Scotia,Average weekly earnings including overtime for all employees,Transportation and warehousing,"$1,118.96", -0.1%,  3.5%,124.8
Oct 2024,Nova Scotia,Average weekly earnings including overtime for all employees,Transportation and warehousing,"$1,151.56",  2.9%,  7.7%,128.4
Jan 2011,Nova Scotia,Average weekly earnings including overtime for all employees,Information and cultural industries,$  997.19,  3.1%,  2.4%,100.0
Feb 2011,Nova Scotia,Average weekly earnings including overtime for all employees,Information and cultural industries,$  933.10, -6.4%, -7.3%, 93.6
Mar 2011,Nova Scotia,Average weekly earnings including overtime for all employees,Information and cultural industries,$  928.59, -0.5%, -7.9%, 93.1
Apr 2011,Nova Scotia,Average weekly earnings including overtime for all employees,Information and cultural industries,$  897.96, -3.3%, -9.5%, 90.0
May 2011,Nova Scotia,Average weekly earnings including overtime for all employees,Information and cultural industries,$  924.37,  2.9%, -3.1%, 92.7
Jun 2011,Nova Scotia,Average weekly earnings including overtime for all employees,Information and cultural industries,$  889.25, -3.8%,-10.9%, 89.2
Jul 2011,Nova Scotia,Average weekly earnings including overtime for all employees,Information and cultural industries,$  930.77,  4.7%, -7.0%, 93.3
Aug 2011,Nova Scotia,Average weekly earnings including overtime for all employees,Information and cultural industries,$  986.43,  6.0%, -5.8%, 98.9
Sep 2011,Nova Scotia,Average weekly earnings including overtime for all employees,Information and cultural industries,$  964.29, -2.2%, -4.3%, 96.7
Oct 2011,Nova Scotia,Average weekly earnings including overtime for all employees,Information and cultural industries,"$1,072.26", 11.2%,  1.6%,107.5
Nov 2011,Nova Scotia,Average weekly earnings including overtime for all employees,Information and cultural industries,"$1,068.60", -0.3%,  1.9%,107.2
Dec 2011,Nova Scotia,Average weekly earnings including overtime for all employees,Information and cultural industries,"$1,084.70",  1.5%, 12.1%,108.8
Jan 2012,Nova Scotia,Average weekly earnings including overtime for all employees,Information and cultural industries,"$1,084.44",  0.0%,  8.7%,108.7
Feb 2012,Nova Scotia,Average weekly earnings including overtime for all employees,Information and cultural industries,"$1,065.82", -1.7%, 14.2%,106.9
Mar 2012,Nova Scotia,Average weekly earnings including overtime for all employees,Information and cultural industries,"$1,134.87",  6.5%, 22.2%,113.8
Apr 2012,Nova Scotia,Average weekly earnings including overtime for all employees,Information and cultural industries,"$1,113.77", -1.9%, 24.0%,111.7
May 2012,Nova Scotia,Average weekly earnings including overtime for all employees,Information and cultural industries,"$1,096.98", -1.5%, 18.7%,110.0
Jun 2012,Nova Scotia,Average weekly earnings including overtime for all employees,Information and cultural industries,"$1,093.30", -0.3%, 22.9%,109.6
Jul 2012,Nova Scotia,Average weekly earnings including overtime for all employees,Information and cultural industries,"$1,108.61",  1.4%, 19.1%,111.2
Aug 2012,Nova Scotia,Average weekly earnings including overtime for all employees,Information and cultural industries,"$1,108.20",  0.0%, 12.3%,111.1
Sep 2012,Nova Scotia,Average weekly earnings including overtime for all employees,Information and cultural industries,"$1,126.97",  1.7%, 16.9%,113.0
Oct 2012,Nova Scotia,Average weekly earnings including overtime for all employees,Information and cultural industries,"$1,078.47", -4.3%,  0.6%,108.2
Nov 2012,Nova Scotia,Average weekly earnings including overtime for all employees,Information and cultural industries,"$1,139.26",  5.6%,  6.6%,114.2
Dec 2012,Nova Scotia,Average weekly earnings including overtime for all employees,Information and cultural industries,"$1,155.67",  1.4%,  6.5%,115.9
Jan 2013,Nova Scotia,Average weekly earnings including overtime for all employees,Information and cultural industries,"$1,157.17",  0.1%,  6.7%,116.0
Feb 2013,Nova Scotia,Average weekly earnings including overtime for all employees,Information and cultural industries,"$1,099.71", -5.0%,  3.2%,110.3
Mar 2013,Nova Scotia,Average weekly earnings including overtime for all employees,Information and cultural industries,"$1,055.31", -4.0%, -7.0%,105.8
Apr 2013,Nova Scotia,Average weekly earnings including overtime for all employees,Information and cultural industries,"$1,065.68",  1.0%, -4.3%,106.9
May 2013,Nova Scotia,Average weekly earnings including overtime for all employees,Information and cultural industries,"$1,076.17",  1.0%, -1.9%,107.9
Jun 2013,Nova Scotia,Average weekly earnings including overtime for all employees,Information and cultural industries,"$1,059.95", -1.5%, -3.1%,106.3
Jul 2013,Nova Scotia,Average weekly earnings including overtime for all employees,Information and cultural industries,"$1,088.34",  2.7%, -1.8%,109.1
Aug 2013,Nova Scotia,Average weekly earnings including overtime for all employees,Information and cultural industries,"$1,053.31", -3.2%, -5.0%,105.6
Sep 2013,Nova Scotia,Average weekly earnings including overtime for all employees,Information and cultural industries,"$1,042.16", -1.1%, -7.5%,104.5
Oct 2013,Nova Scotia,Average weekly earnings including overtime for all employees,Information and cultural industries,"$1,042.49",  0.0%, -3.3%,104.5
Nov 2013,Nova Scotia,Average weekly earnings including overtime for all employees,Information and cultural industries,"$1,059.08",  1.6%, -7.0%,106.2
Dec 2013,Nova Scotia,Average weekly earnings including overtime for all employees,Information and cultural industries,"$1,095.73",  3.5%, -5.2%,109.9
Jan 2014,Nova Scotia,Average weekly earnings including overtime for all employees,Information and cultural industries,"$1,113.78",  1.6%, -3.7%,111.7
Feb 2014,Nova Scotia,Average weekly earnings including overtime for all employees,Information and cultural industries,"$1,162.74",  4.4%,  5.7%,116.6
Mar 2014,Nova Scotia,Average weekly earnings including overtime for all employees,Information and cultural industries,"$1,105.35", -4.9%,  4.7%,110.8
Apr 2014,Nova Scotia,Average weekly earnings including overtime for all employees,Information and cultural industries,"$1,132.10",  2.4%,  6.2%,113.5
May 2014,Nova Scotia,Average weekly earnings including overtime for all employees,Information and cultural industries,"$1,077.98", -4.8%,  0.2%,108.1
Jun 2014,Nova Scotia,Average weekly earnings including overtime for all employees,Information and cultural industries,"$1,134.33",  5.2%,  7.0%,113.8
Jul 2014,Nova Scotia,Average weekly earnings including overtime for all employees,Information and cultural industries,"$1,180.26",  4.0%,  8.4%,118.4
Aug 2014,Nova Scotia,Average weekly earnings including overtime for all employees,Information and cultural industries,"$1,058.13",-10.3%,  0.5%,106.1
Sep 2014,Nova Scotia,Average weekly earnings including overtime for all employees,Information and cultural industries,"$1,084.00",  2.4%,  4.0%,108.7
Oct 2014,Nova Scotia,Average weekly earnings including overtime for all employees,Information and cultural industries,"$1,060.25", -2.2%,  1.7%,106.3
Nov 2014,Nova Scotia,Average weekly earnings including overtime for all employees,Information and cultural industries,"$1,104.24",  4.1%,  4.3%,110.7
Dec 2014,Nova Scotia,Average weekly earnings including overtime for all employees,Information and cultural industries,"$1,000.53", -9.4%, -8.7%,100.3
Jan 2015,Nova Scotia,Average weekly earnings including overtime for all employees,Information and cultural industries,"$1,113.76", 11.3%,  0.0%,111.7
Feb 2015,Nova Scotia,Average weekly earnings including overtime for all employees,Information and cultural industries,"$1,171.67",  5.2%,  0.8%,117.5
Mar 2015,Nova Scotia,Average weekly earnings including overtime for all employees,Information and cultural industries,"$1,159.31", -1.1%,  4.9%,116.3
Apr 2015,Nova Scotia,Average weekly earnings including overtime for all employees,Information and cultural industries,"$1,130.44", -2.5%, -0.1%,113.4
May 2015,Nova Scotia,Average weekly earnings including overtime for all employees,Information and cultural industries,"$1,103.18", -2.4%,  2.3%,110.6
Jun 2015,Nova Scotia,Average weekly earnings including overtime for all employees,Information and cultural industries,"$1,119.54",  1.5%, -1.3%,112.3
Jul 2015,Nova Scotia,Average weekly earnings including overtime for all employees,Information and cultural industries,"$1,123.63",  0.4%, -4.8%,112.7
Aug 2015,Nova Scotia,Average weekly earnings including overtime for all employees,Information and cultural industries,"$1,138.93",  1.4%,  7.6%,114.2
Sep 2015,Nova Scotia,Average weekly earnings including overtime for all employees,Information and cultural industries,"$1,087.68", -4.5%,  0.3%,109.1
Oct 2015,Nova Scotia,Average weekly earnings including overtime for all employees,Information and cultural industries,"$1,102.97",  1.4%,  4.0%,110.6
Nov 2015,Nova Scotia,Average weekly earnings including overtime for all employees,Information and cultural industries,"$1,131.99",  2.6%,  2.5%,113.5
Dec 2015,Nova Scotia,Average weekly earnings including overtime for all employees,Information and cultural industries,"$1,174.00",  3.7%, 17.3%,117.7
Jan 2016,Nova Scotia,Average weekly earnings including overtime for all employees,Information and cultural industries,"$1,176.33",  0.2%,  5.6%,118.0
Feb 2016,Nova Scotia,Average weekly earnings including overtime for all employees,Information and cultural industries,"$1,269.62",  7.9%,  8.4%,127.3
Mar 2016,Nova Scotia,Average weekly earnings including overtime for all employees,Information and cultural industries,"$1,157.34", -8.8%, -0.2%,116.1
Apr 2016,Nova Scotia,Average weekly earnings including overtime for all employees,Information and cultural industries,"$1,156.70", -0.1%,  2.3%,116.0
May 2016,Nova Scotia,Average weekly earnings including overtime for all employees,Information and cultural industries,"$1,104.04", -4.6%,  0.1%,110.7
Jun 2016,Nova Scotia,Average weekly earnings including overtime for all employees,Information and cultural industries,"$1,196.65",  8.4%,  6.9%,120.0
Jul 2016,Nova Scotia,Average weekly earnings including overtime for all employees,Information and cultural industries,"$1,163.21", -2.8%,  3.5%,116.6
Aug 2016,Nova Scotia,Average weekly earnings including overtime for all employees,Information and cultural industries,"$1,199.40",  3.1%,  5.3%,120.3
Sep 2016,Nova Scotia,Average weekly earnings including overtime for all employees,Information and cultural industries,"$1,102.94", -8.0%,  1.4%,110.6
Oct 2016,Nova Scotia,Average weekly earnings including overtime for all employees,Information and cultural industries,"$1,131.98",  2.6%,  2.6%,113.5
Nov 2016,Nova Scotia,Average weekly earnings including overtime for all employees,Information and cultural industries,"$1,138.48",  0.6%,  0.6%,114.2
Dec 2016,Nova Scotia,Average weekly earnings including overtime for all employees,Information and cultural industries,"$1,214.91",  6.7%,  3.5%,121.8
Jan 2017,Nova Scotia,Average weekly earnings including overtime for all employees,Information and cultural industries,"$1,113.10", -8.4%, -5.4%,111.6
Feb 2017,Nova Scotia,Average weekly earnings including overtime for all employees,Information and cultural industries,"$1,271.05", 14.2%,  0.1%,127.5
Mar 2017,Nova Scotia,Average weekly earnings including overtime for all employees,Information and cultural industries,"$1,189.96", -6.4%,  2.8%,119.3
Apr 2017,Nova Scotia,Average weekly earnings including overtime for all employees,Information and cultural industries,"$1,108.64", -6.8%, -4.2%,111.2
May 2017,Nova Scotia,Average weekly earnings including overtime for all employees,Information and cultural industries,"$1,123.60",  1.3%,  1.8%,112.7
Jun 2017,Nova Scotia,Average weekly earnings including overtime for all employees,Information and cultural industries,"$1,205.81",  7.3%,  0.8%,120.9
Jul 2017,Nova Scotia,Average weekly earnings including overtime for all employees,Information and cultural industries,"$1,076.88",-10.7%, -7.4%,108.0
Aug 2017,Nova Scotia,Average weekly earnings including overtime for all employees,Information and cultural industries,"$1,107.84",  2.9%, -7.6%,111.1
Sep 2017,Nova Scotia,Average weekly earnings including overtime for all employees,Information and cultural industries,"$1,022.41", -7.7%, -7.3%,102.5
Oct 2017,Nova Scotia,Average weekly earnings including overtime for all employees,Information and cultural industries,"$1,054.63",  3.2%, -6.8%,105.8
Nov 2017,Nova Scotia,Average weekly earnings including overtime for all employees,Information and cultural industries,"$1,135.41",  7.7%, -0.3%,113.9
Dec 2017,Nova Scotia,Average weekly earnings including overtime for all employees,Information and cultural industries,"$1,119.78", -1.4%, -7.8%,112.3
Jan 2018,Nova Scotia,Average weekly earnings including overtime for all employees,Information and cultural industries,"$1,050.73", -6.2%, -5.6%,105.4
Feb 2018,Nova Scotia,Average weekly earnings including overtime for all employees,Information and cultural industries,"$1,162.29", 10.6%, -8.6%,116.6
Mar 2018,Nova Scotia,Average weekly earnings including overtime for all employees,Information and cultural industries,$  998.44,-14.1%,-16.1%,100.1
Apr 2018,Nova Scotia,Average weekly earnings including overtime for all employees,Information and cultural industries,"$1,075.62",  7.7%, -3.0%,107.9
May 2018,Nova Scotia,Average weekly earnings including overtime for all employees,Information and cultural industries,"$1,078.57",  0.3%, -4.0%,108.2
Jun 2018,Nova Scotia,Average weekly earnings including overtime for all employees,Information and cultural industries,"$1,107.22",  2.7%, -8.2%,111.0
Jul 2018,Nova Scotia,Average weekly earnings including overtime for all employees,Information and cultural industries,"$1,188.34",  7.3%, 10.4%,119.2
Aug 2018,Nova Scotia,Average weekly earnings including overtime for all employees,Information and cultural industries,"$1,140.61", -4.0%,  3.0%,114.4
Sep 2018,Nova Scotia,Average weekly earnings including overtime for all employees,Information and cultural industries,"$1,137.89", -0.2%, 11.3%,114.1
Oct 2018,Nova Scotia,Average weekly earnings including overtime for all employees,Information and cultural industries,"$1,202.99",  5.7%, 14.1%,120.6
Nov 2018,Nova Scotia,Average weekly earnings including overtime for all employees,Information and cultural industries,"$1,129.01", -6.1%, -0.6%,113.2
Dec 2018,Nova Scotia,Average weekly earnings including overtime for all employees,Information and cultural industries,"$1,199.86",  6.3%,  7.2%,120.3
Jan 2019,Nova Scotia,Average weekly earnings including overtime for all employees,Information and cultural industries,"$1,180.31", -1.6%, 12.3%,118.4
Feb 2019,Nova Scotia,Average weekly earnings including overtime for all employees,Information and cultural industries,"$1,144.20", -3.1%, -1.6%,114.7
Mar 2019,Nova Scotia,Average weekly earnings including overtime for all employees,Information and cultural industries,"$1,157.38",  1.2%, 15.9%,116.1
Apr 2019,Nova Scotia,Average weekly earnings including overtime for all employees,Information and cultural industries,"$1,175.22",  1.5%,  9.3%,117.9
May 2019,Nova Scotia,Average weekly earnings including overtime for all employees,Information and cultural industries,"$1,143.76", -2.7%,  6.0%,114.7
Jun 2019,Nova Scotia,Average weekly earnings including overtime for all employees,Information and cultural industries,"$1,124.29", -1.7%,  1.5%,112.7
Jul 2019,Nova Scotia,Average weekly earnings including overtime for all employees,Information and cultural industries,"$1,107.88", -1.5%, -6.8%,111.1
Aug 2019,Nova Scotia,Average weekly earnings including overtime for all employees,Information and cultural industries,"$1,084.14", -2.1%, -5.0%,108.7
Sep 2019,Nova Scotia,Average weekly earnings including overtime for all employees,Information and cultural industries,"$1,136.21",  4.8%, -0.1%,113.9
Oct 2019,Nova Scotia,Average weekly earnings including overtime for all employees,Information and cultural industries,"$1,168.81",  2.9%, -2.8%,117.2
Nov 2019,Nova Scotia,Average weekly earnings including overtime for all employees,Information and cultural industries,"$1,164.67", -0.4%,  3.2%,116.8
Dec 2019,Nova Scotia,Average weekly earnings including overtime for all employees,Information and cultural industries,"$1,185.42",  1.8%, -1.2%,118.9
Jan 2020,Nova Scotia,Average weekly earnings including overtime for all employees,Information and cultural industries,"$1,409.88", 18.9%, 19.4%,141.4
Feb 2020,Nova Scotia,Average weekly earnings including overtime for all employees,Information and cultural industries,"$1,267.10",-10.1%, 10.7%,127.1
Mar 2020,Nova Scotia,Average weekly earnings including overtime for all employees,Information and cultural industries,"$1,237.73", -2.3%,  6.9%,124.1
Apr 2020,Nova Scotia,Average weekly earnings including overtime for all employees,Information and cultural industries,"$1,335.31",  7.9%, 13.6%,133.9
May 2020,Nova Scotia,Average weekly earnings including overtime for all employees,Information and cultural industries,"$1,316.42", -1.4%, 15.1%,132.0
Jun 2020,Nova Scotia,Average weekly earnings including overtime for all employees,Information and cultural industries,"$1,274.62", -3.2%, 13.4%,127.8
Jul 2020,Nova Scotia,Average weekly earnings including overtime for all employees,Information and cultural industries,"$1,362.54",  6.9%, 23.0%,136.6
Aug 2020,Nova Scotia,Average weekly earnings including overtime for all employees,Information and cultural industries,"$1,339.35", -1.7%, 23.5%,134.3
Sep 2020,Nova Scotia,Average weekly earnings including overtime for all employees,Information and cultural industries,"$1,375.09",  2.7%, 21.0%,137.9
Oct 2020,Nova Scotia,Average weekly earnings including overtime for all employees,Information and cultural industries,"$1,331.92", -3.1%, 14.0%,133.6
Nov 2020,Nova Scotia,Average weekly earnings including overtime for all employees,Information and cultural industries,"$1,094.31",-17.8%, -6.0%,109.7
Dec 2020,Nova Scotia,Average weekly earnings including overtime for all employees,Information and cultural industries,"$1,215.06", 11.0%,  2.5%,121.8
Jan 2021,Nova Scotia,Average weekly earnings including overtime for all employees,Information and cultural industries,"$1,320.34",  8.7%, -6.4%,132.4
Feb 2021,Nova Scotia,Average weekly earnings including overtime for all employees,Information and cultural industries,"$1,562.55", 18.3%, 23.3%,156.7
Mar 2021,Nova Scotia,Average weekly earnings including overtime for all employees,Information and cultural industries,"$1,029.65",-34.1%,-16.8%,103.3
Apr 2021,Nova Scotia,Average weekly earnings including overtime for all employees,Information and cultural industries,"$1,115.53",  8.3%,-16.5%,111.9
May 2021,Nova Scotia,Average weekly earnings including overtime for all employees,Information and cultural industries,"$1,286.22", 15.3%, -2.3%,129.0
Jun 2021,Nova Scotia,Average weekly earnings including overtime for all employees,Information and cultural industries,"$1,294.17",  0.6%,  1.5%,129.8
Jul 2021,Nova Scotia,Average weekly earnings including overtime for all employees,Information and cultural industries,"$1,129.30",-12.7%,-17.1%,113.2
Aug 2021,Nova Scotia,Average weekly earnings including overtime for all employees,Information and cultural industries,"$1,102.34", -2.4%,-17.7%,110.5
Sep 2021,Nova Scotia,Average weekly earnings including overtime for all employees,Information and cultural industries,"$1,529.49", 38.7%, 11.2%,153.4
Oct 2021,Nova Scotia,Average weekly earnings including overtime for all employees,Information and cultural industries,"$1,383.00", -9.6%,  3.8%,138.7
Nov 2021,Nova Scotia,Average weekly earnings including overtime for all employees,Information and cultural industries,"$1,398.01",  1.1%, 27.8%,140.2
Dec 2021,Nova Scotia,Average weekly earnings including overtime for all employees,Information and cultural industries,"$1,410.86",  0.9%, 16.1%,141.5
Jan 2022,Nova Scotia,Average weekly earnings including overtime for all employees,Information and cultural industries,"$1,450.91",  2.8%,  9.9%,145.5
Feb 2022,Nova Scotia,Average weekly earnings including overtime for all employees,Information and cultural industries,"$1,460.14",  0.6%, -6.6%,146.4
Mar 2022,Nova Scotia,Average weekly earnings including overtime for all employees,Information and cultural industries,"$1,509.53",  3.4%, 46.6%,151.4
Apr 2022,Nova Scotia,Average weekly earnings including overtime for all employees,Information and cultural industries,"$1,554.62",  3.0%, 39.4%,155.9
May 2022,Nova Scotia,Average weekly earnings including overtime for all employees,Information and cultural industries,"$1,408.39", -9.4%,  9.5%,141.2
Jun 2022,Nova Scotia,Average weekly earnings including overtime for all employees,Information and cultural industries,"$1,414.91",  0.5%,  9.3%,141.9
Jul 2022,Nova Scotia,Average weekly earnings including overtime for all employees,Information and cultural industries,"$1,178.38",-16.7%,  4.3%,118.2
Aug 2022,Nova Scotia,Average weekly earnings including overtime for all employees,Information and cultural industries,"$1,219.85",  3.5%, 10.7%,122.3
Sep 2022,Nova Scotia,Average weekly earnings including overtime for all employees,Information and cultural industries,"$1,305.85",  7.1%,-14.6%,131.0
Oct 2022,Nova Scotia,Average weekly earnings including overtime for all employees,Information and cultural industries,"$1,232.13", -5.6%,-10.9%,123.6
Nov 2022,Nova Scotia,Average weekly earnings including overtime for all employees,Information and cultural industries,"$1,420.78", 15.3%,  1.6%,142.5
Dec 2022,Nova Scotia,Average weekly earnings including overtime for all employees,Information and cultural industries,"$1,407.25", -1.0%, -0.3%,141.1
Jan 2023,Nova Scotia,Average weekly earnings including overtime for all employees,Information and cultural industries,"$1,215.72",-13.6%,-16.2%,121.9
Feb 2023,Nova Scotia,Average weekly earnings including overtime for all employees,Information and cultural industries,"$1,280.05",  5.3%,-12.3%,128.4
Mar 2023,Nova Scotia,Average weekly earnings including overtime for all employees,Information and cultural industries,"$1,456.56", 13.8%, -3.5%,146.1
Apr 2023,Nova Scotia,Average weekly earnings including overtime for all employees,Information and cultural industries,"$1,441.40", -1.0%, -7.3%,144.5
May 2023,Nova Scotia,Average weekly earnings including overtime for all employees,Information and cultural industries,"$1,567.77",  8.8%, 11.3%,157.2
Jun 2023,Nova Scotia,Average weekly earnings including overtime for all employees,Information and cultural industries,"$1,460.30", -6.9%,  3.2%,146.4
Jul 2023,Nova Scotia,Average weekly earnings including overtime for all employees,Information and cultural industries,"$1,533.26",  5.0%, 30.1%,153.8
Aug 2023,Nova Scotia,Average weekly earnings including overtime for all employees,Information and cultural industries,"$1,667.73",  8.8%, 36.7%,167.2
Sep 2023,Nova Scotia,Average weekly earnings including overtime for all employees,Information and cultural industries,"$1,546.90", -7.2%, 18.5%,155.1
Oct 2023,Nova Scotia,Average weekly earnings including overtime for all employees,Information and cultural industries,"$1,505.15", -2.7%, 22.2%,150.9
Nov 2023,Nova Scotia,Average weekly earnings including overtime for all employees,Information and cultural industries,"$1,576.31",  4.7%, 10.9%,158.1
Dec 2023,Nova Scotia,Average weekly earnings including overtime for all employees,Information and cultural industries,"$1,550.75", -1.6%, 10.2%,155.5
Jan 2024,Nova Scotia,Average weekly earnings including overtime for all employees,Information and cultural industries,"$1,541.84", -0.6%, 26.8%,154.6
Feb 2024,Nova Scotia,Average weekly earnings including overtime for all employees,Information and cultural industries,"$1,563.73",  1.4%, 22.2%,156.8
Mar 2024,Nova Scotia,Average weekly earnings including overtime for all employees,Information and cultural industries,"$1,548.86", -1.0%,  6.3%,155.3
Apr 2024,Nova Scotia,Average weekly earnings including overtime for all employees,Information and cultural industries,"$1,605.44",  3.7%, 11.4%,161.0
May 2024,Nova Scotia,Average weekly earnings including overtime for all employees,Information and cultural industries,"$1,672.83",  4.2%,  6.7%,167.8
Jun 2024,Nova Scotia,Average weekly earnings including overtime for all employees,Information and cultural industries,"$1,599.65", -4.4%,  9.5%,160.4
Jul 2024,Nova Scotia,Average weekly earnings including overtime for all employees,Information and cultural industries,"$1,670.08",  4.4%,  8.9%,167.5
Aug 2024,Nova Scotia,Average weekly earnings including overtime for all employees,Information and cultural industries,"$1,756.52",  5.2%,  5.3%,176.1
Sep 2024,Nova Scotia,Average weekly earnings including overtime for all employees,Information and cultural industries,"$1,601.64", -8.8%,  3.5%,160.6
Oct 2024,Nova Scotia,Average weekly earnings including overtime for all employees,Information and cultural industries,"$1,670.68",  4.3%, 11.0%,167.5
Jan 2011,Nova Scotia,Average weekly earnings including overtime for all employees,Finance and insurance,$  991.29,  3.7%, -7.5%,100.0
Feb 2011,Nova Scotia,Average weekly earnings including overtime for all employees,Finance and insurance,$  988.67, -0.3%, -9.8%, 99.7
Mar 2011,Nova Scotia,Average weekly earnings including overtime for all employees,Finance and insurance,"$1,006.40",  1.8%,  7.9%,101.5
Apr 2011,Nova Scotia,Average weekly earnings including overtime for all employees,Finance and insurance,$  939.23, -6.7%,  2.5%, 94.7
May 2011,Nova Scotia,Average weekly earnings including overtime for all employees,Finance and insurance,$  983.47,  4.7%,  2.6%, 99.2
Jun 2011,Nova Scotia,Average weekly earnings including overtime for all employees,Finance and insurance,$  954.89, -2.9%,  3.3%, 96.3
Jul 2011,Nova Scotia,Average weekly earnings including overtime for all employees,Finance and insurance,$  928.39, -2.8%, -7.1%, 93.7
Aug 2011,Nova Scotia,Average weekly earnings including overtime for all employees,Finance and insurance,$  928.19,  0.0%, -5.0%, 93.6
Sep 2011,Nova Scotia,Average weekly earnings including overtime for all employees,Finance and insurance,$  919.82, -0.9%, -8.3%, 92.8
Oct 2011,Nova Scotia,Average weekly earnings including overtime for all employees,Finance and insurance,$  943.37,  2.6%, -0.2%, 95.2
Nov 2011,Nova Scotia,Average weekly earnings including overtime for all employees,Finance and insurance,"$1,002.45",  6.3%,  3.9%,101.1
Dec 2011,Nova Scotia,Average weekly earnings including overtime for all employees,Finance and insurance,"$1,037.87",  3.5%,  8.6%,104.7
Jan 2012,Nova Scotia,Average weekly earnings including overtime for all employees,Finance and insurance,"$1,076.22",  3.7%,  8.6%,108.6
Feb 2012,Nova Scotia,Average weekly earnings including overtime for all employees,Finance and insurance,"$1,002.31", -6.9%,  1.4%,101.1
Mar 2012,Nova Scotia,Average weekly earnings including overtime for all employees,Finance and insurance,$  925.48, -7.7%, -8.0%, 93.4
Apr 2012,Nova Scotia,Average weekly earnings including overtime for all employees,Finance and insurance,$  973.44,  5.2%,  3.6%, 98.2
May 2012,Nova Scotia,Average weekly earnings including overtime for all employees,Finance and insurance,$  949.60, -2.4%, -3.4%, 95.8
Jun 2012,Nova Scotia,Average weekly earnings including overtime for all employees,Finance and insurance,$  962.31,  1.3%,  0.8%, 97.1
Jul 2012,Nova Scotia,Average weekly earnings including overtime for all employees,Finance and insurance,"$1,020.39",  6.0%,  9.9%,102.9
Aug 2012,Nova Scotia,Average weekly earnings including overtime for all employees,Finance and insurance,$  966.26, -5.3%,  4.1%, 97.5
Sep 2012,Nova Scotia,Average weekly earnings including overtime for all employees,Finance and insurance,"$1,064.61", 10.2%, 15.7%,107.4
Oct 2012,Nova Scotia,Average weekly earnings including overtime for all employees,Finance and insurance,"$1,014.59", -4.7%,  7.5%,102.4
Nov 2012,Nova Scotia,Average weekly earnings including overtime for all employees,Finance and insurance,$  972.29, -4.2%, -3.0%, 98.1
Dec 2012,Nova Scotia,Average weekly earnings including overtime for all employees,Finance and insurance,"$1,035.26",  6.5%, -0.3%,104.4
Jan 2013,Nova Scotia,Average weekly earnings including overtime for all employees,Finance and insurance,$  993.35, -4.0%, -7.7%,100.2
Feb 2013,Nova Scotia,Average weekly earnings including overtime for all employees,Finance and insurance,"$1,018.32",  2.5%,  1.6%,102.7
Mar 2013,Nova Scotia,Average weekly earnings including overtime for all employees,Finance and insurance,$  985.70, -3.2%,  6.5%, 99.4
Apr 2013,Nova Scotia,Average weekly earnings including overtime for all employees,Finance and insurance,"$1,012.88",  2.8%,  4.1%,102.2
May 2013,Nova Scotia,Average weekly earnings including overtime for all employees,Finance and insurance,"$1,013.56",  0.1%,  6.7%,102.2
Jun 2013,Nova Scotia,Average weekly earnings including overtime for all employees,Finance and insurance,"$1,044.61",  3.1%,  8.6%,105.4
Jul 2013,Nova Scotia,Average weekly earnings including overtime for all employees,Finance and insurance,"$1,009.60", -3.4%, -1.1%,101.8
Aug 2013,Nova Scotia,Average weekly earnings including overtime for all employees,Finance and insurance,$  984.88, -2.4%,  1.9%, 99.4
Sep 2013,Nova Scotia,Average weekly earnings including overtime for all employees,Finance and insurance,"$1,028.31",  4.4%, -3.4%,103.7
Oct 2013,Nova Scotia,Average weekly earnings including overtime for all employees,Finance and insurance,$  976.81, -5.0%, -3.7%, 98.5
Nov 2013,Nova Scotia,Average weekly earnings including overtime for all employees,Finance and insurance,"$1,002.60",  2.6%,  3.1%,101.1
Dec 2013,Nova Scotia,Average weekly earnings including overtime for all employees,Finance and insurance,"$1,038.66",  3.6%,  0.3%,104.8
Jan 2014,Nova Scotia,Average weekly earnings including overtime for all employees,Finance and insurance,"$1,005.92", -3.2%,  1.3%,101.5
Feb 2014,Nova Scotia,Average weekly earnings including overtime for all employees,Finance and insurance,"$1,009.56",  0.4%, -0.9%,101.8
Mar 2014,Nova Scotia,Average weekly earnings including overtime for all employees,Finance and insurance,"$1,021.78",  1.2%,  3.7%,103.1
Apr 2014,Nova Scotia,Average weekly earnings including overtime for all employees,Finance and insurance,"$1,014.70", -0.7%,  0.2%,102.4
May 2014,Nova Scotia,Average weekly earnings including overtime for all employees,Finance and insurance,"$1,028.42",  1.4%,  1.5%,103.7
Jun 2014,Nova Scotia,Average weekly earnings including overtime for all employees,Finance and insurance,"$1,082.35",  5.2%,  3.6%,109.2
Jul 2014,Nova Scotia,Average weekly earnings including overtime for all employees,Finance and insurance,"$1,061.31", -1.9%,  5.1%,107.1
Aug 2014,Nova Scotia,Average weekly earnings including overtime for all employees,Finance and insurance,"$1,062.31",  0.1%,  7.9%,107.2
Sep 2014,Nova Scotia,Average weekly earnings including overtime for all employees,Finance and insurance,"$1,038.02", -2.3%,  0.9%,104.7
Oct 2014,Nova Scotia,Average weekly earnings including overtime for all employees,Finance and insurance,$  997.62, -3.9%,  2.1%,100.6
Nov 2014,Nova Scotia,Average weekly earnings including overtime for all employees,Finance and insurance,$  984.64, -1.3%, -1.8%, 99.3
Dec 2014,Nova Scotia,Average weekly earnings including overtime for all employees,Finance and insurance,"$1,057.73",  7.4%,  1.8%,106.7
Jan 2015,Nova Scotia,Average weekly earnings including overtime for all employees,Finance and insurance,$  996.00, -5.8%, -1.0%,100.5
Feb 2015,Nova Scotia,Average weekly earnings including overtime for all employees,Finance and insurance,"$1,084.19",  8.9%,  7.4%,109.4
Mar 2015,Nova Scotia,Average weekly earnings including overtime for all employees,Finance and insurance,"$1,101.81",  1.6%,  7.8%,111.1
Apr 2015,Nova Scotia,Average weekly earnings including overtime for all employees,Finance and insurance,"$1,058.92", -3.9%,  4.4%,106.8
May 2015,Nova Scotia,Average weekly earnings including overtime for all employees,Finance and insurance,"$1,060.13",  0.1%,  3.1%,106.9
Jun 2015,Nova Scotia,Average weekly earnings including overtime for all employees,Finance and insurance,"$1,087.79",  2.6%,  0.5%,109.7
Jul 2015,Nova Scotia,Average weekly earnings including overtime for all employees,Finance and insurance,"$1,060.62", -2.5%, -0.1%,107.0
Aug 2015,Nova Scotia,Average weekly earnings including overtime for all employees,Finance and insurance,"$1,013.20", -4.5%, -4.6%,102.2
Sep 2015,Nova Scotia,Average weekly earnings including overtime for all employees,Finance and insurance,$  984.01, -2.9%, -5.2%, 99.3
Oct 2015,Nova Scotia,Average weekly earnings including overtime for all employees,Finance and insurance,"$1,018.56",  3.5%,  2.1%,102.8
Nov 2015,Nova Scotia,Average weekly earnings including overtime for all employees,Finance and insurance,"$1,027.19",  0.8%,  4.3%,103.6
Dec 2015,Nova Scotia,Average weekly earnings including overtime for all employees,Finance and insurance,"$1,035.88",  0.8%, -2.1%,104.5
Jan 2016,Nova Scotia,Average weekly earnings including overtime for all employees,Finance and insurance,"$1,057.58",  2.1%,  6.2%,106.7
Feb 2016,Nova Scotia,Average weekly earnings including overtime for all employees,Finance and insurance,"$1,175.44", 11.1%,  8.4%,118.6
Mar 2016,Nova Scotia,Average weekly earnings including overtime for all employees,Finance and insurance,"$1,128.66", -4.0%,  2.4%,113.9
Apr 2016,Nova Scotia,Average weekly earnings including overtime for all employees,Finance and insurance,"$1,046.12", -7.3%, -1.2%,105.5
May 2016,Nova Scotia,Average weekly earnings including overtime for all employees,Finance and insurance,"$1,097.21",  4.9%,  3.5%,110.7
Jun 2016,Nova Scotia,Average weekly earnings including overtime for all employees,Finance and insurance,"$1,110.83",  1.2%,  2.1%,112.1
Jul 2016,Nova Scotia,Average weekly earnings including overtime for all employees,Finance and insurance,"$1,140.32",  2.7%,  7.5%,115.0
Aug 2016,Nova Scotia,Average weekly earnings including overtime for all employees,Finance and insurance,"$1,115.81", -2.1%, 10.1%,112.6
Sep 2016,Nova Scotia,Average weekly earnings including overtime for all employees,Finance and insurance,"$1,046.32", -6.2%,  6.3%,105.6
Oct 2016,Nova Scotia,Average weekly earnings including overtime for all employees,Finance and insurance,"$1,092.25",  4.4%,  7.2%,110.2
Nov 2016,Nova Scotia,Average weekly earnings including overtime for all employees,Finance and insurance,"$1,110.27",  1.6%,  8.1%,112.0
Dec 2016,Nova Scotia,Average weekly earnings including overtime for all employees,Finance and insurance,"$1,156.96",  4.2%, 11.7%,116.7
Jan 2017,Nova Scotia,Average weekly earnings including overtime for all employees,Finance and insurance,"$1,131.74", -2.2%,  7.0%,114.2
Feb 2017,Nova Scotia,Average weekly earnings including overtime for all employees,Finance and insurance,"$1,114.81", -1.5%, -5.2%,112.5
Mar 2017,Nova Scotia,Average weekly earnings including overtime for all employees,Finance and insurance,"$1,142.29",  2.5%,  1.2%,115.2
Apr 2017,Nova Scotia,Average weekly earnings including overtime for all employees,Finance and insurance,"$1,217.16",  6.6%, 16.3%,122.8
May 2017,Nova Scotia,Average weekly earnings including overtime for all employees,Finance and insurance,"$1,099.27", -9.7%,  0.2%,110.9
Jun 2017,Nova Scotia,Average weekly earnings including overtime for all employees,Finance and insurance,"$1,123.49",  2.2%,  1.1%,113.3
Jul 2017,Nova Scotia,Average weekly earnings including overtime for all employees,Finance and insurance,"$1,098.94", -2.2%, -3.6%,110.9
Aug 2017,Nova Scotia,Average weekly earnings including overtime for all employees,Finance and insurance,"$1,180.50",  7.4%,  5.8%,119.1
Sep 2017,Nova Scotia,Average weekly earnings including overtime for all employees,Finance and insurance,"$1,168.60", -1.0%, 11.7%,117.9
Oct 2017,Nova Scotia,Average weekly earnings including overtime for all employees,Finance and insurance,"$1,176.40",  0.7%,  7.7%,118.7
Nov 2017,Nova Scotia,Average weekly earnings including overtime for all employees,Finance and insurance,"$1,194.74",  1.6%,  7.6%,120.5
Dec 2017,Nova Scotia,Average weekly earnings including overtime for all employees,Finance and insurance,"$1,200.13",  0.5%,  3.7%,121.1
Jan 2018,Nova Scotia,Average weekly earnings including overtime for all employees,Finance and insurance,"$1,237.88",  3.1%,  9.4%,124.9
Feb 2018,Nova Scotia,Average weekly earnings including overtime for all employees,Finance and insurance,"$1,272.14",  2.8%, 14.1%,128.3
Mar 2018,Nova Scotia,Average weekly earnings including overtime for all employees,Finance and insurance,"$1,172.95", -7.8%,  2.7%,118.3
Apr 2018,Nova Scotia,Average weekly earnings including overtime for all employees,Finance and insurance,"$1,130.06", -3.7%, -7.2%,114.0
May 2018,Nova Scotia,Average weekly earnings including overtime for all employees,Finance and insurance,"$1,096.47", -3.0%, -0.3%,110.6
Jun 2018,Nova Scotia,Average weekly earnings including overtime for all employees,Finance and insurance,"$1,084.12", -1.1%, -3.5%,109.4
Jul 2018,Nova Scotia,Average weekly earnings including overtime for all employees,Finance and insurance,"$1,103.70",  1.8%,  0.4%,111.3
Aug 2018,Nova Scotia,Average weekly earnings including overtime for all employees,Finance and insurance,"$1,157.29",  4.9%, -2.0%,116.7
Sep 2018,Nova Scotia,Average weekly earnings including overtime for all employees,Finance and insurance,"$1,213.77",  4.9%,  3.9%,122.4
Oct 2018,Nova Scotia,Average weekly earnings including overtime for all employees,Finance and insurance,"$1,223.87",  0.8%,  4.0%,123.5
Nov 2018,Nova Scotia,Average weekly earnings including overtime for all employees,Finance and insurance,"$1,272.41",  4.0%,  6.5%,128.4
Dec 2018,Nova Scotia,Average weekly earnings including overtime for all employees,Finance and insurance,"$1,183.72", -7.0%, -1.4%,119.4
Jan 2019,Nova Scotia,Average weekly earnings including overtime for all employees,Finance and insurance,"$1,289.22",  8.9%,  4.1%,130.1
Feb 2019,Nova Scotia,Average weekly earnings including overtime for all employees,Finance and insurance,"$1,211.02", -6.1%, -4.8%,122.2
Mar 2019,Nova Scotia,Average weekly earnings including overtime for all employees,Finance and insurance,"$1,224.34",  1.1%,  4.4%,123.5
Apr 2019,Nova Scotia,Average weekly earnings including overtime for all employees,Finance and insurance,"$1,228.59",  0.3%,  8.7%,123.9
May 2019,Nova Scotia,Average weekly earnings including overtime for all employees,Finance and insurance,"$1,290.45",  5.0%, 17.7%,130.2
Jun 2019,Nova Scotia,Average weekly earnings including overtime for all employees,Finance and insurance,"$1,213.06", -6.0%, 11.9%,122.4
Jul 2019,Nova Scotia,Average weekly earnings including overtime for all employees,Finance and insurance,"$1,204.84", -0.7%,  9.2%,121.5
Aug 2019,Nova Scotia,Average weekly earnings including overtime for all employees,Finance and insurance,"$1,196.68", -0.7%,  3.4%,120.7
Sep 2019,Nova Scotia,Average weekly earnings including overtime for all employees,Finance and insurance,"$1,196.47",  0.0%, -1.4%,120.7
Oct 2019,Nova Scotia,Average weekly earnings including overtime for all employees,Finance and insurance,"$1,219.14",  1.9%, -0.4%,123.0
Nov 2019,Nova Scotia,Average weekly earnings including overtime for all employees,Finance and insurance,"$1,306.16",  7.1%,  2.7%,131.8
Dec 2019,Nova Scotia,Average weekly earnings including overtime for all employees,Finance and insurance,"$1,362.05",  4.3%, 15.1%,137.4
Jan 2020,Nova Scotia,Average weekly earnings including overtime for all employees,Finance and insurance,"$1,225.91",-10.0%, -4.9%,123.7
Feb 2020,Nova Scotia,Average weekly earnings including overtime for all employees,Finance and insurance,"$1,249.16",  1.9%,  3.1%,126.0
Mar 2020,Nova Scotia,Average weekly earnings including overtime for all employees,Finance and insurance,"$1,224.15", -2.0%,  0.0%,123.5
Apr 2020,Nova Scotia,Average weekly earnings including overtime for all employees,Finance and insurance,"$1,324.68",  8.2%,  7.8%,133.6
May 2020,Nova Scotia,Average weekly earnings including overtime for all employees,Finance and insurance,"$1,375.65",  3.8%,  6.6%,138.8
Jun 2020,Nova Scotia,Average weekly earnings including overtime for all employees,Finance and insurance,"$1,323.24", -3.8%,  9.1%,133.5
Jul 2020,Nova Scotia,Average weekly earnings including overtime for all employees,Finance and insurance,"$1,185.05",-10.4%, -1.6%,119.5
Aug 2020,Nova Scotia,Average weekly earnings including overtime for all employees,Finance and insurance,"$1,447.64", 22.2%, 21.0%,146.0
Sep 2020,Nova Scotia,Average weekly earnings including overtime for all employees,Finance and insurance,"$1,364.39", -5.8%, 14.0%,137.6
Oct 2020,Nova Scotia,Average weekly earnings including overtime for all employees,Finance and insurance,"$1,376.14",  0.9%, 12.9%,138.8
Nov 2020,Nova Scotia,Average weekly earnings including overtime for all employees,Finance and insurance,"$1,370.73", -0.4%,  4.9%,138.3
Dec 2020,Nova Scotia,Average weekly earnings including overtime for all employees,Finance and insurance,"$1,426.29",  4.1%,  4.7%,143.9
Jan 2021,Nova Scotia,Average weekly earnings including overtime for all employees,Finance and insurance,"$1,494.93",  4.8%, 21.9%,150.8
Feb 2021,Nova Scotia,Average weekly earnings including overtime for all employees,Finance and insurance,"$1,391.48", -6.9%, 11.4%,140.4
Mar 2021,Nova Scotia,Average weekly earnings including overtime for all employees,Finance and insurance,"$1,326.48", -4.7%,  8.4%,133.8
Apr 2021,Nova Scotia,Average weekly earnings including overtime for all employees,Finance and insurance,"$1,379.27",  4.0%,  4.1%,139.1
May 2021,Nova Scotia,Average weekly earnings including overtime for all employees,Finance and insurance,"$1,394.59",  1.1%,  1.4%,140.7
Jun 2021,Nova Scotia,Average weekly earnings including overtime for all employees,Finance and insurance,"$1,377.28", -1.2%,  4.1%,138.9
Jul 2021,Nova Scotia,Average weekly earnings including overtime for all employees,Finance and insurance,"$1,352.67", -1.8%, 14.1%,136.5
Aug 2021,Nova Scotia,Average weekly earnings including overtime for all employees,Finance and insurance,"$1,348.08", -0.3%, -6.9%,136.0
Sep 2021,Nova Scotia,Average weekly earnings including overtime for all employees,Finance and insurance,"$1,377.19",  2.2%,  0.9%,138.9
Oct 2021,Nova Scotia,Average weekly earnings including overtime for all employees,Finance and insurance,"$1,408.98",  2.3%,  2.4%,142.1
Nov 2021,Nova Scotia,Average weekly earnings including overtime for all employees,Finance and insurance,"$1,373.35", -2.5%,  0.2%,138.5
Dec 2021,Nova Scotia,Average weekly earnings including overtime for all employees,Finance and insurance,"$1,400.97",  2.0%, -1.8%,141.3
Jan 2022,Nova Scotia,Average weekly earnings including overtime for all employees,Finance and insurance,"$1,436.34",  2.5%, -3.9%,144.9
Feb 2022,Nova Scotia,Average weekly earnings including overtime for all employees,Finance and insurance,"$1,393.61", -3.0%,  0.2%,140.6
Mar 2022,Nova Scotia,Average weekly earnings including overtime for all employees,Finance and insurance,"$1,505.56",  8.0%, 13.5%,151.9
Apr 2022,Nova Scotia,Average weekly earnings including overtime for all employees,Finance and insurance,"$1,393.09", -7.5%,  1.0%,140.5
May 2022,Nova Scotia,Average weekly earnings including overtime for all employees,Finance and insurance,"$1,442.63",  3.6%,  3.4%,145.5
Jun 2022,Nova Scotia,Average weekly earnings including overtime for all employees,Finance and insurance,"$1,540.82",  6.8%, 11.9%,155.4
Jul 2022,Nova Scotia,Average weekly earnings including overtime for all employees,Finance and insurance,"$1,491.82", -3.2%, 10.3%,150.5
Aug 2022,Nova Scotia,Average weekly earnings including overtime for all employees,Finance and insurance,"$1,518.01",  1.8%, 12.6%,153.1
Sep 2022,Nova Scotia,Average weekly earnings including overtime for all employees,Finance and insurance,"$1,535.35",  1.1%, 11.5%,154.9
Oct 2022,Nova Scotia,Average weekly earnings including overtime for all employees,Finance and insurance,"$1,479.89", -3.6%,  5.0%,149.3
Nov 2022,Nova Scotia,Average weekly earnings including overtime for all employees,Finance and insurance,"$1,526.61",  3.2%, 11.2%,154.0
Dec 2022,Nova Scotia,Average weekly earnings including overtime for all employees,Finance and insurance,"$1,480.13", -3.0%,  5.7%,149.3
Jan 2023,Nova Scotia,Average weekly earnings including overtime for all employees,Finance and insurance,"$1,555.06",  5.1%,  8.3%,156.9
Feb 2023,Nova Scotia,Average weekly earnings including overtime for all employees,Finance and insurance,"$1,404.60", -9.7%,  0.8%,141.7
Mar 2023,Nova Scotia,Average weekly earnings including overtime for all employees,Finance and insurance,"$1,488.00",  5.9%, -1.2%,150.1
Apr 2023,Nova Scotia,Average weekly earnings including overtime for all employees,Finance and insurance,"$1,535.39",  3.2%, 10.2%,154.9
May 2023,Nova Scotia,Average weekly earnings including overtime for all employees,Finance and insurance,"$1,515.65", -1.3%,  5.1%,152.9
Jun 2023,Nova Scotia,Average weekly earnings including overtime for all employees,Finance and insurance,"$1,498.89", -1.1%, -2.7%,151.2
Jul 2023,Nova Scotia,Average weekly earnings including overtime for all employees,Finance and insurance,"$1,534.18",  2.4%,  2.8%,154.8
Aug 2023,Nova Scotia,Average weekly earnings including overtime for all employees,Finance and insurance,"$1,477.67", -3.7%, -2.7%,149.1
Sep 2023,Nova Scotia,Average weekly earnings including overtime for all employees,Finance and insurance,"$1,530.17",  3.6%, -0.3%,154.4
Oct 2023,Nova Scotia,Average weekly earnings including overtime for all employees,Finance and insurance,"$1,549.84",  1.3%,  4.7%,156.3
Nov 2023,Nova Scotia,Average weekly earnings including overtime for all employees,Finance and insurance,"$1,515.21", -2.2%, -0.7%,152.9
Dec 2023,Nova Scotia,Average weekly earnings including overtime for all employees,Finance and insurance,"$1,508.90", -0.4%,  1.9%,152.2
Jan 2024,Nova Scotia,Average weekly earnings including overtime for all employees,Finance and insurance,"$1,483.49", -1.7%, -4.6%,149.7
Feb 2024,Nova Scotia,Average weekly earnings including overtime for all employees,Finance and insurance,"$1,468.43", -1.0%,  4.5%,148.1
Mar 2024,Nova Scotia,Average weekly earnings including overtime for all employees,Finance and insurance,"$1,509.66",  2.8%,  1.5%,152.3
Apr 2024,Nova Scotia,Average weekly earnings including overtime for all employees,Finance and insurance,"$1,494.38", -1.0%, -2.7%,150.8
May 2024,Nova Scotia,Average weekly earnings including overtime for all employees,Finance and insurance,"$1,499.37",  0.3%, -1.1%,151.3
Jun 2024,Nova Scotia,Average weekly earnings including overtime for all employees,Finance and insurance,"$1,504.58",  0.3%,  0.4%,151.8
Jul 2024,Nova Scotia,Average weekly earnings including overtime for all employees,Finance and insurance,"$1,518.29",  0.9%, -1.0%,153.2
Aug 2024,Nova Scotia,Average weekly earnings including overtime for all employees,Finance and insurance,"$1,548.15",  2.0%,  4.8%,156.2
Sep 2024,Nova Scotia,Average weekly earnings including overtime for all employees,Finance and insurance,"$1,545.06", -0.2%,  1.0%,155.9
Oct 2024,Nova Scotia,Average weekly earnings including overtime for all employees,Finance and insurance,"$1,618.31",  4.7%,  4.4%,163.3
Jan 2011,Nova Scotia,Average weekly earnings including overtime for all employees,Real estate and rental and leasing,$  668.62,  5.7%, -2.8%,100.0
Feb 2011,Nova Scotia,Average weekly earnings including overtime for all employees,Real estate and rental and leasing,$  664.16, -0.7%,  2.0%, 99.3
Mar 2011,Nova Scotia,Average weekly earnings including overtime for all employees,Real estate and rental and leasing,$  708.32,  6.6%,  0.6%,105.9
Apr 2011,Nova Scotia,Average weekly earnings including overtime for all employees,Real estate and rental and leasing,$  693.63, -2.1%, 11.0%,103.7
May 2011,Nova Scotia,Average weekly earnings including overtime for all employees,Real estate and rental and leasing,$  655.78, -5.5%,  7.2%, 98.1
Jun 2011,Nova Scotia,Average weekly earnings including overtime for all employees,Real estate and rental and leasing,$  680.65,  3.8%,  3.1%,101.8
Jul 2011,Nova Scotia,Average weekly earnings including overtime for all employees,Real estate and rental and leasing,$  640.49, -5.9%, -3.1%, 95.8
Aug 2011,Nova Scotia,Average weekly earnings including overtime for all employees,Real estate and rental and leasing,$  702.43,  9.7%, 20.7%,105.1
Sep 2011,Nova Scotia,Average weekly earnings including overtime for all employees,Real estate and rental and leasing,$  684.79, -2.5%, -1.4%,102.4
Oct 2011,Nova Scotia,Average weekly earnings including overtime for all employees,Real estate and rental and leasing,$  635.16, -7.2%, -8.2%, 95.0
Nov 2011,Nova Scotia,Average weekly earnings including overtime for all employees,Real estate and rental and leasing,$  659.59,  3.8%,  3.4%, 98.6
Dec 2011,Nova Scotia,Average weekly earnings including overtime for all employees,Real estate and rental and leasing,$  615.03, -6.8%, -2.8%, 92.0
Jan 2012,Nova Scotia,Average weekly earnings including overtime for all employees,Real estate and rental and leasing,$  632.25,  2.8%, -5.4%, 94.6
Feb 2012,Nova Scotia,Average weekly earnings including overtime for all employees,Real estate and rental and leasing,$  646.21,  2.2%, -2.7%, 96.6
Mar 2012,Nova Scotia,Average weekly earnings including overtime for all employees,Real estate and rental and leasing,..,..,..,..
Apr 2012,Nova Scotia,Average weekly earnings including overtime for all employees,Real estate and rental and leasing,$  647.82,.., -6.6%, 96.9
May 2012,Nova Scotia,Average weekly earnings including overtime for all employees,Real estate and rental and leasing,$  720.53, 11.2%,  9.9%,107.8
Jun 2012,Nova Scotia,Average weekly earnings including overtime for all employees,Real estate and rental and leasing,$  694.12, -3.7%,  2.0%,103.8
Jul 2012,Nova Scotia,Average weekly earnings including overtime for all employees,Real estate and rental and leasing,$  663.15, -4.5%,  3.5%, 99.2
Aug 2012,Nova Scotia,Average weekly earnings including overtime for all employees,Real estate and rental and leasing,..,..,..,..
Sep 2012,Nova Scotia,Average weekly earnings including overtime for all employees,Real estate and rental and leasing,$  742.99,..,  8.5%,111.1
Oct 2012,Nova Scotia,Average weekly earnings including overtime for all employees,Real estate and rental and leasing,$  766.77,  3.2%, 20.7%,114.7
Nov 2012,Nova Scotia,Average weekly earnings including overtime for all employees,Real estate and rental and leasing,$  819.03,  6.8%, 24.2%,122.5
Dec 2012,Nova Scotia,Average weekly earnings including overtime for all employees,Real estate and rental and leasing,$  715.46,-12.6%, 16.3%,107.0
Jan 2013,Nova Scotia,Average weekly earnings including overtime for all employees,Real estate and rental and leasing,$  634.79,-11.3%,  0.4%, 94.9
Feb 2013,Nova Scotia,Average weekly earnings including overtime for all employees,Real estate and rental and leasing,$  771.12, 21.5%, 19.3%,115.3
Mar 2013,Nova Scotia,Average weekly earnings including overtime for all employees,Real estate and rental and leasing,$  774.82,  0.5%,..,115.9
Apr 2013,Nova Scotia,Average weekly earnings including overtime for all employees,Real estate and rental and leasing,$  819.02,  5.7%, 26.4%,122.5
May 2013,Nova Scotia,Average weekly earnings including overtime for all employees,Real estate and rental and leasing,$  847.09,  3.4%, 17.6%,126.7
Jun 2013,Nova Scotia,Average weekly earnings including overtime for all employees,Real estate and rental and leasing,$  774.08, -8.6%, 11.5%,115.8
Jul 2013,Nova Scotia,Average weekly earnings including overtime for all employees,Real estate and rental and leasing,$  788.52,  1.9%, 18.9%,117.9
Aug 2013,Nova Scotia,Average weekly earnings including overtime for all employees,Real estate and rental and leasing,$  723.12, -8.3%,..,108.2
Sep 2013,Nova Scotia,Average weekly earnings including overtime for all employees,Real estate and rental and leasing,$  699.16, -3.3%, -5.9%,104.6
Oct 2013,Nova Scotia,Average weekly earnings including overtime for all employees,Real estate and rental and leasing,$  766.09,  9.6%, -0.1%,114.6
Nov 2013,Nova Scotia,Average weekly earnings including overtime for all employees,Real estate and rental and leasing,$  771.38,  0.7%, -5.8%,115.4
Dec 2013,Nova Scotia,Average weekly earnings including overtime for all employees,Real estate and rental and leasing,$  760.56, -1.4%,  6.3%,113.8
Jan 2014,Nova Scotia,Average weekly earnings including overtime for all employees,Real estate and rental and leasing,$  821.27,  8.0%, 29.4%,122.8
Feb 2014,Nova Scotia,Average weekly earnings including overtime for all employees,Real estate and rental and leasing,$  810.42, -1.3%,  5.1%,121.2
Mar 2014,Nova Scotia,Average weekly earnings including overtime for all employees,Real estate and rental and leasing,$  786.23, -3.0%,  1.5%,117.6
Apr 2014,Nova Scotia,Average weekly earnings including overtime for all employees,Real estate and rental and leasing,$  792.58,  0.8%, -3.2%,118.5
May 2014,Nova Scotia,Average weekly earnings including overtime for all employees,Real estate and rental and leasing,$  844.85,  6.6%, -0.3%,126.4
Jun 2014,Nova Scotia,Average weekly earnings including overtime for all employees,Real estate and rental and leasing,$  808.01, -4.4%,  4.4%,120.8
Jul 2014,Nova Scotia,Average weekly earnings including overtime for all employees,Real estate and rental and leasing,$  827.14,  2.4%,  4.9%,123.7
Aug 2014,Nova Scotia,Average weekly earnings including overtime for all employees,Real estate and rental and leasing,$  795.58, -3.8%, 10.0%,119.0
Sep 2014,Nova Scotia,Average weekly earnings including overtime for all employees,Real estate and rental and leasing,$  776.35, -2.4%, 11.0%,116.1
Oct 2014,Nova Scotia,Average weekly earnings including overtime for all employees,Real estate and rental and leasing,$  820.74,  5.7%,  7.1%,122.8
Nov 2014,Nova Scotia,Average weekly earnings including overtime for all employees,Real estate and rental and leasing,$  777.80, -5.2%,  0.8%,116.3
Dec 2014,Nova Scotia,Average weekly earnings including overtime for all employees,Real estate and rental and leasing,$  838.02,  7.7%, 10.2%,125.3
Jan 2015,Nova Scotia,Average weekly earnings including overtime for all employees,Real estate and rental and leasing,$  803.29, -4.1%, -2.2%,120.1
Feb 2015,Nova Scotia,Average weekly earnings including overtime for all employees,Real estate and rental and leasing,$  805.25,  0.2%, -0.6%,120.4
Mar 2015,Nova Scotia,Average weekly earnings including overtime for all employees,Real estate and rental and leasing,$  743.19, -7.7%, -5.5%,111.2
Apr 2015,Nova Scotia,Average weekly earnings including overtime for all employees,Real estate and rental and leasing,$  839.83, 13.0%,  6.0%,125.6
May 2015,Nova Scotia,Average weekly earnings including overtime for all employees,Real estate and rental and leasing,$  776.80, -7.5%, -8.1%,116.2
Jun 2015,Nova Scotia,Average weekly earnings including overtime for all employees,Real estate and rental and leasing,$  810.82,  4.4%,  0.3%,121.3
Jul 2015,Nova Scotia,Average weekly earnings including overtime for all employees,Real estate and rental and leasing,$  810.67,  0.0%, -2.0%,121.2
Aug 2015,Nova Scotia,Average weekly earnings including overtime for all employees,Real estate and rental and leasing,$  813.39,  0.3%,  2.2%,121.7
Sep 2015,Nova Scotia,Average weekly earnings including overtime for all employees,Real estate and rental and leasing,$  789.70, -2.9%,  1.7%,118.1
Oct 2015,Nova Scotia,Average weekly earnings including overtime for all employees,Real estate and rental and leasing,$  828.81,  5.0%,  1.0%,124.0
Nov 2015,Nova Scotia,Average weekly earnings including overtime for all employees,Real estate and rental and leasing,$  819.01, -1.2%,  5.3%,122.5
Dec 2015,Nova Scotia,Average weekly earnings including overtime for all employees,Real estate and rental and leasing,$  848.16,  3.6%,  1.2%,126.9
Jan 2016,Nova Scotia,Average weekly earnings including overtime for all employees,Real estate and rental and leasing,$  827.41, -2.4%,  3.0%,123.7
Feb 2016,Nova Scotia,Average weekly earnings including overtime for all employees,Real estate and rental and leasing,$  829.32,  0.2%,  3.0%,124.0
Mar 2016,Nova Scotia,Average weekly earnings including overtime for all employees,Real estate and rental and leasing,$  886.57,  6.9%, 19.3%,132.6
Apr 2016,Nova Scotia,Average weekly earnings including overtime for all employees,Real estate and rental and leasing,$  878.93, -0.9%,  4.7%,131.5
May 2016,Nova Scotia,Average weekly earnings including overtime for all employees,Real estate and rental and leasing,$  845.75, -3.8%,  8.9%,126.5
Jun 2016,Nova Scotia,Average weekly earnings including overtime for all employees,Real estate and rental and leasing,$  947.35, 12.0%, 16.8%,141.7
Jul 2016,Nova Scotia,Average weekly earnings including overtime for all employees,Real estate and rental and leasing,$  954.02,  0.7%, 17.7%,142.7
Aug 2016,Nova Scotia,Average weekly earnings including overtime for all employees,Real estate and rental and leasing,$  919.79, -3.6%, 13.1%,137.6
Sep 2016,Nova Scotia,Average weekly earnings including overtime for all employees,Real estate and rental and leasing,$  975.37,  6.0%, 23.5%,145.9
Oct 2016,Nova Scotia,Average weekly earnings including overtime for all employees,Real estate and rental and leasing,$  912.39, -6.5%, 10.1%,136.5
Nov 2016,Nova Scotia,Average weekly earnings including overtime for all employees,Real estate and rental and leasing,$  903.63, -1.0%, 10.3%,135.1
Dec 2016,Nova Scotia,Average weekly earnings including overtime for all employees,Real estate and rental and leasing,$  946.38,  4.7%, 11.6%,141.5
Jan 2017,Nova Scotia,Average weekly earnings including overtime for all employees,Real estate and rental and leasing,$  874.22, -7.6%,  5.7%,130.7
Feb 2017,Nova Scotia,Average weekly earnings including overtime for all employees,Real estate and rental and leasing,$  840.21, -3.9%,  1.3%,125.7
Mar 2017,Nova Scotia,Average weekly earnings including overtime for all employees,Real estate and rental and leasing,$  814.89, -3.0%, -8.1%,121.9
Apr 2017,Nova Scotia,Average weekly earnings including overtime for all employees,Real estate and rental and leasing,$  828.65,  1.7%, -5.7%,123.9
May 2017,Nova Scotia,Average weekly earnings including overtime for all employees,Real estate and rental and leasing,$  809.60, -2.3%, -4.3%,121.1
Jun 2017,Nova Scotia,Average weekly earnings including overtime for all employees,Real estate and rental and leasing,$  831.58,  2.7%,-12.2%,124.4
Jul 2017,Nova Scotia,Average weekly earnings including overtime for all employees,Real estate and rental and leasing,$  888.13,  6.8%, -6.9%,132.8
Aug 2017,Nova Scotia,Average weekly earnings including overtime for all employees,Real estate and rental and leasing,..,..,..,..
Sep 2017,Nova Scotia,Average weekly earnings including overtime for all employees,Real estate and rental and leasing,$  885.02,.., -9.3%,132.4
Oct 2017,Nova Scotia,Average weekly earnings including overtime for all employees,Real estate and rental and leasing,$  856.89, -3.2%, -6.1%,128.2
Nov 2017,Nova Scotia,Average weekly earnings including overtime for all employees,Real estate and rental and leasing,$  909.77,  6.2%,  0.7%,136.1
Dec 2017,Nova Scotia,Average weekly earnings including overtime for all employees,Real estate and rental and leasing,$  967.30,  6.3%,  2.2%,144.7
Jan 2018,Nova Scotia,Average weekly earnings including overtime for all employees,Real estate and rental and leasing,$  961.31, -0.6%, 10.0%,143.8
Feb 2018,Nova Scotia,Average weekly earnings including overtime for all employees,Real estate and rental and leasing,$  846.10,-12.0%,  0.7%,126.5
Mar 2018,Nova Scotia,Average weekly earnings including overtime for all employees,Real estate and rental and leasing,$  924.29,  9.2%, 13.4%,138.2
Apr 2018,Nova Scotia,Average weekly earnings including overtime for all employees,Real estate and rental and leasing,$  858.15, -7.2%,  3.6%,128.3
May 2018,Nova Scotia,Average weekly earnings including overtime for all employees,Real estate and rental and leasing,$  886.99,  3.4%,  9.6%,132.7
Jun 2018,Nova Scotia,Average weekly earnings including overtime for all employees,Real estate and rental and leasing,$  881.42, -0.6%,  6.0%,131.8
Jul 2018,Nova Scotia,Average weekly earnings including overtime for all employees,Real estate and rental and leasing,$  821.64, -6.8%, -7.5%,122.9
Aug 2018,Nova Scotia,Average weekly earnings including overtime for all employees,Real estate and rental and leasing,$  847.14,  3.1%,..,126.7
Sep 2018,Nova Scotia,Average weekly earnings including overtime for all employees,Real estate and rental and leasing,$  882.29,  4.1%, -0.3%,132.0
Oct 2018,Nova Scotia,Average weekly earnings including overtime for all employees,Real estate and rental and leasing,$  859.42, -2.6%,  0.3%,128.5
Nov 2018,Nova Scotia,Average weekly earnings including overtime for all employees,Real estate and rental and leasing,$  912.86,  6.2%,  0.3%,136.5
Dec 2018,Nova Scotia,Average weekly earnings including overtime for all employees,Real estate and rental and leasing,$  917.32,  0.5%, -5.2%,137.2
Jan 2019,Nova Scotia,Average weekly earnings including overtime for all employees,Real estate and rental and leasing,$  891.68, -2.8%, -7.2%,133.4
Feb 2019,Nova Scotia,Average weekly earnings including overtime for all employees,Real estate and rental and leasing,$  957.48,  7.4%, 13.2%,143.2
Mar 2019,Nova Scotia,Average weekly earnings including overtime for all employees,Real estate and rental and leasing,$  989.58,  3.4%,  7.1%,148.0
Apr 2019,Nova Scotia,Average weekly earnings including overtime for all employees,Real estate and rental and leasing,$  950.89, -3.9%, 10.8%,142.2
May 2019,Nova Scotia,Average weekly earnings including overtime for all employees,Real estate and rental and leasing,$  974.49,  2.5%,  9.9%,145.7
Jun 2019,Nova Scotia,Average weekly earnings including overtime for all employees,Real estate and rental and leasing,$  873.28,-10.4%, -0.9%,130.6
Jul 2019,Nova Scotia,Average weekly earnings including overtime for all employees,Real estate and rental and leasing,$  934.44,  7.0%, 13.7%,139.8
Aug 2019,Nova Scotia,Average weekly earnings including overtime for all employees,Real estate and rental and leasing,"$1,003.99",  7.4%, 18.5%,150.2
Sep 2019,Nova Scotia,Average weekly earnings including overtime for all employees,Real estate and rental and leasing,$  963.30, -4.1%,  9.2%,144.1
Oct 2019,Nova Scotia,Average weekly earnings including overtime for all employees,Real estate and rental and leasing,$  975.14,  1.2%, 13.5%,145.8
Nov 2019,Nova Scotia,Average weekly earnings including overtime for all employees,Real estate and rental and leasing,$  942.91, -3.3%,  3.3%,141.0
Dec 2019,Nova Scotia,Average weekly earnings including overtime for all employees,Real estate and rental and leasing,$  853.54, -9.5%, -7.0%,127.7
Jan 2020,Nova Scotia,Average weekly earnings including overtime for all employees,Real estate and rental and leasing,$  901.27,  5.6%,  1.1%,134.8
Feb 2020,Nova Scotia,Average weekly earnings including overtime for all employees,Real estate and rental and leasing,$  989.24,  9.8%,  3.3%,148.0
Mar 2020,Nova Scotia,Average weekly earnings including overtime for all employees,Real estate and rental and leasing,$  974.19, -1.5%, -1.6%,145.7
Apr 2020,Nova Scotia,Average weekly earnings including overtime for all employees,Real estate and rental and leasing,$  972.49, -0.2%,  2.3%,145.4
May 2020,Nova Scotia,Average weekly earnings including overtime for all employees,Real estate and rental and leasing,"$1,005.64",  3.4%,  3.2%,150.4
Jun 2020,Nova Scotia,Average weekly earnings including overtime for all employees,Real estate and rental and leasing,$  995.19, -1.0%, 14.0%,148.8
Jul 2020,Nova Scotia,Average weekly earnings including overtime for all employees,Real estate and rental and leasing,$  954.33, -4.1%,  2.1%,142.7
Aug 2020,Nova Scotia,Average weekly earnings including overtime for all employees,Real estate and rental and leasing,"$1,032.25",  8.2%,  2.8%,154.4
Sep 2020,Nova Scotia,Average weekly earnings including overtime for all employees,Real estate and rental and leasing,$  990.10, -4.1%,  2.8%,148.1
Oct 2020,Nova Scotia,Average weekly earnings including overtime for all employees,Real estate and rental and leasing,"$1,060.84",  7.1%,  8.8%,158.7
Nov 2020,Nova Scotia,Average weekly earnings including overtime for all employees,Real estate and rental and leasing,$  998.22, -5.9%,  5.9%,149.3
Dec 2020,Nova Scotia,Average weekly earnings including overtime for all employees,Real estate and rental and leasing,$  971.95, -2.6%, 13.9%,145.4
Jan 2021,Nova Scotia,Average weekly earnings including overtime for all employees,Real estate and rental and leasing,"$1,019.49",  4.9%, 13.1%,152.5
Feb 2021,Nova Scotia,Average weekly earnings including overtime for all employees,Real estate and rental and leasing,"$1,047.70",  2.8%,  5.9%,156.7
Mar 2021,Nova Scotia,Average weekly earnings including overtime for all employees,Real estate and rental and leasing,$  992.51, -5.3%,  1.9%,148.4
Apr 2021,Nova Scotia,Average weekly earnings including overtime for all employees,Real estate and rental and leasing,"$1,033.57",  4.1%,  6.3%,154.6
May 2021,Nova Scotia,Average weekly earnings including overtime for all employees,Real estate and rental and leasing,$  975.65, -5.6%, -3.0%,145.9
Jun 2021,Nova Scotia,Average weekly earnings including overtime for all employees,Real estate and rental and leasing,"$1,038.05",  6.4%,  4.3%,155.3
Jul 2021,Nova Scotia,Average weekly earnings including overtime for all employees,Real estate and rental and leasing,"$1,012.31", -2.5%,  6.1%,151.4
Aug 2021,Nova Scotia,Average weekly earnings including overtime for all employees,Real estate and rental and leasing,$  972.86, -3.9%, -5.8%,145.5
Sep 2021,Nova Scotia,Average weekly earnings including overtime for all employees,Real estate and rental and leasing,"$1,114.39", 14.5%, 12.6%,166.7
Oct 2021,Nova Scotia,Average weekly earnings including overtime for all employees,Real estate and rental and leasing,"$1,031.80", -7.4%, -2.7%,154.3
Nov 2021,Nova Scotia,Average weekly earnings including overtime for all employees,Real estate and rental and leasing,"$1,040.72",  0.9%,  4.3%,155.7
Dec 2021,Nova Scotia,Average weekly earnings including overtime for all employees,Real estate and rental and leasing,"$1,083.56",  4.1%, 11.5%,162.1
Jan 2022,Nova Scotia,Average weekly earnings including overtime for all employees,Real estate and rental and leasing,"$1,052.99", -2.8%,  3.3%,157.5
Feb 2022,Nova Scotia,Average weekly earnings including overtime for all employees,Real estate and rental and leasing,"$1,050.11", -0.3%,  0.2%,157.1
Mar 2022,Nova Scotia,Average weekly earnings including overtime for all employees,Real estate and rental and leasing,"$1,041.85", -0.8%,  5.0%,155.8
Apr 2022,Nova Scotia,Average weekly earnings including overtime for all employees,Real estate and rental and leasing,"$1,075.52",  3.2%,  4.1%,160.9
May 2022,Nova Scotia,Average weekly earnings including overtime for all employees,Real estate and rental and leasing,"$1,066.47", -0.8%,  9.3%,159.5
Jun 2022,Nova Scotia,Average weekly earnings including overtime for all employees,Real estate and rental and leasing,"$1,123.16",  5.3%,  8.2%,168.0
Jul 2022,Nova Scotia,Average weekly earnings including overtime for all employees,Real estate and rental and leasing,"$1,161.34",  3.4%, 14.7%,173.7
Aug 2022,Nova Scotia,Average weekly earnings including overtime for all employees,Real estate and rental and leasing,"$1,035.56",-10.8%,  6.4%,154.9
Sep 2022,Nova Scotia,Average weekly earnings including overtime for all employees,Real estate and rental and leasing,"$1,026.25", -0.9%, -7.9%,153.5
Oct 2022,Nova Scotia,Average weekly earnings including overtime for all employees,Real estate and rental and leasing,"$1,047.28",  2.0%,  1.5%,156.6
Nov 2022,Nova Scotia,Average weekly earnings including overtime for all employees,Real estate and rental and leasing,"$1,069.62",  2.1%,  2.8%,160.0
Dec 2022,Nova Scotia,Average weekly earnings including overtime for all employees,Real estate and rental and leasing,"$1,115.58",  4.3%,  3.0%,166.8
Jan 2023,Nova Scotia,Average weekly earnings including overtime for all employees,Real estate and rental and leasing,$  994.19,-10.9%, -5.6%,148.7
Feb 2023,Nova Scotia,Average weekly earnings including overtime for all employees,Real estate and rental and leasing,"$1,109.58", 11.6%,  5.7%,166.0
Mar 2023,Nova Scotia,Average weekly earnings including overtime for all employees,Real estate and rental and leasing,"$1,113.80",  0.4%,  6.9%,166.6
Apr 2023,Nova Scotia,Average weekly earnings including overtime for all employees,Real estate and rental and leasing,"$1,051.08", -5.6%, -2.3%,157.2
May 2023,Nova Scotia,Average weekly earnings including overtime for all employees,Real estate and rental and leasing,"$1,066.61",  1.5%,  0.0%,159.5
Jun 2023,Nova Scotia,Average weekly earnings including overtime for all employees,Real estate and rental and leasing,"$1,035.61", -2.9%, -7.8%,154.9
Jul 2023,Nova Scotia,Average weekly earnings including overtime for all employees,Real estate and rental and leasing,"$1,048.41",  1.2%, -9.7%,156.8
Aug 2023,Nova Scotia,Average weekly earnings including overtime for all employees,Real estate and rental and leasing,"$1,078.13",  2.8%,  4.1%,161.2
Sep 2023,Nova Scotia,Average weekly earnings including overtime for all employees,Real estate and rental and leasing,"$1,107.73",  2.7%,  7.9%,165.7
Oct 2023,Nova Scotia,Average weekly earnings including overtime for all employees,Real estate and rental and leasing,"$1,041.78", -6.0%, -0.5%,155.8
Nov 2023,Nova Scotia,Average weekly earnings including overtime for all employees,Real estate and rental and leasing,"$1,066.30",  2.4%, -0.3%,159.5
Dec 2023,Nova Scotia,Average weekly earnings including overtime for all employees,Real estate and rental and leasing,"$1,036.48", -2.8%, -7.1%,155.0
Jan 2024,Nova Scotia,Average weekly earnings including overtime for all employees,Real estate and rental and leasing,"$1,076.65",  3.9%,  8.3%,161.0
Feb 2024,Nova Scotia,Average weekly earnings including overtime for all employees,Real estate and rental and leasing,"$1,085.81",  0.9%, -2.1%,162.4
Mar 2024,Nova Scotia,Average weekly earnings including overtime for all employees,Real estate and rental and leasing,"$1,141.90",  5.2%,  2.5%,170.8
Apr 2024,Nova Scotia,Average weekly earnings including overtime for all employees,Real estate and rental and leasing,"$1,145.73",  0.3%,  9.0%,171.4
May 2024,Nova Scotia,Average weekly earnings including overtime for all employees,Real estate and rental and leasing,"$1,133.76", -1.0%,  6.3%,169.6
Jun 2024,Nova Scotia,Average weekly earnings including overtime for all employees,Real estate and rental and leasing,"$1,069.89", -5.6%,  3.3%,160.0
Jul 2024,Nova Scotia,Average weekly earnings including overtime for all employees,Real estate and rental and leasing,"$1,076.44",  0.6%,  2.7%,161.0
Aug 2024,Nova Scotia,Average weekly earnings including overtime for all employees,Real estate and rental and leasing,"$1,114.64",  3.5%,  3.4%,166.7
Sep 2024,Nova Scotia,Average weekly earnings including overtime for all employees,Real estate and rental and leasing,"$1,139.52",  2.2%,  2.9%,170.4
Oct 2024,Nova Scotia,Average weekly earnings including overtime for all employees,Real estate and rental and leasing,"$1,144.01",  0.4%,  9.8%,171.1
Jan 2011,Nova Scotia,Average weekly earnings including overtime for all employees,"Professional, scientific and technical services","$1,056.27", -3.7%,  7.3%,100.0
Feb 2011,Nova Scotia,Average weekly earnings including overtime for all employees,"Professional, scientific and technical services","$1,064.22",  0.8%,  6.3%,100.8
Mar 2011,Nova Scotia,Average weekly earnings including overtime for all employees,"Professional, scientific and technical services","$1,018.61", -4.3%, -0.7%, 96.4
Apr 2011,Nova Scotia,Average weekly earnings including overtime for all employees,"Professional, scientific and technical services","$1,078.67",  5.9%,  7.0%,102.1
May 2011,Nova Scotia,Average weekly earnings including overtime for all employees,"Professional, scientific and technical services","$1,037.82", -3.8%,  0.6%, 98.3
Jun 2011,Nova Scotia,Average weekly earnings including overtime for all employees,"Professional, scientific and technical services","$1,089.07",  4.9%,  3.1%,103.1
Jul 2011,Nova Scotia,Average weekly earnings including overtime for all employees,"Professional, scientific and technical services","$1,043.31", -4.2%, -2.8%, 98.8
Aug 2011,Nova Scotia,Average weekly earnings including overtime for all employees,"Professional, scientific and technical services","$1,018.91", -2.3%, -6.0%, 96.5
Sep 2011,Nova Scotia,Average weekly earnings including overtime for all employees,"Professional, scientific and technical services","$1,052.29",  3.3%, -4.7%, 99.6
Oct 2011,Nova Scotia,Average weekly earnings including overtime for all employees,"Professional, scientific and technical services","$1,058.23",  0.6%, -2.3%,100.2
Nov 2011,Nova Scotia,Average weekly earnings including overtime for all employees,"Professional, scientific and technical services","$1,072.96",  1.4%,  0.2%,101.6
Dec 2011,Nova Scotia,Average weekly earnings including overtime for all employees,"Professional, scientific and technical services","$1,021.78", -4.8%, -6.8%, 96.7
Jan 2012,Nova Scotia,Average weekly earnings including overtime for all employees,"Professional, scientific and technical services","$1,093.07",  7.0%,  3.5%,103.5
Feb 2012,Nova Scotia,Average weekly earnings including overtime for all employees,"Professional, scientific and technical services","$1,051.03", -3.8%, -1.2%, 99.5
Mar 2012,Nova Scotia,Average weekly earnings including overtime for all employees,"Professional, scientific and technical services","$1,075.23",  2.3%,  5.6%,101.8
Apr 2012,Nova Scotia,Average weekly earnings including overtime for all employees,"Professional, scientific and technical services","$1,073.41", -0.2%, -0.5%,101.6
May 2012,Nova Scotia,Average weekly earnings including overtime for all employees,"Professional, scientific and technical services","$1,067.89", -0.5%,  2.9%,101.1
Jun 2012,Nova Scotia,Average weekly earnings including overtime for all employees,"Professional, scientific and technical services","$1,060.95", -0.6%, -2.6%,100.4
Jul 2012,Nova Scotia,Average weekly earnings including overtime for all employees,"Professional, scientific and technical services","$1,107.72",  4.4%,  6.2%,104.9
Aug 2012,Nova Scotia,Average weekly earnings including overtime for all employees,"Professional, scientific and technical services","$1,111.91",  0.4%,  9.1%,105.3
Sep 2012,Nova Scotia,Average weekly earnings including overtime for all employees,"Professional, scientific and technical services","$1,094.74", -1.5%,  4.0%,103.6
Oct 2012,Nova Scotia,Average weekly earnings including overtime for all employees,"Professional, scientific and technical services","$1,069.28", -2.3%,  1.0%,101.2
Nov 2012,Nova Scotia,Average weekly earnings including overtime for all employees,"Professional, scientific and technical services","$1,074.08",  0.4%,  0.1%,101.7
Dec 2012,Nova Scotia,Average weekly earnings including overtime for all employees,"Professional, scientific and technical services","$1,045.29", -2.7%,  2.3%, 99.0
Jan 2013,Nova Scotia,Average weekly earnings including overtime for all employees,"Professional, scientific and technical services","$1,060.97",  1.5%, -2.9%,100.4
Feb 2013,Nova Scotia,Average weekly earnings including overtime for all employees,"Professional, scientific and technical services","$1,091.22",  2.9%,  3.8%,103.3
Mar 2013,Nova Scotia,Average weekly earnings including overtime for all employees,"Professional, scientific and technical services","$1,144.46",  4.9%,  6.4%,108.3
Apr 2013,Nova Scotia,Average weekly earnings including overtime for all employees,"Professional, scientific and technical services","$1,123.65", -1.8%,  4.7%,106.4
May 2013,Nova Scotia,Average weekly earnings including overtime for all employees,"Professional, scientific and technical services","$1,164.77",  3.7%,  9.1%,110.3
Jun 2013,Nova Scotia,Average weekly earnings including overtime for all employees,"Professional, scientific and technical services","$1,099.42", -5.6%,  3.6%,104.1
Jul 2013,Nova Scotia,Average weekly earnings including overtime for all employees,"Professional, scientific and technical services","$1,111.18",  1.1%,  0.3%,105.2
Aug 2013,Nova Scotia,Average weekly earnings including overtime for all employees,"Professional, scientific and technical services","$1,119.86",  0.8%,  0.7%,106.0
Sep 2013,Nova Scotia,Average weekly earnings including overtime for all employees,"Professional, scientific and technical services","$1,065.57", -4.8%, -2.7%,100.9
Oct 2013,Nova Scotia,Average weekly earnings including overtime for all employees,"Professional, scientific and technical services","$1,077.05",  1.1%,  0.7%,102.0
Nov 2013,Nova Scotia,Average weekly earnings including overtime for all employees,"Professional, scientific and technical services","$1,121.45",  4.1%,  4.4%,106.2
Dec 2013,Nova Scotia,Average weekly earnings including overtime for all employees,"Professional, scientific and technical services","$1,068.54", -4.7%,  2.2%,101.2
Jan 2014,Nova Scotia,Average weekly earnings including overtime for all employees,"Professional, scientific and technical services","$1,135.03",  6.2%,  7.0%,107.5
Feb 2014,Nova Scotia,Average weekly earnings including overtime for all employees,"Professional, scientific and technical services","$1,156.22",  1.9%,  6.0%,109.5
Mar 2014,Nova Scotia,Average weekly earnings including overtime for all employees,"Professional, scientific and technical services","$1,077.92", -6.8%, -5.8%,102.0
Apr 2014,Nova Scotia,Average weekly earnings including overtime for all employees,"Professional, scientific and technical services","$1,087.84",  0.9%, -3.2%,103.0
May 2014,Nova Scotia,Average weekly earnings including overtime for all employees,"Professional, scientific and technical services","$1,116.03",  2.6%, -4.2%,105.7
Jun 2014,Nova Scotia,Average weekly earnings including overtime for all employees,"Professional, scientific and technical services","$1,122.47",  0.6%,  2.1%,106.3
Jul 2014,Nova Scotia,Average weekly earnings including overtime for all employees,"Professional, scientific and technical services","$1,087.63", -3.1%, -2.1%,103.0
Aug 2014,Nova Scotia,Average weekly earnings including overtime for all employees,"Professional, scientific and technical services","$1,141.60",  5.0%,  1.9%,108.1
Sep 2014,Nova Scotia,Average weekly earnings including overtime for all employees,"Professional, scientific and technical services","$1,120.46", -1.9%,  5.2%,106.1
Oct 2014,Nova Scotia,Average weekly earnings including overtime for all employees,"Professional, scientific and technical services","$1,178.21",  5.2%,  9.4%,111.5
Nov 2014,Nova Scotia,Average weekly earnings including overtime for all employees,"Professional, scientific and technical services","$1,141.10", -3.1%,  1.8%,108.0
Dec 2014,Nova Scotia,Average weekly earnings including overtime for all employees,"Professional, scientific and technical services","$1,152.39",  1.0%,  7.8%,109.1
Jan 2015,Nova Scotia,Average weekly earnings including overtime for all employees,"Professional, scientific and technical services","$1,139.79", -1.1%,  0.4%,107.9
Feb 2015,Nova Scotia,Average weekly earnings including overtime for all employees,"Professional, scientific and technical services","$1,137.08", -0.2%, -1.7%,107.7
Mar 2015,Nova Scotia,Average weekly earnings including overtime for all employees,"Professional, scientific and technical services","$1,099.93", -3.3%,  2.0%,104.1
Apr 2015,Nova Scotia,Average weekly earnings including overtime for all employees,"Professional, scientific and technical services","$1,157.47",  5.2%,  6.4%,109.6
May 2015,Nova Scotia,Average weekly earnings including overtime for all employees,"Professional, scientific and technical services","$1,183.94",  2.3%,  6.1%,112.1
Jun 2015,Nova Scotia,Average weekly earnings including overtime for all employees,"Professional, scientific and technical services","$1,185.32",  0.1%,  5.6%,112.2
Jul 2015,Nova Scotia,Average weekly earnings including overtime for all employees,"Professional, scientific and technical services","$1,185.91",  0.0%,  9.0%,112.3
Aug 2015,Nova Scotia,Average weekly earnings including overtime for all employees,"Professional, scientific and technical services","$1,115.94", -5.9%, -2.2%,105.6
Sep 2015,Nova Scotia,Average weekly earnings including overtime for all employees,"Professional, scientific and technical services","$1,163.62",  4.3%,  3.9%,110.2
Oct 2015,Nova Scotia,Average weekly earnings including overtime for all employees,"Professional, scientific and technical services","$1,220.72",  4.9%,  3.6%,115.6
Nov 2015,Nova Scotia,Average weekly earnings including overtime for all employees,"Professional, scientific and technical services","$1,177.93", -3.5%,  3.2%,111.5
Dec 2015,Nova Scotia,Average weekly earnings including overtime for all employees,"Professional, scientific and technical services","$1,192.54",  1.2%,  3.5%,112.9
Jan 2016,Nova Scotia,Average weekly earnings including overtime for all employees,"Professional, scientific and technical services","$1,154.46", -3.2%,  1.3%,109.3
Feb 2016,Nova Scotia,Average weekly earnings including overtime for all employees,"Professional, scientific and technical services","$1,113.39", -3.6%, -2.1%,105.4
Mar 2016,Nova Scotia,Average weekly earnings including overtime for all employees,"Professional, scientific and technical services","$1,168.99",  5.0%,  6.3%,110.7
Apr 2016,Nova Scotia,Average weekly earnings including overtime for all employees,"Professional, scientific and technical services","$1,206.83",  3.2%,  4.3%,114.3
May 2016,Nova Scotia,Average weekly earnings including overtime for all employees,"Professional, scientific and technical services","$1,136.84", -5.8%, -4.0%,107.6
Jun 2016,Nova Scotia,Average weekly earnings including overtime for all employees,"Professional, scientific and technical services","$1,169.43",  2.9%, -1.3%,110.7
Jul 2016,Nova Scotia,Average weekly earnings including overtime for all employees,"Professional, scientific and technical services","$1,137.76", -2.7%, -4.1%,107.7
Aug 2016,Nova Scotia,Average weekly earnings including overtime for all employees,"Professional, scientific and technical services","$1,122.28", -1.4%,  0.6%,106.2
Sep 2016,Nova Scotia,Average weekly earnings including overtime for all employees,"Professional, scientific and technical services","$1,192.32",  6.2%,  2.5%,112.9
Oct 2016,Nova Scotia,Average weekly earnings including overtime for all employees,"Professional, scientific and technical services","$1,149.73", -3.6%, -5.8%,108.8
Nov 2016,Nova Scotia,Average weekly earnings including overtime for all employees,"Professional, scientific and technical services","$1,160.91",  1.0%, -1.4%,109.9
Dec 2016,Nova Scotia,Average weekly earnings including overtime for all employees,"Professional, scientific and technical services","$1,175.29",  1.2%, -1.4%,111.3
Jan 2017,Nova Scotia,Average weekly earnings including overtime for all employees,"Professional, scientific and technical services","$1,128.89", -3.9%, -2.2%,106.9
Feb 2017,Nova Scotia,Average weekly earnings including overtime for all employees,"Professional, scientific and technical services","$1,138.35",  0.8%,  2.2%,107.8
Mar 2017,Nova Scotia,Average weekly earnings including overtime for all employees,"Professional, scientific and technical services","$1,256.69", 10.4%,  7.5%,119.0
Apr 2017,Nova Scotia,Average weekly earnings including overtime for all employees,"Professional, scientific and technical services","$1,143.23", -9.0%, -5.3%,108.2
May 2017,Nova Scotia,Average weekly earnings including overtime for all employees,"Professional, scientific and technical services","$1,108.46", -3.0%, -2.5%,104.9
Jun 2017,Nova Scotia,Average weekly earnings including overtime for all employees,"Professional, scientific and technical services","$1,165.94",  5.2%, -0.3%,110.4
Jul 2017,Nova Scotia,Average weekly earnings including overtime for all employees,"Professional, scientific and technical services","$1,128.41", -3.2%, -0.8%,106.8
Aug 2017,Nova Scotia,Average weekly earnings including overtime for all employees,"Professional, scientific and technical services","$1,147.63",  1.7%,  2.3%,108.6
Sep 2017,Nova Scotia,Average weekly earnings including overtime for all employees,"Professional, scientific and technical services","$1,197.72",  4.4%,  0.5%,113.4
Oct 2017,Nova Scotia,Average weekly earnings including overtime for all employees,"Professional, scientific and technical services","$1,140.06", -4.8%, -0.8%,107.9
Nov 2017,Nova Scotia,Average weekly earnings including overtime for all employees,"Professional, scientific and technical services","$1,177.54",  3.3%,  1.4%,111.5
Dec 2017,Nova Scotia,Average weekly earnings including overtime for all employees,"Professional, scientific and technical services","$1,190.09",  1.1%,  1.3%,112.7
Jan 2018,Nova Scotia,Average weekly earnings including overtime for all employees,"Professional, scientific and technical services","$1,181.58", -0.7%,  4.7%,111.9
Feb 2018,Nova Scotia,Average weekly earnings including overtime for all employees,"Professional, scientific and technical services","$1,220.78",  3.3%,  7.2%,115.6
Mar 2018,Nova Scotia,Average weekly earnings including overtime for all employees,"Professional, scientific and technical services","$1,250.44",  2.4%, -0.5%,118.4
Apr 2018,Nova Scotia,Average weekly earnings including overtime for all employees,"Professional, scientific and technical services","$1,148.56", -8.1%,  0.5%,108.7
May 2018,Nova Scotia,Average weekly earnings including overtime for all employees,"Professional, scientific and technical services","$1,179.93",  2.7%,  6.4%,111.7
Jun 2018,Nova Scotia,Average weekly earnings including overtime for all employees,"Professional, scientific and technical services","$1,180.85",  0.1%,  1.3%,111.8
Jul 2018,Nova Scotia,Average weekly earnings including overtime for all employees,"Professional, scientific and technical services","$1,231.85",  4.3%,  9.2%,116.6
Aug 2018,Nova Scotia,Average weekly earnings including overtime for all employees,"Professional, scientific and technical services","$1,289.18",  4.7%, 12.3%,122.1
Sep 2018,Nova Scotia,Average weekly earnings including overtime for all employees,"Professional, scientific and technical services","$1,208.83", -6.2%,  0.9%,114.4
Oct 2018,Nova Scotia,Average weekly earnings including overtime for all employees,"Professional, scientific and technical services","$1,205.54", -0.3%,  5.7%,114.1
Nov 2018,Nova Scotia,Average weekly earnings including overtime for all employees,"Professional, scientific and technical services","$1,251.84",  3.8%,  6.3%,118.5
Dec 2018,Nova Scotia,Average weekly earnings including overtime for all employees,"Professional, scientific and technical services","$1,270.55",  1.5%,  6.8%,120.3
Jan 2019,Nova Scotia,Average weekly earnings including overtime for all employees,"Professional, scientific and technical services","$1,291.43",  1.6%,  9.3%,122.3
Feb 2019,Nova Scotia,Average weekly earnings including overtime for all employees,"Professional, scientific and technical services","$1,297.95",  0.5%,  6.3%,122.9
Mar 2019,Nova Scotia,Average weekly earnings including overtime for all employees,"Professional, scientific and technical services","$1,294.81", -0.2%,  3.5%,122.6
Apr 2019,Nova Scotia,Average weekly earnings including overtime for all employees,"Professional, scientific and technical services","$1,313.15",  1.4%, 14.3%,124.3
May 2019,Nova Scotia,Average weekly earnings including overtime for all employees,"Professional, scientific and technical services","$1,287.50", -2.0%,  9.1%,121.9
Jun 2019,Nova Scotia,Average weekly earnings including overtime for all employees,"Professional, scientific and technical services","$1,260.92", -2.1%,  6.8%,119.4
Jul 2019,Nova Scotia,Average weekly earnings including overtime for all employees,"Professional, scientific and technical services","$1,259.15", -0.1%,  2.2%,119.2
Aug 2019,Nova Scotia,Average weekly earnings including overtime for all employees,"Professional, scientific and technical services","$1,327.16",  5.4%,  2.9%,125.6
Sep 2019,Nova Scotia,Average weekly earnings including overtime for all employees,"Professional, scientific and technical services","$1,319.81", -0.6%,  9.2%,125.0
Oct 2019,Nova Scotia,Average weekly earnings including overtime for all employees,"Professional, scientific and technical services","$1,286.76", -2.5%,  6.7%,121.8
Nov 2019,Nova Scotia,Average weekly earnings including overtime for all employees,"Professional, scientific and technical services","$1,300.64",  1.1%,  3.9%,123.1
Dec 2019,Nova Scotia,Average weekly earnings including overtime for all employees,"Professional, scientific and technical services","$1,313.40",  1.0%,  3.4%,124.3
Jan 2020,Nova Scotia,Average weekly earnings including overtime for all employees,"Professional, scientific and technical services","$1,370.17",  4.3%,  6.1%,129.7
Feb 2020,Nova Scotia,Average weekly earnings including overtime for all employees,"Professional, scientific and technical services","$1,369.90",  0.0%,  5.5%,129.7
Mar 2020,Nova Scotia,Average weekly earnings including overtime for all employees,"Professional, scientific and technical services","$1,286.79", -6.1%, -0.6%,121.8
Apr 2020,Nova Scotia,Average weekly earnings including overtime for all employees,"Professional, scientific and technical services","$1,366.11",  6.2%,  4.0%,129.3
May 2020,Nova Scotia,Average weekly earnings including overtime for all employees,"Professional, scientific and technical services","$1,398.42",  2.4%,  8.6%,132.4
Jun 2020,Nova Scotia,Average weekly earnings including overtime for all employees,"Professional, scientific and technical services","$1,337.06", -4.4%,  6.0%,126.6
Jul 2020,Nova Scotia,Average weekly earnings including overtime for all employees,"Professional, scientific and technical services","$1,411.54",  5.6%, 12.1%,133.6
Aug 2020,Nova Scotia,Average weekly earnings including overtime for all employees,"Professional, scientific and technical services","$1,350.83", -4.3%,  1.8%,127.9
Sep 2020,Nova Scotia,Average weekly earnings including overtime for all employees,"Professional, scientific and technical services","$1,350.39",  0.0%,  2.3%,127.8
Oct 2020,Nova Scotia,Average weekly earnings including overtime for all employees,"Professional, scientific and technical services","$1,374.88",  1.8%,  6.8%,130.2
Nov 2020,Nova Scotia,Average weekly earnings including overtime for all employees,"Professional, scientific and technical services","$1,383.61",  0.6%,  6.4%,131.0
Dec 2020,Nova Scotia,Average weekly earnings including overtime for all employees,"Professional, scientific and technical services","$1,375.63", -0.6%,  4.7%,130.2
Jan 2021,Nova Scotia,Average weekly earnings including overtime for all employees,"Professional, scientific and technical services","$1,344.23", -2.3%, -1.9%,127.3
Feb 2021,Nova Scotia,Average weekly earnings including overtime for all employees,"Professional, scientific and technical services","$1,299.37", -3.3%, -5.1%,123.0
Mar 2021,Nova Scotia,Average weekly earnings including overtime for all employees,"Professional, scientific and technical services","$1,282.82", -1.3%, -0.3%,121.4
Apr 2021,Nova Scotia,Average weekly earnings including overtime for all employees,"Professional, scientific and technical services","$1,360.05",  6.0%, -0.4%,128.8
May 2021,Nova Scotia,Average weekly earnings including overtime for all employees,"Professional, scientific and technical services","$1,352.39", -0.6%, -3.3%,128.0
Jun 2021,Nova Scotia,Average weekly earnings including overtime for all employees,"Professional, scientific and technical services","$1,334.61", -1.3%, -0.2%,126.4
Jul 2021,Nova Scotia,Average weekly earnings including overtime for all employees,"Professional, scientific and technical services","$1,375.24",  3.0%, -2.6%,130.2
Aug 2021,Nova Scotia,Average weekly earnings including overtime for all employees,"Professional, scientific and technical services","$1,371.63", -0.3%,  1.5%,129.9
Sep 2021,Nova Scotia,Average weekly earnings including overtime for all employees,"Professional, scientific and technical services","$1,338.37", -2.4%, -0.9%,126.7
Oct 2021,Nova Scotia,Average weekly earnings including overtime for all employees,"Professional, scientific and technical services","$1,392.77",  4.1%,  1.3%,131.9
Nov 2021,Nova Scotia,Average weekly earnings including overtime for all employees,"Professional, scientific and technical services","$1,374.22", -1.3%, -0.7%,130.1
Dec 2021,Nova Scotia,Average weekly earnings including overtime for all employees,"Professional, scientific and technical services","$1,418.62",  3.2%,  3.1%,134.3
Jan 2022,Nova Scotia,Average weekly earnings including overtime for all employees,"Professional, scientific and technical services","$1,370.31", -3.4%,  1.9%,129.7
Feb 2022,Nova Scotia,Average weekly earnings including overtime for all employees,"Professional, scientific and technical services","$1,392.01",  1.6%,  7.1%,131.8
Mar 2022,Nova Scotia,Average weekly earnings including overtime for all employees,"Professional, scientific and technical services","$1,380.63", -0.8%,  7.6%,130.7
Apr 2022,Nova Scotia,Average weekly earnings including overtime for all employees,"Professional, scientific and technical services","$1,631.78", 18.2%, 20.0%,154.5
May 2022,Nova Scotia,Average weekly earnings including overtime for all employees,"Professional, scientific and technical services","$1,425.48",-12.6%,  5.4%,135.0
Jun 2022,Nova Scotia,Average weekly earnings including overtime for all employees,"Professional, scientific and technical services","$1,656.35", 16.2%, 24.1%,156.8
Jul 2022,Nova Scotia,Average weekly earnings including overtime for all employees,"Professional, scientific and technical services","$1,454.25",-12.2%,  5.7%,137.7
Aug 2022,Nova Scotia,Average weekly earnings including overtime for all employees,"Professional, scientific and technical services","$1,451.99", -0.2%,  5.9%,137.5
Sep 2022,Nova Scotia,Average weekly earnings including overtime for all employees,"Professional, scientific and technical services","$1,504.63",  3.6%, 12.4%,142.4
Oct 2022,Nova Scotia,Average weekly earnings including overtime for all employees,"Professional, scientific and technical services","$1,503.01", -0.1%,  7.9%,142.3
Nov 2022,Nova Scotia,Average weekly earnings including overtime for all employees,"Professional, scientific and technical services","$1,448.93", -3.6%,  5.4%,137.2
Dec 2022,Nova Scotia,Average weekly earnings including overtime for all employees,"Professional, scientific and technical services","$1,452.84",  0.3%,  2.4%,137.5
Jan 2023,Nova Scotia,Average weekly earnings including overtime for all employees,"Professional, scientific and technical services","$1,521.35",  4.7%, 11.0%,144.0
Feb 2023,Nova Scotia,Average weekly earnings including overtime for all employees,"Professional, scientific and technical services","$1,529.82",  0.6%,  9.9%,144.8
Mar 2023,Nova Scotia,Average weekly earnings including overtime for all employees,"Professional, scientific and technical services","$1,559.21",  1.9%, 12.9%,147.6
Apr 2023,Nova Scotia,Average weekly earnings including overtime for all employees,"Professional, scientific and technical services","$1,562.50",  0.2%, -4.2%,147.9
May 2023,Nova Scotia,Average weekly earnings including overtime for all employees,"Professional, scientific and technical services","$1,576.47",  0.9%, 10.6%,149.2
Jun 2023,Nova Scotia,Average weekly earnings including overtime for all employees,"Professional, scientific and technical services","$1,654.39",  4.9%, -0.1%,156.6
Jul 2023,Nova Scotia,Average weekly earnings including overtime for all employees,"Professional, scientific and technical services","$1,562.51", -5.6%,  7.4%,147.9
Aug 2023,Nova Scotia,Average weekly earnings including overtime for all employees,"Professional, scientific and technical services","$1,561.40", -0.1%,  7.5%,147.8
Sep 2023,Nova Scotia,Average weekly earnings including overtime for all employees,"Professional, scientific and technical services","$1,573.01",  0.7%,  4.5%,148.9
Oct 2023,Nova Scotia,Average weekly earnings including overtime for all employees,"Professional, scientific and technical services","$1,613.89",  2.6%,  7.4%,152.8
Nov 2023,Nova Scotia,Average weekly earnings including overtime for all employees,"Professional, scientific and technical services","$1,631.35",  1.1%, 12.6%,154.4
Dec 2023,Nova Scotia,Average weekly earnings including overtime for all employees,"Professional, scientific and technical services","$1,614.55", -1.0%, 11.1%,152.9
Jan 2024,Nova Scotia,Average weekly earnings including overtime for all employees,"Professional, scientific and technical services","$1,612.05", -0.2%,  6.0%,152.6
Feb 2024,Nova Scotia,Average weekly earnings including overtime for all employees,"Professional, scientific and technical services","$1,657.45",  2.8%,  8.3%,156.9
Mar 2024,Nova Scotia,Average weekly earnings including overtime for all employees,"Professional, scientific and technical services","$1,641.71", -0.9%,  5.3%,155.4
Apr 2024,Nova Scotia,Average weekly earnings including overtime for all employees,"Professional, scientific and technical services","$1,657.55",  1.0%,  6.1%,156.9
May 2024,Nova Scotia,Average weekly earnings including overtime for all employees,"Professional, scientific and technical services","$1,717.63",  3.6%,  9.0%,162.6
Jun 2024,Nova Scotia,Average weekly earnings including overtime for all employees,"Professional, scientific and technical services","$1,647.17", -4.1%, -0.4%,155.9
Jul 2024,Nova Scotia,Average weekly earnings including overtime for all employees,"Professional, scientific and technical services","$1,630.68", -1.0%,  4.4%,154.4
Aug 2024,Nova Scotia,Average weekly earnings including overtime for all employees,"Professional, scientific and technical services","$1,646.26",  1.0%,  5.4%,155.9
Sep 2024,Nova Scotia,Average weekly earnings including overtime for all employees,"Professional, scientific and technical services","$1,642.14", -0.3%,  4.4%,155.5
Oct 2024,Nova Scotia,Average weekly earnings including overtime for all employees,"Professional, scientific and technical services","$1,662.12",  1.2%,  3.0%,157.4
Jan 2011,Nova Scotia,Average weekly earnings including overtime for all employees,Management of companies and enterprises,$  990.17,  3.7%, -1.8%,100.0
Feb 2011,Nova Scotia,Average weekly earnings including overtime for all employees,Management of companies and enterprises,$  969.12, -2.1%, -2.0%, 97.9
Mar 2011,Nova Scotia,Average weekly earnings including overtime for all employees,Management of companies and enterprises,$  893.14, -7.8%, -9.8%, 90.2
Apr 2011,Nova Scotia,Average weekly earnings including overtime for all employees,Management of companies and enterprises,$  880.70, -1.4%,-15.0%, 88.9
May 2011,Nova Scotia,Average weekly earnings including overtime for all employees,Management of companies and enterprises,$  893.95,  1.5%,-13.8%, 90.3
Jun 2011,Nova Scotia,Average weekly earnings including overtime for all employees,Management of companies and enterprises,"$1,029.54", 15.2%,-17.7%,104.0
Jul 2011,Nova Scotia,Average weekly earnings including overtime for all employees,Management of companies and enterprises,$  957.15, -7.0%, -4.2%, 96.7
Aug 2011,Nova Scotia,Average weekly earnings including overtime for all employees,Management of companies and enterprises,$  994.02,  3.9%, -6.8%,100.4
Sep 2011,Nova Scotia,Average weekly earnings including overtime for all employees,Management of companies and enterprises,$  917.94, -7.7%,-16.8%, 92.7
Oct 2011,Nova Scotia,Average weekly earnings including overtime for all employees,Management of companies and enterprises,$  877.28, -4.4%,-13.3%, 88.6
Nov 2011,Nova Scotia,Average weekly earnings including overtime for all employees,Management of companies and enterprises,$  947.44,  8.0%, -0.4%, 95.7
Dec 2011,Nova Scotia,Average weekly earnings including overtime for all employees,Management of companies and enterprises,"$1,014.05",  7.0%,  6.2%,102.4
Jan 2012,Nova Scotia,Average weekly earnings including overtime for all employees,Management of companies and enterprises,$  985.61, -2.8%, -0.5%, 99.5
Feb 2012,Nova Scotia,Average weekly earnings including overtime for all employees,Management of companies and enterprises,"$1,025.57",  4.1%,  5.8%,103.6
Mar 2012,Nova Scotia,Average weekly earnings including overtime for all employees,Management of companies and enterprises,"$1,070.90",  4.4%, 19.9%,108.2
Apr 2012,Nova Scotia,Average weekly earnings including overtime for all employees,Management of companies and enterprises,"$1,069.98", -0.1%, 21.5%,108.1
May 2012,Nova Scotia,Average weekly earnings including overtime for all employees,Management of companies and enterprises,"$1,024.43", -4.3%, 14.6%,103.5
Jun 2012,Nova Scotia,Average weekly earnings including overtime for all employees,Management of companies and enterprises,"$1,158.10", 13.0%, 12.5%,117.0
Jul 2012,Nova Scotia,Average weekly earnings including overtime for all employees,Management of companies and enterprises,"$1,137.21", -1.8%, 18.8%,114.8
Aug 2012,Nova Scotia,Average weekly earnings including overtime for all employees,Management of companies and enterprises,"$1,051.89", -7.5%,  5.8%,106.2
Sep 2012,Nova Scotia,Average weekly earnings including overtime for all employees,Management of companies and enterprises,"$1,106.00",  5.1%, 20.5%,111.7
Oct 2012,Nova Scotia,Average weekly earnings including overtime for all employees,Management of companies and enterprises,"$1,112.07",  0.5%, 26.8%,112.3
Nov 2012,Nova Scotia,Average weekly earnings including overtime for all employees,Management of companies and enterprises,"$1,135.53",  2.1%, 19.9%,114.7
Dec 2012,Nova Scotia,Average weekly earnings including overtime for all employees,Management of companies and enterprises,"$1,091.39", -3.9%,  7.6%,110.2
Jan 2013,Nova Scotia,Average weekly earnings including overtime for all employees,Management of companies and enterprises,"$1,384.23", 26.8%, 40.4%,139.8
Feb 2013,Nova Scotia,Average weekly earnings including overtime for all employees,Management of companies and enterprises,..,..,..,..
Mar 2013,Nova Scotia,Average weekly earnings including overtime for all employees,Management of companies and enterprises,..,..,..,..
Apr 2013,Nova Scotia,Average weekly earnings including overtime for all employees,Management of companies and enterprises,"$1,376.17",.., 28.6%,139.0
May 2013,Nova Scotia,Average weekly earnings including overtime for all employees,Management of companies and enterprises,"$1,236.58",-10.1%, 20.7%,124.9
Jun 2013,Nova Scotia,Average weekly earnings including overtime for all employees,Management of companies and enterprises,..,..,..,..
Jul 2013,Nova Scotia,Average weekly earnings including overtime for all employees,Management of companies and enterprises,"$1,171.22",..,  3.0%,118.3
Aug 2013,Nova Scotia,Average weekly earnings including overtime for all employees,Management of companies and enterprises,..,..,..,..
Sep 2013,Nova Scotia,Average weekly earnings including overtime for all employees,Management of companies and enterprises,"$1,265.97",.., 14.5%,127.9
Oct 2013,Nova Scotia,Average weekly earnings including overtime for all employees,Management of companies and enterprises,"$1,062.32",-16.1%, -4.5%,107.3
Nov 2013,Nova Scotia,Average weekly earnings including overtime for all employees,Management of companies and enterprises,"$1,254.58", 18.1%, 10.5%,126.7
Dec 2013,Nova Scotia,Average weekly earnings including overtime for all employees,Management of companies and enterprises,"$1,240.60", -1.1%, 13.7%,125.3
Jan 2014,Nova Scotia,Average weekly earnings including overtime for all employees,Management of companies and enterprises,"$1,393.26", 12.3%,  0.7%,140.7
Feb 2014,Nova Scotia,Average weekly earnings including overtime for all employees,Management of companies and enterprises,"$1,489.81",  6.9%,..,150.5
Mar 2014,Nova Scotia,Average weekly earnings including overtime for all employees,Management of companies and enterprises,"$1,333.27",-10.5%,..,134.7
Apr 2014,Nova Scotia,Average weekly earnings including overtime for all employees,Management of companies and enterprises,"$1,274.21", -4.4%, -7.4%,128.7
May 2014,Nova Scotia,Average weekly earnings including overtime for all employees,Management of companies and enterprises,"$1,154.19", -9.4%, -6.7%,116.6
Jun 2014,Nova Scotia,Average weekly earnings including overtime for all employees,Management of companies and enterprises,"$1,113.10", -3.6%,..,112.4
Jul 2014,Nova Scotia,Average weekly earnings including overtime for all employees,Management of companies and enterprises,"$1,010.48", -9.2%,-13.7%,102.1
Aug 2014,Nova Scotia,Average weekly earnings including overtime for all employees,Management of companies and enterprises,"$1,193.88", 18.1%,..,120.6
Sep 2014,Nova Scotia,Average weekly earnings including overtime for all employees,Management of companies and enterprises,"$1,312.86", 10.0%,  3.7%,132.6
Oct 2014,Nova Scotia,Average weekly earnings including overtime for all employees,Management of companies and enterprises,"$1,150.95",-12.3%,  8.3%,116.2
Nov 2014,Nova Scotia,Average weekly earnings including overtime for all employees,Management of companies and enterprises,"$1,102.48", -4.2%,-12.1%,111.3
Dec 2014,Nova Scotia,Average weekly earnings including overtime for all employees,Management of companies and enterprises,"$1,147.26",  4.1%, -7.5%,115.9
Jan 2015,Nova Scotia,Average weekly earnings including overtime for all employees,Management of companies and enterprises,"$1,347.91", 17.5%, -3.3%,136.1
Feb 2015,Nova Scotia,Average weekly earnings including overtime for all employees,Management of companies and enterprises,"$1,229.32", -8.8%,-17.5%,124.2
Mar 2015,Nova Scotia,Average weekly earnings including overtime for all employees,Management of companies and enterprises,"$1,428.14", 16.2%,  7.1%,144.2
Apr 2015,Nova Scotia,Average weekly earnings including overtime for all employees,Management of companies and enterprises,"$1,273.33",-10.8%, -0.1%,128.6
May 2015,Nova Scotia,Average weekly earnings including overtime for all employees,Management of companies and enterprises,"$1,289.99",  1.3%, 11.8%,130.3
Jun 2015,Nova Scotia,Average weekly earnings including overtime for all employees,Management of companies and enterprises,"$1,169.03", -9.4%,  5.0%,118.1
Jul 2015,Nova Scotia,Average weekly earnings including overtime for all employees,Management of companies and enterprises,"$1,186.11",  1.5%, 17.4%,119.8
Aug 2015,Nova Scotia,Average weekly earnings including overtime for all employees,Management of companies and enterprises,"$1,321.86", 11.4%, 10.7%,133.5
Sep 2015,Nova Scotia,Average weekly earnings including overtime for all employees,Management of companies and enterprises,$  991.42,-25.0%,-24.5%,100.1
Oct 2015,Nova Scotia,Average weekly earnings including overtime for all employees,Management of companies and enterprises,"$1,073.51",  8.3%, -6.7%,108.4
Nov 2015,Nova Scotia,Average weekly earnings including overtime for all employees,Management of companies and enterprises,"$1,304.96", 21.6%, 18.4%,131.8
Dec 2015,Nova Scotia,Average weekly earnings including overtime for all employees,Management of companies and enterprises,"$1,484.84", 13.8%, 29.4%,150.0
Jan 2016,Nova Scotia,Average weekly earnings including overtime for all employees,Management of companies and enterprises,"$1,389.99", -6.4%,  3.1%,140.4
Feb 2016,Nova Scotia,Average weekly earnings including overtime for all employees,Management of companies and enterprises,"$1,602.77", 15.3%, 30.4%,161.9
Mar 2016,Nova Scotia,Average weekly earnings including overtime for all employees,Management of companies and enterprises,"$1,360.24",-15.1%, -4.8%,137.4
Apr 2016,Nova Scotia,Average weekly earnings including overtime for all employees,Management of companies and enterprises,"$1,400.22",  2.9%, 10.0%,141.4
May 2016,Nova Scotia,Average weekly earnings including overtime for all employees,Management of companies and enterprises,"$1,345.54", -3.9%,  4.3%,135.9
Jun 2016,Nova Scotia,Average weekly earnings including overtime for all employees,Management of companies and enterprises,"$1,519.74", 12.9%, 30.0%,153.5
Jul 2016,Nova Scotia,Average weekly earnings including overtime for all employees,Management of companies and enterprises,"$1,192.97",-21.5%,  0.6%,120.5
Aug 2016,Nova Scotia,Average weekly earnings including overtime for all employees,Management of companies and enterprises,"$1,290.66",  8.2%, -2.4%,130.3
Sep 2016,Nova Scotia,Average weekly earnings including overtime for all employees,Management of companies and enterprises,"$1,121.53",-13.1%, 13.1%,113.3
Oct 2016,Nova Scotia,Average weekly earnings including overtime for all employees,Management of companies and enterprises,"$1,198.05",  6.8%, 11.6%,121.0
Nov 2016,Nova Scotia,Average weekly earnings including overtime for all employees,Management of companies and enterprises,"$1,203.44",  0.4%, -7.8%,121.5
Dec 2016,Nova Scotia,Average weekly earnings including overtime for all employees,Management of companies and enterprises,"$1,479.33", 22.9%, -0.4%,149.4
Jan 2017,Nova Scotia,Average weekly earnings including overtime for all employees,Management of companies and enterprises,"$1,392.25", -5.9%,  0.2%,140.6
Feb 2017,Nova Scotia,Average weekly earnings including overtime for all employees,Management of companies and enterprises,"$1,554.64", 11.7%, -3.0%,157.0
Mar 2017,Nova Scotia,Average weekly earnings including overtime for all employees,Management of companies and enterprises,"$1,536.83", -1.1%, 13.0%,155.2
Apr 2017,Nova Scotia,Average weekly earnings including overtime for all employees,Management of companies and enterprises,"$1,350.83",-12.1%, -3.5%,136.4
May 2017,Nova Scotia,Average weekly earnings including overtime for all employees,Management of companies and enterprises,"$1,384.95",  2.5%,  2.9%,139.9
Jun 2017,Nova Scotia,Average weekly earnings including overtime for all employees,Management of companies and enterprises,"$1,566.01", 13.1%,  3.0%,158.2
Jul 2017,Nova Scotia,Average weekly earnings including overtime for all employees,Management of companies and enterprises,"$1,458.64", -6.9%, 22.3%,147.3
Aug 2017,Nova Scotia,Average weekly earnings including overtime for all employees,Management of companies and enterprises,"$1,532.21",  5.0%, 18.7%,154.7
Sep 2017,Nova Scotia,Average weekly earnings including overtime for all employees,Management of companies and enterprises,"$1,489.56", -2.8%, 32.8%,150.4
Oct 2017,Nova Scotia,Average weekly earnings including overtime for all employees,Management of companies and enterprises,"$1,489.12",  0.0%, 24.3%,150.4
Nov 2017,Nova Scotia,Average weekly earnings including overtime for all employees,Management of companies and enterprises,"$1,597.59",  7.3%, 32.8%,161.3
Dec 2017,Nova Scotia,Average weekly earnings including overtime for all employees,Management of companies and enterprises,"$1,571.94", -1.6%,  6.3%,158.8
Jan 2018,Nova Scotia,Average weekly earnings including overtime for all employees,Management of companies and enterprises,"$1,399.57",-11.0%,  0.5%,141.3
Feb 2018,Nova Scotia,Average weekly earnings including overtime for all employees,Management of companies and enterprises,"$1,633.52", 16.7%,  5.1%,165.0
Mar 2018,Nova Scotia,Average weekly earnings including overtime for all employees,Management of companies and enterprises,"$1,453.20",-11.0%, -5.4%,146.8
Apr 2018,Nova Scotia,Average weekly earnings including overtime for all employees,Management of companies and enterprises,"$1,509.63",  3.9%, 11.8%,152.5
May 2018,Nova Scotia,Average weekly earnings including overtime for all employees,Management of companies and enterprises,"$1,607.49",  6.5%, 16.1%,162.3
Jun 2018,Nova Scotia,Average weekly earnings including overtime for all employees,Management of companies and enterprises,"$1,747.11",  8.7%, 11.6%,176.4
Jul 2018,Nova Scotia,Average weekly earnings including overtime for all employees,Management of companies and enterprises,"$1,580.54", -9.5%,  8.4%,159.6
Aug 2018,Nova Scotia,Average weekly earnings including overtime for all employees,Management of companies and enterprises,"$1,451.56", -8.2%, -5.3%,146.6
Sep 2018,Nova Scotia,Average weekly earnings including overtime for all employees,Management of companies and enterprises,"$1,649.18", 13.6%, 10.7%,166.6
Oct 2018,Nova Scotia,Average weekly earnings including overtime for all employees,Management of companies and enterprises,..,..,..,..
Nov 2018,Nova Scotia,Average weekly earnings including overtime for all employees,Management of companies and enterprises,..,..,..,..
Dec 2018,Nova Scotia,Average weekly earnings including overtime for all employees,Management of companies and enterprises,..,..,..,..
Jan 2019,Nova Scotia,Average weekly earnings including overtime for all employees,Management of companies and enterprises,..,..,..,..
Feb 2019,Nova Scotia,Average weekly earnings including overtime for all employees,Management of companies and enterprises,"$1,569.70",.., -3.9%,158.5
Mar 2019,Nova Scotia,Average weekly earnings including overtime for all employees,Management of companies and enterprises,"$1,554.07", -1.0%,  6.9%,156.9
Apr 2019,Nova Scotia,Average weekly earnings including overtime for all employees,Management of companies and enterprises,..,..,..,..
May 2019,Nova Scotia,Average weekly earnings including overtime for all employees,Management of companies and enterprises,"$1,428.13",..,-11.2%,144.2
Jun 2019,Nova Scotia,Average weekly earnings including overtime for all employees,Management of companies and enterprises,"$1,222.84",-14.4%,-30.0%,123.5
Jul 2019,Nova Scotia,Average weekly earnings including overtime for all employees,Management of companies and enterprises,"$1,404.13", 14.8%,-11.2%,141.8
Aug 2019,Nova Scotia,Average weekly earnings including overtime for all employees,Management of companies and enterprises,"$1,371.54", -2.3%, -5.5%,138.5
Sep 2019,Nova Scotia,Average weekly earnings including overtime for all employees,Management of companies and enterprises,"$1,435.41",  4.7%,-13.0%,145.0
Oct 2019,Nova Scotia,Average weekly earnings including overtime for all employees,Management of companies and enterprises,"$1,531.26",  6.7%,..,154.6
Nov 2019,Nova Scotia,Average weekly earnings including overtime for all employees,Management of companies and enterprises,"$1,514.48", -1.1%,..,153.0
Dec 2019,Nova Scotia,Average weekly earnings including overtime for all employees,Management of companies and enterprises,"$1,575.05",  4.0%,..,159.1
Jan 2020,Nova Scotia,Average weekly earnings including overtime for all employees,Management of companies and enterprises,"$1,421.59", -9.7%,..,143.6
Feb 2020,Nova Scotia,Average weekly earnings including overtime for all employees,Management of companies and enterprises,"$1,557.11",  9.5%, -0.8%,157.3
Mar 2020,Nova Scotia,Average weekly earnings including overtime for all employees,Management of companies and enterprises,"$1,394.03",-10.5%,-10.3%,140.8
Apr 2020,Nova Scotia,Average weekly earnings including overtime for all employees,Management of companies and enterprises,"$1,630.65", 17.0%,..,164.7
May 2020,Nova Scotia,Average weekly earnings including overtime for all employees,Management of companies and enterprises,"$1,438.35",-11.8%,  0.7%,145.3
Jun 2020,Nova Scotia,Average weekly earnings including overtime for all employees,Management of companies and enterprises,"$1,464.41",  1.8%, 19.8%,147.9
Jul 2020,Nova Scotia,Average weekly earnings including overtime for all employees,Management of companies and enterprises,"$1,343.63", -8.2%, -4.3%,135.7
Aug 2020,Nova Scotia,Average weekly earnings including overtime for all employees,Management of companies and enterprises,"$1,385.66",  3.1%,  1.0%,139.9
Sep 2020,Nova Scotia,Average weekly earnings including overtime for all employees,Management of companies and enterprises,"$1,413.69",  2.0%, -1.5%,142.8
Oct 2020,Nova Scotia,Average weekly earnings including overtime for all employees,Management of companies and enterprises,"$1,312.61", -7.2%,-14.3%,132.6
Nov 2020,Nova Scotia,Average weekly earnings including overtime for all employees,Management of companies and enterprises,"$1,333.80",  1.6%,-11.9%,134.7
Dec 2020,Nova Scotia,Average weekly earnings including overtime for all employees,Management of companies and enterprises,"$1,451.90",  8.9%, -7.8%,146.6
Jan 2021,Nova Scotia,Average weekly earnings including overtime for all employees,Management of companies and enterprises,..,..,..,..
Feb 2021,Nova Scotia,Average weekly earnings including overtime for all employees,Management of companies and enterprises,"$1,273.35",..,-18.2%,128.6
Mar 2021,Nova Scotia,Average weekly earnings including overtime for all employees,Management of companies and enterprises,..,..,..,..
Apr 2021,Nova Scotia,Average weekly earnings including overtime for all employees,Management of companies and enterprises,"$1,174.17",..,-28.0%,118.6
May 2021,Nova Scotia,Average weekly earnings including overtime for all employees,Management of companies and enterprises,"$1,255.83",  7.0%,-12.7%,126.8
Jun 2021,Nova Scotia,Average weekly earnings including overtime for all employees,Management of companies and enterprises,"$1,277.91",  1.8%,-12.7%,129.1
Jul 2021,Nova Scotia,Average weekly earnings including overtime for all employees,Management of companies and enterprises,"$1,235.88", -3.3%, -8.0%,124.8
Aug 2021,Nova Scotia,Average weekly earnings including overtime for all employees,Management of companies and enterprises,"$1,369.91", 10.8%, -1.1%,138.4
Sep 2021,Nova Scotia,Average weekly earnings including overtime for all employees,Management of companies and enterprises,"$1,380.40",  0.8%, -2.4%,139.4
Oct 2021,Nova Scotia,Average weekly earnings including overtime for all employees,Management of companies and enterprises,"$1,445.26",  4.7%, 10.1%,146.0
Nov 2021,Nova Scotia,Average weekly earnings including overtime for all employees,Management of companies and enterprises,"$1,411.84", -2.3%,  5.9%,142.6
Dec 2021,Nova Scotia,Average weekly earnings including overtime for all employees,Management of companies and enterprises,"$1,399.01", -0.9%, -3.6%,141.3
Jan 2022,Nova Scotia,Average weekly earnings including overtime for all employees,Management of companies and enterprises,"$1,422.68",  1.7%,..,143.7
Feb 2022,Nova Scotia,Average weekly earnings including overtime for all employees,Management of companies and enterprises,"$1,436.05",  0.9%, 12.8%,145.0
Mar 2022,Nova Scotia,Average weekly earnings including overtime for all employees,Management of companies and enterprises,"$1,436.36",  0.0%,..,145.1
Apr 2022,Nova Scotia,Average weekly earnings including overtime for all employees,Management of companies and enterprises,"$1,414.34", -1.5%, 20.5%,142.8
May 2022,Nova Scotia,Average weekly earnings including overtime for all employees,Management of companies and enterprises,"$1,513.01",  7.0%, 20.5%,152.8
Jun 2022,Nova Scotia,Average weekly earnings including overtime for all employees,Management of companies and enterprises,"$1,443.98", -4.6%, 13.0%,145.8
Jul 2022,Nova Scotia,Average weekly earnings including overtime for all employees,Management of companies and enterprises,"$1,485.67",  2.9%, 20.2%,150.0
Aug 2022,Nova Scotia,Average weekly earnings including overtime for all employees,Management of companies and enterprises,"$1,443.94", -2.8%,  5.4%,145.8
Sep 2022,Nova Scotia,Average weekly earnings including overtime for all employees,Management of companies and enterprises,"$1,426.18", -1.2%,  3.3%,144.0
Oct 2022,Nova Scotia,Average weekly earnings including overtime for all employees,Management of companies and enterprises,"$1,477.91",  3.6%,  2.3%,149.3
Nov 2022,Nova Scotia,Average weekly earnings including overtime for all employees,Management of companies and enterprises,"$1,516.48",  2.6%,  7.4%,153.2
Dec 2022,Nova Scotia,Average weekly earnings including overtime for all employees,Management of companies and enterprises,"$1,495.74", -1.4%,  6.9%,151.1
Jan 2023,Nova Scotia,Average weekly earnings including overtime for all employees,Management of companies and enterprises,"$1,518.19",  1.5%,  6.7%,153.3
Feb 2023,Nova Scotia,Average weekly earnings including overtime for all employees,Management of companies and enterprises,"$1,506.73", -0.8%,  4.9%,152.2
Mar 2023,Nova Scotia,Average weekly earnings including overtime for all employees,Management of companies and enterprises,..,..,..,..
Apr 2023,Nova Scotia,Average weekly earnings including overtime for all employees,Management of companies and enterprises,"$1,615.53",.., 14.2%,163.2
May 2023,Nova Scotia,Average weekly earnings including overtime for all employees,Management of companies and enterprises,"$1,649.35",  2.1%,  9.0%,166.6
Jun 2023,Nova Scotia,Average weekly earnings including overtime for all employees,Management of companies and enterprises,"$1,631.61", -1.1%, 13.0%,164.8
Jul 2023,Nova Scotia,Average weekly earnings including overtime for all employees,Management of companies and enterprises,"$1,642.41",  0.7%, 10.6%,165.9
Aug 2023,Nova Scotia,Average weekly earnings including overtime for all employees,Management of companies and enterprises,"$1,582.07", -3.7%,  9.6%,159.8
Sep 2023,Nova Scotia,Average weekly earnings including overtime for all employees,Management of companies and enterprises,"$1,599.50",  1.1%, 12.2%,161.5
Oct 2023,Nova Scotia,Average weekly earnings including overtime for all employees,Management of companies and enterprises,"$1,581.81", -1.1%,  7.0%,159.8
Nov 2023,Nova Scotia,Average weekly earnings including overtime for all employees,Management of companies and enterprises,"$1,593.43",  0.7%,  5.1%,160.9
Dec 2023,Nova Scotia,Average weekly earnings including overtime for all employees,Management of companies and enterprises,"$1,464.85", -8.1%, -2.1%,147.9
Jan 2024,Nova Scotia,Average weekly earnings including overtime for all employees,Management of companies and enterprises,"$1,588.63",  8.5%,  4.6%,160.4
Feb 2024,Nova Scotia,Average weekly earnings including overtime for all employees,Management of companies and enterprises,"$1,637.21",  3.1%,  8.7%,165.3
Mar 2024,Nova Scotia,Average weekly earnings including overtime for all employees,Management of companies and enterprises,"$1,505.43", -8.0%,..,152.0
Apr 2024,Nova Scotia,Average weekly earnings including overtime for all employees,Management of companies and enterprises,"$1,589.41",  5.6%, -1.6%,160.5
May 2024,Nova Scotia,Average weekly earnings including overtime for all employees,Management of companies and enterprises,"$1,481.16", -6.8%,-10.2%,149.6
Jun 2024,Nova Scotia,Average weekly earnings including overtime for all employees,Management of companies and enterprises,"$1,441.45", -2.7%,-11.7%,145.6
Jul 2024,Nova Scotia,Average weekly earnings including overtime for all employees,Management of companies and enterprises,"$1,488.81",  3.3%, -9.4%,150.4
Aug 2024,Nova Scotia,Average weekly earnings including overtime for all employees,Management of companies and enterprises,"$1,572.63",  5.6%, -0.6%,158.8
Sep 2024,Nova Scotia,Average weekly earnings including overtime for all employees,Management of companies and enterprises,"$1,578.61",  0.4%, -1.3%,159.4
Oct 2024,Nova Scotia,Average weekly earnings including overtime for all employees,Management of companies and enterprises,"$1,631.11",  3.3%,  3.1%,164.7
Jan 2011,Nova Scotia,Average weekly earnings including overtime for all employees,"Administrative and support, waste management and remediation services",$  539.81, -4.3%, -1.0%,100.0
Feb 2011,Nova Scotia,Average weekly earnings including overtime for all employees,"Administrative and support, waste management and remediation services",$  566.88,  5.0%,  0.3%,105.0
Mar 2011,Nova Scotia,Average weekly earnings including overtime for all employees,"Administrative and support, waste management and remediation services",$  565.16, -0.3%, -0.6%,104.7
Apr 2011,Nova Scotia,Average weekly earnings including overtime for all employees,"Administrative and support, waste management and remediation services",$  590.61,  4.5%, -0.1%,109.4
May 2011,Nova Scotia,Average weekly earnings including overtime for all employees,"Administrative and support, waste management and remediation services",$  557.77, -5.6%,  3.1%,103.3
Jun 2011,Nova Scotia,Average weekly earnings including overtime for all employees,"Administrative and support, waste management and remediation services",$  563.86,  1.1%, -0.3%,104.5
Jul 2011,Nova Scotia,Average weekly earnings including overtime for all employees,"Administrative and support, waste management and remediation services",$  549.00, -2.6%, -6.7%,101.7
Aug 2011,Nova Scotia,Average weekly earnings including overtime for all employees,"Administrative and support, waste management and remediation services",$  575.05,  4.7%,  1.3%,106.5
Sep 2011,Nova Scotia,Average weekly earnings including overtime for all employees,"Administrative and support, waste management and remediation services",$  611.47,  6.3%,  1.8%,113.3
Oct 2011,Nova Scotia,Average weekly earnings including overtime for all employees,"Administrative and support, waste management and remediation services",$  620.10,  1.4%,  7.3%,114.9
Nov 2011,Nova Scotia,Average weekly earnings including overtime for all employees,"Administrative and support, waste management and remediation services",$  612.68, -1.2%, 11.8%,113.5
Dec 2011,Nova Scotia,Average weekly earnings including overtime for all employees,"Administrative and support, waste management and remediation services",$  592.65, -3.3%,  5.1%,109.8
Jan 2012,Nova Scotia,Average weekly earnings including overtime for all employees,"Administrative and support, waste management and remediation services",$  598.97,  1.1%, 11.0%,111.0
Feb 2012,Nova Scotia,Average weekly earnings including overtime for all employees,"Administrative and support, waste management and remediation services",$  562.89, -6.0%, -0.7%,104.3
Mar 2012,Nova Scotia,Average weekly earnings including overtime for all employees,"Administrative and support, waste management and remediation services",$  615.72,  9.4%,  8.9%,114.1
Apr 2012,Nova Scotia,Average weekly earnings including overtime for all employees,"Administrative and support, waste management and remediation services",$  598.01, -2.9%,  1.3%,110.8
May 2012,Nova Scotia,Average weekly earnings including overtime for all employees,"Administrative and support, waste management and remediation services",$  590.16, -1.3%,  5.8%,109.3
Jun 2012,Nova Scotia,Average weekly earnings including overtime for all employees,"Administrative and support, waste management and remediation services",$  582.12, -1.4%,  3.2%,107.8
Jul 2012,Nova Scotia,Average weekly earnings including overtime for all employees,"Administrative and support, waste management and remediation services",$  613.82,  5.4%, 11.8%,113.7
Aug 2012,Nova Scotia,Average weekly earnings including overtime for all employees,"Administrative and support, waste management and remediation services",$  607.46, -1.0%,  5.6%,112.5
Sep 2012,Nova Scotia,Average weekly earnings including overtime for all employees,"Administrative and support, waste management and remediation services",$  615.89,  1.4%,  0.7%,114.1
Oct 2012,Nova Scotia,Average weekly earnings including overtime for all employees,"Administrative and support, waste management and remediation services",$  606.61, -1.5%, -2.2%,112.4
Nov 2012,Nova Scotia,Average weekly earnings including overtime for all employees,"Administrative and support, waste management and remediation services",$  628.54,  3.6%,  2.6%,116.4
Dec 2012,Nova Scotia,Average weekly earnings including overtime for all employees,"Administrative and support, waste management and remediation services",$  585.74, -6.8%, -1.2%,108.5
Jan 2013,Nova Scotia,Average weekly earnings including overtime for all employees,"Administrative and support, waste management and remediation services",$  592.38,  1.1%, -1.1%,109.7
Feb 2013,Nova Scotia,Average weekly earnings including overtime for all employees,"Administrative and support, waste management and remediation services",$  572.05, -3.4%,  1.6%,106.0
Mar 2013,Nova Scotia,Average weekly earnings including overtime for all employees,"Administrative and support, waste management and remediation services",$  609.89,  6.6%, -0.9%,113.0
Apr 2013,Nova Scotia,Average weekly earnings including overtime for all employees,"Administrative and support, waste management and remediation services",$  552.27, -9.4%, -7.6%,102.3
May 2013,Nova Scotia,Average weekly earnings including overtime for all employees,"Administrative and support, waste management and remediation services",$  597.69,  8.2%,  1.3%,110.7
Jun 2013,Nova Scotia,Average weekly earnings including overtime for all employees,"Administrative and support, waste management and remediation services",$  613.57,  2.7%,  5.4%,113.7
Jul 2013,Nova Scotia,Average weekly earnings including overtime for all employees,"Administrative and support, waste management and remediation services",$  633.31,  3.2%,  3.2%,117.3
Aug 2013,Nova Scotia,Average weekly earnings including overtime for all employees,"Administrative and support, waste management and remediation services",$  625.00, -1.3%,  2.9%,115.8
Sep 2013,Nova Scotia,Average weekly earnings including overtime for all employees,"Administrative and support, waste management and remediation services",$  635.58,  1.7%,  3.2%,117.7
Oct 2013,Nova Scotia,Average weekly earnings including overtime for all employees,"Administrative and support, waste management and remediation services",$  606.10, -4.6%, -0.1%,112.3
Nov 2013,Nova Scotia,Average weekly earnings including overtime for all employees,"Administrative and support, waste management and remediation services",$  613.62,  1.2%, -2.4%,113.7
Dec 2013,Nova Scotia,Average weekly earnings including overtime for all employees,"Administrative and support, waste management and remediation services",$  657.94,  7.2%, 12.3%,121.9
Jan 2014,Nova Scotia,Average weekly earnings including overtime for all employees,"Administrative and support, waste management and remediation services",$  640.58, -2.6%,  8.1%,118.7
Feb 2014,Nova Scotia,Average weekly earnings including overtime for all employees,"Administrative and support, waste management and remediation services",$  620.22, -3.2%,  8.4%,114.9
Mar 2014,Nova Scotia,Average weekly earnings including overtime for all employees,"Administrative and support, waste management and remediation services",$  672.28,  8.4%, 10.2%,124.5
Apr 2014,Nova Scotia,Average weekly earnings including overtime for all employees,"Administrative and support, waste management and remediation services",$  674.43,  0.3%, 22.1%,124.9
May 2014,Nova Scotia,Average weekly earnings including overtime for all employees,"Administrative and support, waste management and remediation services",$  626.70, -7.1%,  4.9%,116.1
Jun 2014,Nova Scotia,Average weekly earnings including overtime for all employees,"Administrative and support, waste management and remediation services",$  602.07, -3.9%, -1.9%,111.5
Jul 2014,Nova Scotia,Average weekly earnings including overtime for all employees,"Administrative and support, waste management and remediation services",$  573.67, -4.7%, -9.4%,106.3
Aug 2014,Nova Scotia,Average weekly earnings including overtime for all employees,"Administrative and support, waste management and remediation services",$  537.84, -6.2%,-13.9%, 99.6
Sep 2014,Nova Scotia,Average weekly earnings including overtime for all employees,"Administrative and support, waste management and remediation services",$  604.98, 12.5%, -4.8%,112.1
Oct 2014,Nova Scotia,Average weekly earnings including overtime for all employees,"Administrative and support, waste management and remediation services",$  631.54,  4.4%,  4.2%,117.0
Nov 2014,Nova Scotia,Average weekly earnings including overtime for all employees,"Administrative and support, waste management and remediation services",$  639.88,  1.3%,  4.3%,118.5
Dec 2014,Nova Scotia,Average weekly earnings including overtime for all employees,"Administrative and support, waste management and remediation services",$  664.44,  3.8%,  1.0%,123.1
Jan 2015,Nova Scotia,Average weekly earnings including overtime for all employees,"Administrative and support, waste management and remediation services",$  647.18, -2.6%,  1.0%,119.9
Feb 2015,Nova Scotia,Average weekly earnings including overtime for all employees,"Administrative and support, waste management and remediation services",$  613.66, -5.2%, -1.1%,113.7
Mar 2015,Nova Scotia,Average weekly earnings including overtime for all employees,"Administrative and support, waste management and remediation services",$  561.70, -8.5%,-16.4%,104.1
Apr 2015,Nova Scotia,Average weekly earnings including overtime for all employees,"Administrative and support, waste management and remediation services",$  637.90, 13.6%, -5.4%,118.2
May 2015,Nova Scotia,Average weekly earnings including overtime for all employees,"Administrative and support, waste management and remediation services",$  589.40, -7.6%, -6.0%,109.2
Jun 2015,Nova Scotia,Average weekly earnings including overtime for all employees,"Administrative and support, waste management and remediation services",$  666.84, 13.1%, 10.8%,123.5
Jul 2015,Nova Scotia,Average weekly earnings including overtime for all employees,"Administrative and support, waste management and remediation services",$  686.35,  2.9%, 19.6%,127.1
Aug 2015,Nova Scotia,Average weekly earnings including overtime for all employees,"Administrative and support, waste management and remediation services",$  647.70, -5.6%, 20.4%,120.0
Sep 2015,Nova Scotia,Average weekly earnings including overtime for all employees,"Administrative and support, waste management and remediation services",$  681.17,  5.2%, 12.6%,126.2
Oct 2015,Nova Scotia,Average weekly earnings including overtime for all employees,"Administrative and support, waste management and remediation services",$  640.00, -6.0%,  1.3%,118.6
Nov 2015,Nova Scotia,Average weekly earnings including overtime for all employees,"Administrative and support, waste management and remediation services",$  663.60,  3.7%,  3.7%,122.9
Dec 2015,Nova Scotia,Average weekly earnings including overtime for all employees,"Administrative and support, waste management and remediation services",$  694.51,  4.7%,  4.5%,128.7
Jan 2016,Nova Scotia,Average weekly earnings including overtime for all employees,"Administrative and support, waste management and remediation services",$  617.64,-11.1%, -4.6%,114.4
Feb 2016,Nova Scotia,Average weekly earnings including overtime for all employees,"Administrative and support, waste management and remediation services",$  669.57,  8.4%,  9.1%,124.0
Mar 2016,Nova Scotia,Average weekly earnings including overtime for all employees,"Administrative and support, waste management and remediation services",$  723.07,  8.0%, 28.7%,133.9
Apr 2016,Nova Scotia,Average weekly earnings including overtime for all employees,"Administrative and support, waste management and remediation services",$  650.02,-10.1%,  1.9%,120.4
May 2016,Nova Scotia,Average weekly earnings including overtime for all employees,"Administrative and support, waste management and remediation services",$  660.58,  1.6%, 12.1%,122.4
Jun 2016,Nova Scotia,Average weekly earnings including overtime for all employees,"Administrative and support, waste management and remediation services",$  665.19,  0.7%, -0.2%,123.2
Jul 2016,Nova Scotia,Average weekly earnings including overtime for all employees,"Administrative and support, waste management and remediation services",$  669.71,  0.7%, -2.4%,124.1
Aug 2016,Nova Scotia,Average weekly earnings including overtime for all employees,"Administrative and support, waste management and remediation services",$  652.22, -2.6%,  0.7%,120.8
Sep 2016,Nova Scotia,Average weekly earnings including overtime for all employees,"Administrative and support, waste management and remediation services",$  644.49, -1.2%, -5.4%,119.4
Oct 2016,Nova Scotia,Average weekly earnings including overtime for all employees,"Administrative and support, waste management and remediation services",$  667.93,  3.6%,  4.4%,123.7
Nov 2016,Nova Scotia,Average weekly earnings including overtime for all employees,"Administrative and support, waste management and remediation services",$  669.09,  0.2%,  0.8%,123.9
Dec 2016,Nova Scotia,Average weekly earnings including overtime for all employees,"Administrative and support, waste management and remediation services",$  747.64, 11.7%,  7.6%,138.5
Jan 2017,Nova Scotia,Average weekly earnings including overtime for all employees,"Administrative and support, waste management and remediation services",$  698.58, -6.6%, 13.1%,129.4
Feb 2017,Nova Scotia,Average weekly earnings including overtime for all employees,"Administrative and support, waste management and remediation services",$  689.47, -1.3%,  3.0%,127.7
Mar 2017,Nova Scotia,Average weekly earnings including overtime for all employees,"Administrative and support, waste management and remediation services",$  671.25, -2.6%, -7.2%,124.3
Apr 2017,Nova Scotia,Average weekly earnings including overtime for all employees,"Administrative and support, waste management and remediation services",$  684.16,  1.9%,  5.3%,126.7
May 2017,Nova Scotia,Average weekly earnings including overtime for all employees,"Administrative and support, waste management and remediation services",$  645.12, -5.7%, -2.3%,119.5
Jun 2017,Nova Scotia,Average weekly earnings including overtime for all employees,"Administrative and support, waste management and remediation services",$  766.65, 18.8%, 15.3%,142.0
Jul 2017,Nova Scotia,Average weekly earnings including overtime for all employees,"Administrative and support, waste management and remediation services",$  739.39, -3.6%, 10.4%,137.0
Aug 2017,Nova Scotia,Average weekly earnings including overtime for all employees,"Administrative and support, waste management and remediation services",$  723.55, -2.1%, 10.9%,134.0
Sep 2017,Nova Scotia,Average weekly earnings including overtime for all employees,"Administrative and support, waste management and remediation services",$  728.83,  0.7%, 13.1%,135.0
Oct 2017,Nova Scotia,Average weekly earnings including overtime for all employees,"Administrative and support, waste management and remediation services",$  652.11,-10.5%, -2.4%,120.8
Nov 2017,Nova Scotia,Average weekly earnings including overtime for all employees,"Administrative and support, waste management and remediation services",$  644.81, -1.1%, -3.6%,119.5
Dec 2017,Nova Scotia,Average weekly earnings including overtime for all employees,"Administrative and support, waste management and remediation services",$  667.44,  3.5%,-10.7%,123.6
Jan 2018,Nova Scotia,Average weekly earnings including overtime for all employees,"Administrative and support, waste management and remediation services",$  622.26, -6.8%,-10.9%,115.3
Feb 2018,Nova Scotia,Average weekly earnings including overtime for all employees,"Administrative and support, waste management and remediation services",$  693.74, 11.5%,  0.6%,128.5
Mar 2018,Nova Scotia,Average weekly earnings including overtime for all employees,"Administrative and support, waste management and remediation services",$  714.94,  3.1%,  6.5%,132.4
Apr 2018,Nova Scotia,Average weekly earnings including overtime for all employees,"Administrative and support, waste management and remediation services",$  673.13, -5.8%, -1.6%,124.7
May 2018,Nova Scotia,Average weekly earnings including overtime for all employees,"Administrative and support, waste management and remediation services",$  749.49, 11.3%, 16.2%,138.8
Jun 2018,Nova Scotia,Average weekly earnings including overtime for all employees,"Administrative and support, waste management and remediation services",$  678.81, -9.4%,-11.5%,125.7
Jul 2018,Nova Scotia,Average weekly earnings including overtime for all employees,"Administrative and support, waste management and remediation services",$  647.96, -4.5%,-12.4%,120.0
Aug 2018,Nova Scotia,Average weekly earnings including overtime for all employees,"Administrative and support, waste management and remediation services",$  684.56,  5.6%, -5.4%,126.8
Sep 2018,Nova Scotia,Average weekly earnings including overtime for all employees,"Administrative and support, waste management and remediation services",$  700.92,  2.4%, -3.8%,129.8
Oct 2018,Nova Scotia,Average weekly earnings including overtime for all employees,"Administrative and support, waste management and remediation services",$  717.61,  2.4%, 10.0%,132.9
Nov 2018,Nova Scotia,Average weekly earnings including overtime for all employees,"Administrative and support, waste management and remediation services",$  653.74, -8.9%,  1.4%,121.1
Dec 2018,Nova Scotia,Average weekly earnings including overtime for all employees,"Administrative and support, waste management and remediation services",$  685.68,  4.9%,  2.7%,127.0
Jan 2019,Nova Scotia,Average weekly earnings including overtime for all employees,"Administrative and support, waste management and remediation services",$  712.65,  3.9%, 14.5%,132.0
Feb 2019,Nova Scotia,Average weekly earnings including overtime for all employees,"Administrative and support, waste management and remediation services",$  723.09,  1.5%,  4.2%,134.0
Mar 2019,Nova Scotia,Average weekly earnings including overtime for all employees,"Administrative and support, waste management and remediation services",$  750.26,  3.8%,  4.9%,139.0
Apr 2019,Nova Scotia,Average weekly earnings including overtime for all employees,"Administrative and support, waste management and remediation services",$  699.14, -6.8%,  3.9%,129.5
May 2019,Nova Scotia,Average weekly earnings including overtime for all employees,"Administrative and support, waste management and remediation services",$  748.29,  7.0%, -0.2%,138.6
Jun 2019,Nova Scotia,Average weekly earnings including overtime for all employees,"Administrative and support, waste management and remediation services",$  739.11, -1.2%,  8.9%,136.9
Jul 2019,Nova Scotia,Average weekly earnings including overtime for all employees,"Administrative and support, waste management and remediation services",$  691.91, -6.4%,  6.8%,128.2
Aug 2019,Nova Scotia,Average weekly earnings including overtime for all employees,"Administrative and support, waste management and remediation services",$  701.99,  1.5%,  2.5%,130.0
Sep 2019,Nova Scotia,Average weekly earnings including overtime for all employees,"Administrative and support, waste management and remediation services",$  717.71,  2.2%,  2.4%,133.0
Oct 2019,Nova Scotia,Average weekly earnings including overtime for all employees,"Administrative and support, waste management and remediation services",$  725.84,  1.1%,  1.1%,134.5
Nov 2019,Nova Scotia,Average weekly earnings including overtime for all employees,"Administrative and support, waste management and remediation services",$  765.75,  5.5%, 17.1%,141.9
Dec 2019,Nova Scotia,Average weekly earnings including overtime for all employees,"Administrative and support, waste management and remediation services",$  746.90, -2.5%,  8.9%,138.4
Jan 2020,Nova Scotia,Average weekly earnings including overtime for all employees,"Administrative and support, waste management and remediation services",$  738.19, -1.2%,  3.6%,136.7
Feb 2020,Nova Scotia,Average weekly earnings including overtime for all employees,"Administrative and support, waste management and remediation services",$  758.09,  2.7%,  4.8%,140.4
Mar 2020,Nova Scotia,Average weekly earnings including overtime for all employees,"Administrative and support, waste management and remediation services",$  860.78, 13.5%, 14.7%,159.5
Apr 2020,Nova Scotia,Average weekly earnings including overtime for all employees,"Administrative and support, waste management and remediation services",$  746.72,-13.3%,  6.8%,138.3
May 2020,Nova Scotia,Average weekly earnings including overtime for all employees,"Administrative and support, waste management and remediation services",$  813.52,  8.9%,  8.7%,150.7
Jun 2020,Nova Scotia,Average weekly earnings including overtime for all employees,"Administrative and support, waste management and remediation services",$  798.80, -1.8%,  8.1%,148.0
Jul 2020,Nova Scotia,Average weekly earnings including overtime for all employees,"Administrative and support, waste management and remediation services",$  776.59, -2.8%, 12.2%,143.9
Aug 2020,Nova Scotia,Average weekly earnings including overtime for all employees,"Administrative and support, waste management and remediation services",$  795.51,  2.4%, 13.3%,147.4
Sep 2020,Nova Scotia,Average weekly earnings including overtime for all employees,"Administrative and support, waste management and remediation services",$  848.02,  6.6%, 18.2%,157.1
Oct 2020,Nova Scotia,Average weekly earnings including overtime for all employees,"Administrative and support, waste management and remediation services",$  841.70, -0.7%, 16.0%,155.9
Nov 2020,Nova Scotia,Average weekly earnings including overtime for all employees,"Administrative and support, waste management and remediation services",$  846.31,  0.5%, 10.5%,156.8
Dec 2020,Nova Scotia,Average weekly earnings including overtime for all employees,"Administrative and support, waste management and remediation services",$  828.23, -2.1%, 10.9%,153.4
Jan 2021,Nova Scotia,Average weekly earnings including overtime for all employees,"Administrative and support, waste management and remediation services",$  835.69,  0.9%, 13.2%,154.8
Feb 2021,Nova Scotia,Average weekly earnings including overtime for all employees,"Administrative and support, waste management and remediation services",$  851.30,  1.9%, 12.3%,157.7
Mar 2021,Nova Scotia,Average weekly earnings including overtime for all employees,"Administrative and support, waste management and remediation services",$  865.08,  1.6%,  0.5%,160.3
Apr 2021,Nova Scotia,Average weekly earnings including overtime for all employees,"Administrative and support, waste management and remediation services",$  874.19,  1.1%, 17.1%,161.9
May 2021,Nova Scotia,Average weekly earnings including overtime for all employees,"Administrative and support, waste management and remediation services",$  842.78, -3.6%,  3.6%,156.1
Jun 2021,Nova Scotia,Average weekly earnings including overtime for all employees,"Administrative and support, waste management and remediation services",$  878.51,  4.2%, 10.0%,162.7
Jul 2021,Nova Scotia,Average weekly earnings including overtime for all employees,"Administrative and support, waste management and remediation services",$  815.89, -7.1%,  5.1%,151.1
Aug 2021,Nova Scotia,Average weekly earnings including overtime for all employees,"Administrative and support, waste management and remediation services",$  800.47, -1.9%,  0.6%,148.3
Sep 2021,Nova Scotia,Average weekly earnings including overtime for all employees,"Administrative and support, waste management and remediation services",$  834.73,  4.3%, -1.6%,154.6
Oct 2021,Nova Scotia,Average weekly earnings including overtime for all employees,"Administrative and support, waste management and remediation services",$  838.94,  0.5%, -0.3%,155.4
Nov 2021,Nova Scotia,Average weekly earnings including overtime for all employees,"Administrative and support, waste management and remediation services",$  831.86, -0.8%, -1.7%,154.1
Dec 2021,Nova Scotia,Average weekly earnings including overtime for all employees,"Administrative and support, waste management and remediation services",$  822.42, -1.1%, -0.7%,152.4
Jan 2022,Nova Scotia,Average weekly earnings including overtime for all employees,"Administrative and support, waste management and remediation services",$  840.09,  2.1%,  0.5%,155.6
Feb 2022,Nova Scotia,Average weekly earnings including overtime for all employees,"Administrative and support, waste management and remediation services",$  823.77, -1.9%, -3.2%,152.6
Mar 2022,Nova Scotia,Average weekly earnings including overtime for all employees,"Administrative and support, waste management and remediation services",$  839.84,  2.0%, -2.9%,155.6
Apr 2022,Nova Scotia,Average weekly earnings including overtime for all employees,"Administrative and support, waste management and remediation services",$  841.21,  0.2%, -3.8%,155.8
May 2022,Nova Scotia,Average weekly earnings including overtime for all employees,"Administrative and support, waste management and remediation services",$  827.40, -1.6%, -1.8%,153.3
Jun 2022,Nova Scotia,Average weekly earnings including overtime for all employees,"Administrative and support, waste management and remediation services",$  875.86,  5.9%, -0.3%,162.3
Jul 2022,Nova Scotia,Average weekly earnings including overtime for all employees,"Administrative and support, waste management and remediation services",$  881.67,  0.7%,  8.1%,163.3
Aug 2022,Nova Scotia,Average weekly earnings including overtime for all employees,"Administrative and support, waste management and remediation services",$  891.89,  1.2%, 11.4%,165.2
Sep 2022,Nova Scotia,Average weekly earnings including overtime for all employees,"Administrative and support, waste management and remediation services",$  858.62, -3.7%,  2.9%,159.1
Oct 2022,Nova Scotia,Average weekly earnings including overtime for all employees,"Administrative and support, waste management and remediation services",$  881.95,  2.7%,  5.1%,163.4
Nov 2022,Nova Scotia,Average weekly earnings including overtime for all employees,"Administrative and support, waste management and remediation services",$  896.46,  1.6%,  7.8%,166.1
Dec 2022,Nova Scotia,Average weekly earnings including overtime for all employees,"Administrative and support, waste management and remediation services",$  860.81, -4.0%,  4.7%,159.5
Jan 2023,Nova Scotia,Average weekly earnings including overtime for all employees,"Administrative and support, waste management and remediation services",$  877.14,  1.9%,  4.4%,162.5
Feb 2023,Nova Scotia,Average weekly earnings including overtime for all employees,"Administrative and support, waste management and remediation services",$  865.83, -1.3%,  5.1%,160.4
Mar 2023,Nova Scotia,Average weekly earnings including overtime for all employees,"Administrative and support, waste management and remediation services",$  921.34,  6.4%,  9.7%,170.7
Apr 2023,Nova Scotia,Average weekly earnings including overtime for all employees,"Administrative and support, waste management and remediation services",$  918.01, -0.4%,  9.1%,170.1
May 2023,Nova Scotia,Average weekly earnings including overtime for all employees,"Administrative and support, waste management and remediation services",$  910.18, -0.9%, 10.0%,168.6
Jun 2023,Nova Scotia,Average weekly earnings including overtime for all employees,"Administrative and support, waste management and remediation services",$  926.79,  1.8%,  5.8%,171.7
Jul 2023,Nova Scotia,Average weekly earnings including overtime for all employees,"Administrative and support, waste management and remediation services",$  933.70,  0.7%,  5.9%,173.0
Aug 2023,Nova Scotia,Average weekly earnings including overtime for all employees,"Administrative and support, waste management and remediation services",$  897.48, -3.9%,  0.6%,166.3
Sep 2023,Nova Scotia,Average weekly earnings including overtime for all employees,"Administrative and support, waste management and remediation services",$  892.91, -0.5%,  4.0%,165.4
Oct 2023,Nova Scotia,Average weekly earnings including overtime for all employees,"Administrative and support, waste management and remediation services",$  880.54, -1.4%, -0.2%,163.1
Nov 2023,Nova Scotia,Average weekly earnings including overtime for all employees,"Administrative and support, waste management and remediation services",$  889.32,  1.0%, -0.8%,164.7
Dec 2023,Nova Scotia,Average weekly earnings including overtime for all employees,"Administrative and support, waste management and remediation services",$  919.50,  3.4%,  6.8%,170.3
Jan 2024,Nova Scotia,Average weekly earnings including overtime for all employees,"Administrative and support, waste management and remediation services",$  913.07, -0.7%,  4.1%,169.1
Feb 2024,Nova Scotia,Average weekly earnings including overtime for all employees,"Administrative and support, waste management and remediation services",$  926.47,  1.5%,  7.0%,171.6
Mar 2024,Nova Scotia,Average weekly earnings including overtime for all employees,"Administrative and support, waste management and remediation services",$  893.65, -3.5%, -3.0%,165.5
Apr 2024,Nova Scotia,Average weekly earnings including overtime for all employees,"Administrative and support, waste management and remediation services",$  880.75, -1.4%, -4.1%,163.2
May 2024,Nova Scotia,Average weekly earnings including overtime for all employees,"Administrative and support, waste management and remediation services",$  922.30,  4.7%,  1.3%,170.9
Jun 2024,Nova Scotia,Average weekly earnings including overtime for all employees,"Administrative and support, waste management and remediation services",$  935.25,  1.4%,  0.9%,173.3
Jul 2024,Nova Scotia,Average weekly earnings including overtime for all employees,"Administrative and support, waste management and remediation services",$  946.27,  1.2%,  1.3%,175.3
Aug 2024,Nova Scotia,Average weekly earnings including overtime for all employees,"Administrative and support, waste management and remediation services",$  959.92,  1.4%,  7.0%,177.8
Sep 2024,Nova Scotia,Average weekly earnings including overtime for all employees,"Administrative and support, waste management and remediation services",$  999.48,  4.1%, 11.9%,185.2
Oct 2024,Nova Scotia,Average weekly earnings including overtime for all employees,"Administrative and support, waste management and remediation services",$  990.27, -0.9%, 12.5%,183.4
Jan 2011,Nova Scotia,Average weekly earnings including overtime for all employees,Educational services,$  859.38, -1.2%,  7.4%,100.0
Feb 2011,Nova Scotia,Average weekly earnings including overtime for all employees,Educational services,$  853.69, -0.7%,  4.6%, 99.3
Mar 2011,Nova Scotia,Average weekly earnings including overtime for all employees,Educational services,$  838.81, -1.7%, -3.6%, 97.6
Apr 2011,Nova Scotia,Average weekly earnings including overtime for all employees,Educational services,$  858.98,  2.4%,  3.0%,100.0
May 2011,Nova Scotia,Average weekly earnings including overtime for all employees,Educational services,$  823.63, -4.1%, -3.5%, 95.8
Jun 2011,Nova Scotia,Average weekly earnings including overtime for all employees,Educational services,$  844.11,  2.5%, -1.0%, 98.2
Jul 2011,Nova Scotia,Average weekly earnings including overtime for all employees,Educational services,$  869.57,  3.0%, -2.8%,101.2
Aug 2011,Nova Scotia,Average weekly earnings including overtime for all employees,Educational services,$  879.27,  1.1%, -2.3%,102.3
Sep 2011,Nova Scotia,Average weekly earnings including overtime for all employees,Educational services,$  842.84, -4.1%, -2.4%, 98.1
Oct 2011,Nova Scotia,Average weekly earnings including overtime for all employees,Educational services,$  849.10,  0.7%, -1.5%, 98.8
Nov 2011,Nova Scotia,Average weekly earnings including overtime for all employees,Educational services,$  839.09, -1.2%, -2.3%, 97.6
Dec 2011,Nova Scotia,Average weekly earnings including overtime for all employees,Educational services,$  855.56,  2.0%, -1.6%, 99.6
Jan 2012,Nova Scotia,Average weekly earnings including overtime for all employees,Educational services,$  849.30, -0.7%, -1.2%, 98.8
Feb 2012,Nova Scotia,Average weekly earnings including overtime for all employees,Educational services,$  868.07,  2.2%,  1.7%,101.0
Mar 2012,Nova Scotia,Average weekly earnings including overtime for all employees,Educational services,$  859.71, -1.0%,  2.5%,100.0
Apr 2012,Nova Scotia,Average weekly earnings including overtime for all employees,Educational services,$  857.41, -0.3%, -0.2%, 99.8
May 2012,Nova Scotia,Average weekly earnings including overtime for all employees,Educational services,$  922.34,  7.6%, 12.0%,107.3
Jun 2012,Nova Scotia,Average weekly earnings including overtime for all employees,Educational services,$  897.01, -2.7%,  6.3%,104.4
Jul 2012,Nova Scotia,Average weekly earnings including overtime for all employees,Educational services,$  852.63, -4.9%, -1.9%, 99.2
Aug 2012,Nova Scotia,Average weekly earnings including overtime for all employees,Educational services,$  853.39,  0.1%, -2.9%, 99.3
Sep 2012,Nova Scotia,Average weekly earnings including overtime for all employees,Educational services,$  870.35,  2.0%,  3.3%,101.3
Oct 2012,Nova Scotia,Average weekly earnings including overtime for all employees,Educational services,$  918.47,  5.5%,  8.2%,106.9
Nov 2012,Nova Scotia,Average weekly earnings including overtime for all employees,Educational services,$  948.99,  3.3%, 13.1%,110.4
Dec 2012,Nova Scotia,Average weekly earnings including overtime for all employees,Educational services,$  949.45,  0.0%, 11.0%,110.5
Jan 2013,Nova Scotia,Average weekly earnings including overtime for all employees,Educational services,$  876.99, -7.6%,  3.3%,102.0
Feb 2013,Nova Scotia,Average weekly earnings including overtime for all employees,Educational services,$  870.21, -0.8%,  0.2%,101.3
Mar 2013,Nova Scotia,Average weekly earnings including overtime for all employees,Educational services,$  855.79, -1.7%, -0.5%, 99.6
Apr 2013,Nova Scotia,Average weekly earnings including overtime for all employees,Educational services,$  880.48,  2.9%,  2.7%,102.5
May 2013,Nova Scotia,Average weekly earnings including overtime for all employees,Educational services,$  818.83, -7.0%,-11.2%, 95.3
Jun 2013,Nova Scotia,Average weekly earnings including overtime for all employees,Educational services,$  872.09,  6.5%, -2.8%,101.5
Jul 2013,Nova Scotia,Average weekly earnings including overtime for all employees,Educational services,$  967.85, 11.0%, 13.5%,112.6
Aug 2013,Nova Scotia,Average weekly earnings including overtime for all employees,Educational services,$  910.64, -5.9%,  6.7%,106.0
Sep 2013,Nova Scotia,Average weekly earnings including overtime for all employees,Educational services,$  887.42, -2.5%,  2.0%,103.3
Oct 2013,Nova Scotia,Average weekly earnings including overtime for all employees,Educational services,$  845.96, -4.7%, -7.9%, 98.4
Nov 2013,Nova Scotia,Average weekly earnings including overtime for all employees,Educational services,$  862.19,  1.9%, -9.1%,100.3
Dec 2013,Nova Scotia,Average weekly earnings including overtime for all employees,Educational services,$  816.49, -5.3%,-14.0%, 95.0
Jan 2014,Nova Scotia,Average weekly earnings including overtime for all employees,Educational services,$  858.61,  5.2%, -2.1%, 99.9
Feb 2014,Nova Scotia,Average weekly earnings including overtime for all employees,Educational services,$  883.22,  2.9%,  1.5%,102.8
Mar 2014,Nova Scotia,Average weekly earnings including overtime for all employees,Educational services,$  888.87,  0.6%,  3.9%,103.4
Apr 2014,Nova Scotia,Average weekly earnings including overtime for all employees,Educational services,$  889.75,  0.1%,  1.1%,103.5
May 2014,Nova Scotia,Average weekly earnings including overtime for all employees,Educational services,$  942.87,  6.0%, 15.1%,109.7
Jun 2014,Nova Scotia,Average weekly earnings including overtime for all employees,Educational services,$  887.59, -5.9%,  1.8%,103.3
Jul 2014,Nova Scotia,Average weekly earnings including overtime for all employees,Educational services,$  846.05, -4.7%,-12.6%, 98.4
Aug 2014,Nova Scotia,Average weekly earnings including overtime for all employees,Educational services,$  880.95,  4.1%, -3.3%,102.5
Sep 2014,Nova Scotia,Average weekly earnings including overtime for all employees,Educational services,$  842.67, -4.3%, -5.0%, 98.1
Oct 2014,Nova Scotia,Average weekly earnings including overtime for all employees,Educational services,$  883.73,  4.9%,  4.5%,102.8
Nov 2014,Nova Scotia,Average weekly earnings including overtime for all employees,Educational services,$  882.50, -0.1%,  2.4%,102.7
Dec 2014,Nova Scotia,Average weekly earnings including overtime for all employees,Educational services,$  916.31,  3.8%, 12.2%,106.6
Jan 2015,Nova Scotia,Average weekly earnings including overtime for all employees,Educational services,$  951.06,  3.8%, 10.8%,110.7
Feb 2015,Nova Scotia,Average weekly earnings including overtime for all employees,Educational services,$  883.59, -7.1%,  0.0%,102.8
Mar 2015,Nova Scotia,Average weekly earnings including overtime for all employees,Educational services,$  876.64, -0.8%, -1.4%,102.0
Apr 2015,Nova Scotia,Average weekly earnings including overtime for all employees,Educational services,$  827.37, -5.6%, -7.0%, 96.3
May 2015,Nova Scotia,Average weekly earnings including overtime for all employees,Educational services,$  879.00,  6.2%, -6.8%,102.3
Jun 2015,Nova Scotia,Average weekly earnings including overtime for all employees,Educational services,$  859.06, -2.3%, -3.2%,100.0
Jul 2015,Nova Scotia,Average weekly earnings including overtime for all employees,Educational services,$  864.24,  0.6%,  2.1%,100.6
Aug 2015,Nova Scotia,Average weekly earnings including overtime for all employees,Educational services,$  855.43, -1.0%, -2.9%, 99.5
Sep 2015,Nova Scotia,Average weekly earnings including overtime for all employees,Educational services,$  933.28,  9.1%, 10.8%,108.6
Oct 2015,Nova Scotia,Average weekly earnings including overtime for all employees,Educational services,$  910.03, -2.5%,  3.0%,105.9
Nov 2015,Nova Scotia,Average weekly earnings including overtime for all employees,Educational services,$  891.82, -2.0%,  1.1%,103.8
Dec 2015,Nova Scotia,Average weekly earnings including overtime for all employees,Educational services,$  932.35,  4.5%,  1.8%,108.5
Jan 2016,Nova Scotia,Average weekly earnings including overtime for all employees,Educational services,$  913.75, -2.0%, -3.9%,106.3
Feb 2016,Nova Scotia,Average weekly earnings including overtime for all employees,Educational services,$  950.11,  4.0%,  7.5%,110.6
Mar 2016,Nova Scotia,Average weekly earnings including overtime for all employees,Educational services,$  952.50,  0.3%,  8.7%,110.8
Apr 2016,Nova Scotia,Average weekly earnings including overtime for all employees,Educational services,$  986.12,  3.5%, 19.2%,114.7
May 2016,Nova Scotia,Average weekly earnings including overtime for all employees,Educational services,$  909.65, -7.8%,  3.5%,105.8
Jun 2016,Nova Scotia,Average weekly earnings including overtime for all employees,Educational services,$  824.50, -9.4%, -4.0%, 95.9
Jul 2016,Nova Scotia,Average weekly earnings including overtime for all employees,Educational services,$  980.64, 18.9%, 13.5%,114.1
Aug 2016,Nova Scotia,Average weekly earnings including overtime for all employees,Educational services,$  970.46, -1.0%, 13.4%,112.9
Sep 2016,Nova Scotia,Average weekly earnings including overtime for all employees,Educational services,$  946.99, -2.4%,  1.5%,110.2
Oct 2016,Nova Scotia,Average weekly earnings including overtime for all employees,Educational services,$  955.33,  0.9%,  5.0%,111.2
Nov 2016,Nova Scotia,Average weekly earnings including overtime for all employees,Educational services,$  937.05, -1.9%,  5.1%,109.0
Dec 2016,Nova Scotia,Average weekly earnings including overtime for all employees,Educational services,$  885.98, -5.5%, -5.0%,103.1
Jan 2017,Nova Scotia,Average weekly earnings including overtime for all employees,Educational services,$  948.76,  7.1%,  3.8%,110.4
Feb 2017,Nova Scotia,Average weekly earnings including overtime for all employees,Educational services,$  949.08,  0.0%, -0.1%,110.4
Mar 2017,Nova Scotia,Average weekly earnings including overtime for all employees,Educational services,$  963.89,  1.6%,  1.2%,112.2
Apr 2017,Nova Scotia,Average weekly earnings including overtime for all employees,Educational services,$  994.66,  3.2%,  0.9%,115.7
May 2017,Nova Scotia,Average weekly earnings including overtime for all employees,Educational services,$  978.07, -1.7%,  7.5%,113.8
Jun 2017,Nova Scotia,Average weekly earnings including overtime for all employees,Educational services,"$1,036.52",  6.0%, 25.7%,120.6
Jul 2017,Nova Scotia,Average weekly earnings including overtime for all employees,Educational services,$  996.77, -3.8%,  1.6%,116.0
Aug 2017,Nova Scotia,Average weekly earnings including overtime for all employees,Educational services,$  986.31, -1.0%,  1.6%,114.8
Sep 2017,Nova Scotia,Average weekly earnings including overtime for all employees,Educational services,$  996.75,  1.1%,  5.3%,116.0
Oct 2017,Nova Scotia,Average weekly earnings including overtime for all employees,Educational services,$  947.92, -4.9%, -0.8%,110.3
Nov 2017,Nova Scotia,Average weekly earnings including overtime for all employees,Educational services,$  965.04,  1.8%,  3.0%,112.3
Dec 2017,Nova Scotia,Average weekly earnings including overtime for all employees,Educational services,$  971.53,  0.7%,  9.7%,113.1
Jan 2018,Nova Scotia,Average weekly earnings including overtime for all employees,Educational services,$  909.92, -6.3%, -4.1%,105.9
Feb 2018,Nova Scotia,Average weekly earnings including overtime for all employees,Educational services,$  898.46, -1.3%, -5.3%,104.5
Mar 2018,Nova Scotia,Average weekly earnings including overtime for all employees,Educational services,$  947.01,  5.4%, -1.8%,110.2
Apr 2018,Nova Scotia,Average weekly earnings including overtime for all employees,Educational services,$  922.48, -2.6%, -7.3%,107.3
May 2018,Nova Scotia,Average weekly earnings including overtime for all employees,Educational services,$  965.33,  4.6%, -1.3%,112.3
Jun 2018,Nova Scotia,Average weekly earnings including overtime for all employees,Educational services,$  933.46, -3.3%, -9.9%,108.6
Jul 2018,Nova Scotia,Average weekly earnings including overtime for all employees,Educational services,$  939.58,  0.7%, -5.7%,109.3
Aug 2018,Nova Scotia,Average weekly earnings including overtime for all employees,Educational services,$  941.13,  0.2%, -4.6%,109.5
Sep 2018,Nova Scotia,Average weekly earnings including overtime for all employees,Educational services,$  930.57, -1.1%, -6.6%,108.3
Oct 2018,Nova Scotia,Average weekly earnings including overtime for all employees,Educational services,$  943.50,  1.4%, -0.5%,109.8
Nov 2018,Nova Scotia,Average weekly earnings including overtime for all employees,Educational services,$  971.65,  3.0%,  0.7%,113.1
Dec 2018,Nova Scotia,Average weekly earnings including overtime for all employees,Educational services,$  957.64, -1.4%, -1.4%,111.4
Jan 2019,Nova Scotia,Average weekly earnings including overtime for all employees,Educational services,$  970.31,  1.3%,  6.6%,112.9
Feb 2019,Nova Scotia,Average weekly earnings including overtime for all employees,Educational services,"$1,004.04",  3.5%, 11.8%,116.8
Mar 2019,Nova Scotia,Average weekly earnings including overtime for all employees,Educational services,$  958.91, -4.5%,  1.3%,111.6
Apr 2019,Nova Scotia,Average weekly earnings including overtime for all employees,Educational services,$  962.97,  0.4%,  4.4%,112.1
May 2019,Nova Scotia,Average weekly earnings including overtime for all employees,Educational services,$  938.65, -2.5%, -2.8%,109.2
Jun 2019,Nova Scotia,Average weekly earnings including overtime for all employees,Educational services,$  936.58, -0.2%,  0.3%,109.0
Jul 2019,Nova Scotia,Average weekly earnings including overtime for all employees,Educational services,$  927.40, -1.0%, -1.3%,107.9
Aug 2019,Nova Scotia,Average weekly earnings including overtime for all employees,Educational services,$  952.88,  2.7%,  1.2%,110.9
Sep 2019,Nova Scotia,Average weekly earnings including overtime for all employees,Educational services,$  965.23,  1.3%,  3.7%,112.3
Oct 2019,Nova Scotia,Average weekly earnings including overtime for all employees,Educational services,"$1,012.17",  4.9%,  7.3%,117.8
Nov 2019,Nova Scotia,Average weekly earnings including overtime for all employees,Educational services,"$1,021.30",  0.9%,  5.1%,118.8
Dec 2019,Nova Scotia,Average weekly earnings including overtime for all employees,Educational services,$  998.51, -2.2%,  4.3%,116.2
Jan 2020,Nova Scotia,Average weekly earnings including overtime for all employees,Educational services,"$1,020.85",  2.2%,  5.2%,118.8
Feb 2020,Nova Scotia,Average weekly earnings including overtime for all employees,Educational services,"$1,040.61",  1.9%,  3.6%,121.1
Mar 2020,Nova Scotia,Average weekly earnings including overtime for all employees,Educational services,"$1,045.74",  0.5%,  9.1%,121.7
Apr 2020,Nova Scotia,Average weekly earnings including overtime for all employees,Educational services,"$1,079.51",  3.2%, 12.1%,125.6
May 2020,Nova Scotia,Average weekly earnings including overtime for all employees,Educational services,"$1,110.47",  2.9%, 18.3%,129.2
Jun 2020,Nova Scotia,Average weekly earnings including overtime for all employees,Educational services,"$1,085.88", -2.2%, 15.9%,126.4
Jul 2020,Nova Scotia,Average weekly earnings including overtime for all employees,Educational services,$  978.42, -9.9%,  5.5%,113.9
Aug 2020,Nova Scotia,Average weekly earnings including overtime for all employees,Educational services,$  986.73,  0.8%,  3.6%,114.8
Sep 2020,Nova Scotia,Average weekly earnings including overtime for all employees,Educational services,$  936.03, -5.1%, -3.0%,108.9
Oct 2020,Nova Scotia,Average weekly earnings including overtime for all employees,Educational services,"$1,086.66", 16.1%,  7.4%,126.4
Nov 2020,Nova Scotia,Average weekly earnings including overtime for all employees,Educational services,"$1,056.07", -2.8%,  3.4%,122.9
Dec 2020,Nova Scotia,Average weekly earnings including overtime for all employees,Educational services,"$1,081.93",  2.4%,  8.4%,125.9
Jan 2021,Nova Scotia,Average weekly earnings including overtime for all employees,Educational services,"$1,065.10", -1.6%,  4.3%,123.9
Feb 2021,Nova Scotia,Average weekly earnings including overtime for all employees,Educational services,"$1,039.27", -2.4%, -0.1%,120.9
Mar 2021,Nova Scotia,Average weekly earnings including overtime for all employees,Educational services,"$1,086.87",  4.6%,  3.9%,126.5
Apr 2021,Nova Scotia,Average weekly earnings including overtime for all employees,Educational services,"$1,047.69", -3.6%, -2.9%,121.9
May 2021,Nova Scotia,Average weekly earnings including overtime for all employees,Educational services,"$1,046.67", -0.1%, -5.7%,121.8
Jun 2021,Nova Scotia,Average weekly earnings including overtime for all employees,Educational services,"$1,061.13",  1.4%, -2.3%,123.5
Jul 2021,Nova Scotia,Average weekly earnings including overtime for all employees,Educational services,"$1,091.73",  2.9%, 11.6%,127.0
Aug 2021,Nova Scotia,Average weekly earnings including overtime for all employees,Educational services,"$1,069.81", -2.0%,  8.4%,124.5
Sep 2021,Nova Scotia,Average weekly earnings including overtime for all employees,Educational services,"$1,050.48", -1.8%, 12.2%,122.2
Oct 2021,Nova Scotia,Average weekly earnings including overtime for all employees,Educational services,"$1,061.20",  1.0%, -2.3%,123.5
Nov 2021,Nova Scotia,Average weekly earnings including overtime for all employees,Educational services,"$1,048.27", -1.2%, -0.7%,122.0
Dec 2021,Nova Scotia,Average weekly earnings including overtime for all employees,Educational services,"$1,078.34",  2.9%, -0.3%,125.5
Jan 2022,Nova Scotia,Average weekly earnings including overtime for all employees,Educational services,"$1,115.36",  3.4%,  4.7%,129.8
Feb 2022,Nova Scotia,Average weekly earnings including overtime for all employees,Educational services,"$1,112.81", -0.2%,  7.1%,129.5
Mar 2022,Nova Scotia,Average weekly earnings including overtime for all employees,Educational services,"$1,059.79", -4.8%, -2.5%,123.3
Apr 2022,Nova Scotia,Average weekly earnings including overtime for all employees,Educational services,"$1,060.18",  0.0%,  1.2%,123.4
May 2022,Nova Scotia,Average weekly earnings including overtime for all employees,Educational services,"$1,065.04",  0.5%,  1.8%,123.9
Jun 2022,Nova Scotia,Average weekly earnings including overtime for all employees,Educational services,"$1,043.70", -2.0%, -1.6%,121.4
Jul 2022,Nova Scotia,Average weekly earnings including overtime for all employees,Educational services,"$1,088.17",  4.3%, -0.3%,126.6
Aug 2022,Nova Scotia,Average weekly earnings including overtime for all employees,Educational services,"$1,105.12",  1.6%,  3.3%,128.6
Sep 2022,Nova Scotia,Average weekly earnings including overtime for all employees,Educational services,"$1,099.13", -0.5%,  4.6%,127.9
Oct 2022,Nova Scotia,Average weekly earnings including overtime for all employees,Educational services,"$1,107.66",  0.8%,  4.4%,128.9
Nov 2022,Nova Scotia,Average weekly earnings including overtime for all employees,Educational services,"$1,110.43",  0.3%,  5.9%,129.2
Dec 2022,Nova Scotia,Average weekly earnings including overtime for all employees,Educational services,"$1,114.87",  0.4%,  3.4%,129.7
Jan 2023,Nova Scotia,Average weekly earnings including overtime for all employees,Educational services,"$1,077.63", -3.3%, -3.4%,125.4
Feb 2023,Nova Scotia,Average weekly earnings including overtime for all employees,Educational services,"$1,093.99",  1.5%, -1.7%,127.3
Mar 2023,Nova Scotia,Average weekly earnings including overtime for all employees,Educational services,"$1,102.50",  0.8%,  4.0%,128.3
Apr 2023,Nova Scotia,Average weekly earnings including overtime for all employees,Educational services,"$1,140.21",  3.4%,  7.5%,132.7
May 2023,Nova Scotia,Average weekly earnings including overtime for all employees,Educational services,"$1,117.05", -2.0%,  4.9%,130.0
Jun 2023,Nova Scotia,Average weekly earnings including overtime for all employees,Educational services,"$1,159.54",  3.8%, 11.1%,134.9
Jul 2023,Nova Scotia,Average weekly earnings including overtime for all employees,Educational services,"$1,109.86", -4.3%,  2.0%,129.1
Aug 2023,Nova Scotia,Average weekly earnings including overtime for all employees,Educational services,"$1,132.21",  2.0%,  2.5%,131.7
Sep 2023,Nova Scotia,Average weekly earnings including overtime for all employees,Educational services,"$1,170.96",  3.4%,  6.5%,136.3
Oct 2023,Nova Scotia,Average weekly earnings including overtime for all employees,Educational services,"$1,136.87", -2.9%,  2.6%,132.3
Nov 2023,Nova Scotia,Average weekly earnings including overtime for all employees,Educational services,"$1,159.92",  2.0%,  4.5%,135.0
Dec 2023,Nova Scotia,Average weekly earnings including overtime for all employees,Educational services,"$1,163.61",  0.3%,  4.4%,135.4
Jan 2024,Nova Scotia,Average weekly earnings including overtime for all employees,Educational services,"$1,129.57", -2.9%,  4.8%,131.4
Feb 2024,Nova Scotia,Average weekly earnings including overtime for all employees,Educational services,"$1,086.39", -3.8%, -0.7%,126.4
Mar 2024,Nova Scotia,Average weekly earnings including overtime for all employees,Educational services,"$1,083.44", -0.3%, -1.7%,126.1
Apr 2024,Nova Scotia,Average weekly earnings including overtime for all employees,Educational services,"$1,086.59",  0.3%, -4.7%,126.4
May 2024,Nova Scotia,Average weekly earnings including overtime for all employees,Educational services,"$1,141.26",  5.0%,  2.2%,132.8
Jun 2024,Nova Scotia,Average weekly earnings including overtime for all employees,Educational services,"$1,132.50", -0.8%, -2.3%,131.8
Jul 2024,Nova Scotia,Average weekly earnings including overtime for all employees,Educational services,"$1,112.50", -1.8%,  0.2%,129.5
Aug 2024,Nova Scotia,Average weekly earnings including overtime for all employees,Educational services,"$1,098.63", -1.2%, -3.0%,127.8
Sep 2024,Nova Scotia,Average weekly earnings including overtime for all employees,Educational services,"$1,084.32", -1.3%, -7.4%,126.2
Oct 2024,Nova Scotia,Average weekly earnings including overtime for all employees,Educational services,"$1,154.82",  6.5%,  1.6%,134.4
,,,,,,,
"Source: Statistics Canada. Table 14 10 0223 Employment and average weekly earnings (including overtime) for all employees by province and territory, monthly, seasonally adjusted",,,,,,,
