Month,Geography,Estimate,North American Industry Classification System (NAICS),Value,Monthly Change,Yearly change,Indexed value
Jan 2011,Quebec,Average weekly earnings including overtime for all employees,"Mining, quarrying, and oil and gas extraction","$1,312.95",  5.0%,  3.7%,100.0
Feb 2011,Quebec,Average weekly earnings including overtime for all employees,"Mining, quarrying, and oil and gas extraction","$1,272.46", -3.1%,  3.1%, 96.9
Mar 2011,Quebec,Average weekly earnings including overtime for all employees,"Mining, quarrying, and oil and gas extraction","$1,204.82", -5.3%, -7.7%, 91.8
Apr 2011,Quebec,Average weekly earnings including overtime for all employees,"Mining, quarrying, and oil and gas extraction","$1,272.79",  5.6%,  0.8%, 96.9
May 2011,Quebec,Average weekly earnings including overtime for all employees,"Mining, quarrying, and oil and gas extraction","$1,340.67",  5.3%,  7.8%,102.1
Jun 2011,Quebec,Average weekly earnings including overtime for all employees,"Mining, quarrying, and oil and gas extraction","$1,305.61", -2.6%,  1.2%, 99.4
Jul 2011,Quebec,Average weekly earnings including overtime for all employees,"Mining, quarrying, and oil and gas extraction","$1,387.69",  6.3%,  6.5%,105.7
Aug 2011,Quebec,Average weekly earnings including overtime for all employees,"Mining, quarrying, and oil and gas extraction","$1,339.56", -3.5%, -2.6%,102.0
Sep 2011,Quebec,Average weekly earnings including overtime for all employees,"Mining, quarrying, and oil and gas extraction","$1,411.78",  5.4%,  2.0%,107.5
Oct 2011,Quebec,Average weekly earnings including overtime for all employees,"Mining, quarrying, and oil and gas extraction","$1,486.16",  5.3%, 10.4%,113.2
Nov 2011,Quebec,Average weekly earnings including overtime for all employees,"Mining, quarrying, and oil and gas extraction","$1,426.28", -4.0%,  3.3%,108.6
Dec 2011,Quebec,Average weekly earnings including overtime for all employees,"Mining, quarrying, and oil and gas extraction","$1,492.29",  4.6%, 19.3%,113.7
Jan 2012,Quebec,Average weekly earnings including overtime for all employees,"Mining, quarrying, and oil and gas extraction","$1,491.70",  0.0%, 13.6%,113.6
Feb 2012,Quebec,Average weekly earnings including overtime for all employees,"Mining, quarrying, and oil and gas extraction","$1,471.34", -1.4%, 15.6%,112.1
Mar 2012,Quebec,Average weekly earnings including overtime for all employees,"Mining, quarrying, and oil and gas extraction","$1,653.22", 12.4%, 37.2%,125.9
Apr 2012,Quebec,Average weekly earnings including overtime for all employees,"Mining, quarrying, and oil and gas extraction","$1,666.48",  0.8%, 30.9%,126.9
May 2012,Quebec,Average weekly earnings including overtime for all employees,"Mining, quarrying, and oil and gas extraction","$1,649.62", -1.0%, 23.0%,125.6
Jun 2012,Quebec,Average weekly earnings including overtime for all employees,"Mining, quarrying, and oil and gas extraction","$1,659.52",  0.6%, 27.1%,126.4
Jul 2012,Quebec,Average weekly earnings including overtime for all employees,"Mining, quarrying, and oil and gas extraction","$1,601.64", -3.5%, 15.4%,122.0
Aug 2012,Quebec,Average weekly earnings including overtime for all employees,"Mining, quarrying, and oil and gas extraction","$1,571.73", -1.9%, 17.3%,119.7
Sep 2012,Quebec,Average weekly earnings including overtime for all employees,"Mining, quarrying, and oil and gas extraction","$1,518.78", -3.4%,  7.6%,115.7
Oct 2012,Quebec,Average weekly earnings including overtime for all employees,"Mining, quarrying, and oil and gas extraction","$1,526.99",  0.5%,  2.7%,116.3
Nov 2012,Quebec,Average weekly earnings including overtime for all employees,"Mining, quarrying, and oil and gas extraction","$1,424.00", -6.7%, -0.2%,108.5
Dec 2012,Quebec,Average weekly earnings including overtime for all employees,"Mining, quarrying, and oil and gas extraction","$1,419.08", -0.3%, -4.9%,108.1
Jan 2013,Quebec,Average weekly earnings including overtime for all employees,"Mining, quarrying, and oil and gas extraction","$1,347.51", -5.0%, -9.7%,102.6
Feb 2013,Quebec,Average weekly earnings including overtime for all employees,"Mining, quarrying, and oil and gas extraction","$1,434.52",  6.5%, -2.5%,109.3
Mar 2013,Quebec,Average weekly earnings including overtime for all employees,"Mining, quarrying, and oil and gas extraction","$1,399.16", -2.5%,-15.4%,106.6
Apr 2013,Quebec,Average weekly earnings including overtime for all employees,"Mining, quarrying, and oil and gas extraction","$1,431.90",  2.3%,-14.1%,109.1
May 2013,Quebec,Average weekly earnings including overtime for all employees,"Mining, quarrying, and oil and gas extraction","$1,409.58", -1.6%,-14.6%,107.4
Jun 2013,Quebec,Average weekly earnings including overtime for all employees,"Mining, quarrying, and oil and gas extraction","$1,544.65",  9.6%, -6.9%,117.6
Jul 2013,Quebec,Average weekly earnings including overtime for all employees,"Mining, quarrying, and oil and gas extraction","$1,567.26",  1.5%, -2.1%,119.4
Aug 2013,Quebec,Average weekly earnings including overtime for all employees,"Mining, quarrying, and oil and gas extraction","$1,505.08", -4.0%, -4.2%,114.6
Sep 2013,Quebec,Average weekly earnings including overtime for all employees,"Mining, quarrying, and oil and gas extraction","$1,515.14",  0.7%, -0.2%,115.4
Oct 2013,Quebec,Average weekly earnings including overtime for all employees,"Mining, quarrying, and oil and gas extraction","$1,511.59", -0.2%, -1.0%,115.1
Nov 2013,Quebec,Average weekly earnings including overtime for all employees,"Mining, quarrying, and oil and gas extraction","$1,601.08",  5.9%, 12.4%,121.9
Dec 2013,Quebec,Average weekly earnings including overtime for all employees,"Mining, quarrying, and oil and gas extraction","$1,656.32",  3.5%, 16.7%,126.2
Jan 2014,Quebec,Average weekly earnings including overtime for all employees,"Mining, quarrying, and oil and gas extraction","$1,557.28", -6.0%, 15.6%,118.6
Feb 2014,Quebec,Average weekly earnings including overtime for all employees,"Mining, quarrying, and oil and gas extraction","$1,590.63",  2.1%, 10.9%,121.1
Mar 2014,Quebec,Average weekly earnings including overtime for all employees,"Mining, quarrying, and oil and gas extraction","$1,631.90",  2.6%, 16.6%,124.3
Apr 2014,Quebec,Average weekly earnings including overtime for all employees,"Mining, quarrying, and oil and gas extraction","$1,611.55", -1.2%, 12.5%,122.7
May 2014,Quebec,Average weekly earnings including overtime for all employees,"Mining, quarrying, and oil and gas extraction","$1,755.69",  8.9%, 24.6%,133.7
Jun 2014,Quebec,Average weekly earnings including overtime for all employees,"Mining, quarrying, and oil and gas extraction","$1,759.62",  0.2%, 13.9%,134.0
Jul 2014,Quebec,Average weekly earnings including overtime for all employees,"Mining, quarrying, and oil and gas extraction","$1,588.69", -9.7%,  1.4%,121.0
Aug 2014,Quebec,Average weekly earnings including overtime for all employees,"Mining, quarrying, and oil and gas extraction","$1,712.58",  7.8%, 13.8%,130.4
Sep 2014,Quebec,Average weekly earnings including overtime for all employees,"Mining, quarrying, and oil and gas extraction","$1,753.20",  2.4%, 15.7%,133.5
Oct 2014,Quebec,Average weekly earnings including overtime for all employees,"Mining, quarrying, and oil and gas extraction","$1,662.51", -5.2%, 10.0%,126.6
Nov 2014,Quebec,Average weekly earnings including overtime for all employees,"Mining, quarrying, and oil and gas extraction","$1,677.73",  0.9%,  4.8%,127.8
Dec 2014,Quebec,Average weekly earnings including overtime for all employees,"Mining, quarrying, and oil and gas extraction","$1,640.41", -2.2%, -1.0%,124.9
Jan 2015,Quebec,Average weekly earnings including overtime for all employees,"Mining, quarrying, and oil and gas extraction","$1,579.99", -3.7%,  1.5%,120.3
Feb 2015,Quebec,Average weekly earnings including overtime for all employees,"Mining, quarrying, and oil and gas extraction","$1,552.09", -1.8%, -2.4%,118.2
Mar 2015,Quebec,Average weekly earnings including overtime for all employees,"Mining, quarrying, and oil and gas extraction","$1,564.72",  0.8%, -4.1%,119.2
Apr 2015,Quebec,Average weekly earnings including overtime for all employees,"Mining, quarrying, and oil and gas extraction","$1,560.83", -0.2%, -3.1%,118.9
May 2015,Quebec,Average weekly earnings including overtime for all employees,"Mining, quarrying, and oil and gas extraction","$1,543.96", -1.1%,-12.1%,117.6
Jun 2015,Quebec,Average weekly earnings including overtime for all employees,"Mining, quarrying, and oil and gas extraction","$1,577.69",  2.2%,-10.3%,120.2
Jul 2015,Quebec,Average weekly earnings including overtime for all employees,"Mining, quarrying, and oil and gas extraction","$1,518.61", -3.7%, -4.4%,115.7
Aug 2015,Quebec,Average weekly earnings including overtime for all employees,"Mining, quarrying, and oil and gas extraction","$1,468.04", -3.3%,-14.3%,111.8
Sep 2015,Quebec,Average weekly earnings including overtime for all employees,"Mining, quarrying, and oil and gas extraction","$1,402.44", -4.5%,-20.0%,106.8
Oct 2015,Quebec,Average weekly earnings including overtime for all employees,"Mining, quarrying, and oil and gas extraction","$1,498.14",  6.8%, -9.9%,114.1
Nov 2015,Quebec,Average weekly earnings including overtime for all employees,"Mining, quarrying, and oil and gas extraction","$1,475.05", -1.5%,-12.1%,112.3
Dec 2015,Quebec,Average weekly earnings including overtime for all employees,"Mining, quarrying, and oil and gas extraction","$1,532.75",  3.9%, -6.6%,116.7
Jan 2016,Quebec,Average weekly earnings including overtime for all employees,"Mining, quarrying, and oil and gas extraction","$1,576.30",  2.8%, -0.2%,120.1
Feb 2016,Quebec,Average weekly earnings including overtime for all employees,"Mining, quarrying, and oil and gas extraction","$1,578.78",  0.2%,  1.7%,120.2
Mar 2016,Quebec,Average weekly earnings including overtime for all employees,"Mining, quarrying, and oil and gas extraction","$1,532.62", -2.9%, -2.1%,116.7
Apr 2016,Quebec,Average weekly earnings including overtime for all employees,"Mining, quarrying, and oil and gas extraction","$1,478.04", -3.6%, -5.3%,112.6
May 2016,Quebec,Average weekly earnings including overtime for all employees,"Mining, quarrying, and oil and gas extraction","$1,515.81",  2.6%, -1.8%,115.5
Jun 2016,Quebec,Average weekly earnings including overtime for all employees,"Mining, quarrying, and oil and gas extraction","$1,369.88", -9.6%,-13.2%,104.3
Jul 2016,Quebec,Average weekly earnings including overtime for all employees,"Mining, quarrying, and oil and gas extraction","$1,558.24", 13.8%,  2.6%,118.7
Aug 2016,Quebec,Average weekly earnings including overtime for all employees,"Mining, quarrying, and oil and gas extraction","$1,472.81", -5.5%,  0.3%,112.2
Sep 2016,Quebec,Average weekly earnings including overtime for all employees,"Mining, quarrying, and oil and gas extraction","$1,585.53",  7.7%, 13.1%,120.8
Oct 2016,Quebec,Average weekly earnings including overtime for all employees,"Mining, quarrying, and oil and gas extraction","$1,539.49", -2.9%,  2.8%,117.3
Nov 2016,Quebec,Average weekly earnings including overtime for all employees,"Mining, quarrying, and oil and gas extraction","$1,572.63",  2.2%,  6.6%,119.8
Dec 2016,Quebec,Average weekly earnings including overtime for all employees,"Mining, quarrying, and oil and gas extraction","$1,397.36",-11.1%, -8.8%,106.4
Jan 2017,Quebec,Average weekly earnings including overtime for all employees,"Mining, quarrying, and oil and gas extraction","$1,537.76", 10.0%, -2.4%,117.1
Feb 2017,Quebec,Average weekly earnings including overtime for all employees,"Mining, quarrying, and oil and gas extraction","$1,492.26", -3.0%, -5.5%,113.7
Mar 2017,Quebec,Average weekly earnings including overtime for all employees,"Mining, quarrying, and oil and gas extraction","$1,603.41",  7.4%,  4.6%,122.1
Apr 2017,Quebec,Average weekly earnings including overtime for all employees,"Mining, quarrying, and oil and gas extraction","$1,516.22", -5.4%,  2.6%,115.5
May 2017,Quebec,Average weekly earnings including overtime for all employees,"Mining, quarrying, and oil and gas extraction","$1,571.56",  3.6%,  3.7%,119.7
Jun 2017,Quebec,Average weekly earnings including overtime for all employees,"Mining, quarrying, and oil and gas extraction","$1,502.72", -4.4%,  9.7%,114.5
Jul 2017,Quebec,Average weekly earnings including overtime for all employees,"Mining, quarrying, and oil and gas extraction","$1,571.95",  4.6%,  0.9%,119.7
Aug 2017,Quebec,Average weekly earnings including overtime for all employees,"Mining, quarrying, and oil and gas extraction","$1,642.94",  4.5%, 11.6%,125.1
Sep 2017,Quebec,Average weekly earnings including overtime for all employees,"Mining, quarrying, and oil and gas extraction","$1,580.84", -3.8%, -0.3%,120.4
Oct 2017,Quebec,Average weekly earnings including overtime for all employees,"Mining, quarrying, and oil and gas extraction","$1,544.98", -2.3%,  0.4%,117.7
Nov 2017,Quebec,Average weekly earnings including overtime for all employees,"Mining, quarrying, and oil and gas extraction","$1,599.79",  3.5%,  1.7%,121.8
Dec 2017,Quebec,Average weekly earnings including overtime for all employees,"Mining, quarrying, and oil and gas extraction","$1,746.47",  9.2%, 25.0%,133.0
Jan 2018,Quebec,Average weekly earnings including overtime for all employees,"Mining, quarrying, and oil and gas extraction","$1,683.68", -3.6%,  9.5%,128.2
Feb 2018,Quebec,Average weekly earnings including overtime for all employees,"Mining, quarrying, and oil and gas extraction","$1,704.88",  1.3%, 14.2%,129.9
Mar 2018,Quebec,Average weekly earnings including overtime for all employees,"Mining, quarrying, and oil and gas extraction","$1,656.25", -2.9%,  3.3%,126.1
Apr 2018,Quebec,Average weekly earnings including overtime for all employees,"Mining, quarrying, and oil and gas extraction","$1,631.25", -1.5%,  7.6%,124.2
May 2018,Quebec,Average weekly earnings including overtime for all employees,"Mining, quarrying, and oil and gas extraction","$1,528.41", -6.3%, -2.7%,116.4
Jun 2018,Quebec,Average weekly earnings including overtime for all employees,"Mining, quarrying, and oil and gas extraction","$1,711.00", 11.9%, 13.9%,130.3
Jul 2018,Quebec,Average weekly earnings including overtime for all employees,"Mining, quarrying, and oil and gas extraction","$1,695.67", -0.9%,  7.9%,129.1
Aug 2018,Quebec,Average weekly earnings including overtime for all employees,"Mining, quarrying, and oil and gas extraction","$1,712.61",  1.0%,  4.2%,130.4
Sep 2018,Quebec,Average weekly earnings including overtime for all employees,"Mining, quarrying, and oil and gas extraction","$1,798.28",  5.0%, 13.8%,137.0
Oct 2018,Quebec,Average weekly earnings including overtime for all employees,"Mining, quarrying, and oil and gas extraction","$1,819.79",  1.2%, 17.8%,138.6
Nov 2018,Quebec,Average weekly earnings including overtime for all employees,"Mining, quarrying, and oil and gas extraction","$1,705.13", -6.3%,  6.6%,129.9
Dec 2018,Quebec,Average weekly earnings including overtime for all employees,"Mining, quarrying, and oil and gas extraction","$1,693.15", -0.7%, -3.1%,129.0
Jan 2019,Quebec,Average weekly earnings including overtime for all employees,"Mining, quarrying, and oil and gas extraction","$1,786.09",  5.5%,  6.1%,136.0
Feb 2019,Quebec,Average weekly earnings including overtime for all employees,"Mining, quarrying, and oil and gas extraction","$1,864.48",  4.4%,  9.4%,142.0
Mar 2019,Quebec,Average weekly earnings including overtime for all employees,"Mining, quarrying, and oil and gas extraction","$1,648.06",-11.6%, -0.5%,125.5
Apr 2019,Quebec,Average weekly earnings including overtime for all employees,"Mining, quarrying, and oil and gas extraction","$1,974.12", 19.8%, 21.0%,150.4
May 2019,Quebec,Average weekly earnings including overtime for all employees,"Mining, quarrying, and oil and gas extraction","$1,819.10", -7.9%, 19.0%,138.6
Jun 2019,Quebec,Average weekly earnings including overtime for all employees,"Mining, quarrying, and oil and gas extraction","$1,786.25", -1.8%,  4.4%,136.0
Jul 2019,Quebec,Average weekly earnings including overtime for all employees,"Mining, quarrying, and oil and gas extraction","$1,785.06", -0.1%,  5.3%,136.0
Aug 2019,Quebec,Average weekly earnings including overtime for all employees,"Mining, quarrying, and oil and gas extraction","$1,746.04", -2.2%,  2.0%,133.0
Sep 2019,Quebec,Average weekly earnings including overtime for all employees,"Mining, quarrying, and oil and gas extraction","$1,733.66", -0.7%, -3.6%,132.0
Oct 2019,Quebec,Average weekly earnings including overtime for all employees,"Mining, quarrying, and oil and gas extraction","$1,744.46",  0.6%, -4.1%,132.9
Nov 2019,Quebec,Average weekly earnings including overtime for all employees,"Mining, quarrying, and oil and gas extraction","$1,700.67", -2.5%, -0.3%,129.5
Dec 2019,Quebec,Average weekly earnings including overtime for all employees,"Mining, quarrying, and oil and gas extraction","$1,772.37",  4.2%,  4.7%,135.0
Jan 2020,Quebec,Average weekly earnings including overtime for all employees,"Mining, quarrying, and oil and gas extraction","$2,196.75", 23.9%, 23.0%,167.3
Feb 2020,Quebec,Average weekly earnings including overtime for all employees,"Mining, quarrying, and oil and gas extraction","$1,839.07",-16.3%, -1.4%,140.1
Mar 2020,Quebec,Average weekly earnings including overtime for all employees,"Mining, quarrying, and oil and gas extraction","$1,851.35",  0.7%, 12.3%,141.0
Apr 2020,Quebec,Average weekly earnings including overtime for all employees,"Mining, quarrying, and oil and gas extraction","$1,801.98", -2.7%, -8.7%,137.2
May 2020,Quebec,Average weekly earnings including overtime for all employees,"Mining, quarrying, and oil and gas extraction","$1,676.50", -7.0%, -7.8%,127.7
Jun 2020,Quebec,Average weekly earnings including overtime for all employees,"Mining, quarrying, and oil and gas extraction","$1,925.32", 14.8%,  7.8%,146.6
Jul 2020,Quebec,Average weekly earnings including overtime for all employees,"Mining, quarrying, and oil and gas extraction","$1,659.72",-13.8%, -7.0%,126.4
Aug 2020,Quebec,Average weekly earnings including overtime for all employees,"Mining, quarrying, and oil and gas extraction","$1,747.55",  5.3%,  0.1%,133.1
Sep 2020,Quebec,Average weekly earnings including overtime for all employees,"Mining, quarrying, and oil and gas extraction","$1,716.59", -1.8%, -1.0%,130.7
Oct 2020,Quebec,Average weekly earnings including overtime for all employees,"Mining, quarrying, and oil and gas extraction","$1,759.23",  2.5%,  0.8%,134.0
Nov 2020,Quebec,Average weekly earnings including overtime for all employees,"Mining, quarrying, and oil and gas extraction","$1,793.55",  2.0%,  5.5%,136.6
Dec 2020,Quebec,Average weekly earnings including overtime for all employees,"Mining, quarrying, and oil and gas extraction","$1,757.02", -2.0%, -0.9%,133.8
Jan 2021,Quebec,Average weekly earnings including overtime for all employees,"Mining, quarrying, and oil and gas extraction","$1,748.15", -0.5%,-20.4%,133.1
Feb 2021,Quebec,Average weekly earnings including overtime for all employees,"Mining, quarrying, and oil and gas extraction","$1,777.21",  1.7%, -3.4%,135.4
Mar 2021,Quebec,Average weekly earnings including overtime for all employees,"Mining, quarrying, and oil and gas extraction","$1,768.25", -0.5%, -4.5%,134.7
Apr 2021,Quebec,Average weekly earnings including overtime for all employees,"Mining, quarrying, and oil and gas extraction","$1,687.36", -4.6%, -6.4%,128.5
May 2021,Quebec,Average weekly earnings including overtime for all employees,"Mining, quarrying, and oil and gas extraction","$1,765.88",  4.7%,  5.3%,134.5
Jun 2021,Quebec,Average weekly earnings including overtime for all employees,"Mining, quarrying, and oil and gas extraction","$1,799.36",  1.9%, -6.5%,137.0
Jul 2021,Quebec,Average weekly earnings including overtime for all employees,"Mining, quarrying, and oil and gas extraction","$1,843.54",  2.5%, 11.1%,140.4
Aug 2021,Quebec,Average weekly earnings including overtime for all employees,"Mining, quarrying, and oil and gas extraction","$1,866.36",  1.2%,  6.8%,142.2
Sep 2021,Quebec,Average weekly earnings including overtime for all employees,"Mining, quarrying, and oil and gas extraction","$1,855.07", -0.6%,  8.1%,141.3
Oct 2021,Quebec,Average weekly earnings including overtime for all employees,"Mining, quarrying, and oil and gas extraction","$1,774.99", -4.3%,  0.9%,135.2
Nov 2021,Quebec,Average weekly earnings including overtime for all employees,"Mining, quarrying, and oil and gas extraction","$1,885.39",  6.2%,  5.1%,143.6
Dec 2021,Quebec,Average weekly earnings including overtime for all employees,"Mining, quarrying, and oil and gas extraction","$1,811.26", -3.9%,  3.1%,138.0
Jan 2022,Quebec,Average weekly earnings including overtime for all employees,"Mining, quarrying, and oil and gas extraction","$1,885.25",  4.1%,  7.8%,143.6
Feb 2022,Quebec,Average weekly earnings including overtime for all employees,"Mining, quarrying, and oil and gas extraction","$1,776.03", -5.8%, -0.1%,135.3
Mar 2022,Quebec,Average weekly earnings including overtime for all employees,"Mining, quarrying, and oil and gas extraction","$1,769.06", -0.4%,  0.0%,134.7
Apr 2022,Quebec,Average weekly earnings including overtime for all employees,"Mining, quarrying, and oil and gas extraction","$1,872.60",  5.9%, 11.0%,142.6
May 2022,Quebec,Average weekly earnings including overtime for all employees,"Mining, quarrying, and oil and gas extraction","$1,920.87",  2.6%,  8.8%,146.3
Jun 2022,Quebec,Average weekly earnings including overtime for all employees,"Mining, quarrying, and oil and gas extraction","$1,899.20", -1.1%,  5.5%,144.7
Jul 2022,Quebec,Average weekly earnings including overtime for all employees,"Mining, quarrying, and oil and gas extraction","$1,970.50",  3.8%,  6.9%,150.1
Aug 2022,Quebec,Average weekly earnings including overtime for all employees,"Mining, quarrying, and oil and gas extraction","$1,941.63", -1.5%,  4.0%,147.9
Sep 2022,Quebec,Average weekly earnings including overtime for all employees,"Mining, quarrying, and oil and gas extraction","$1,923.34", -0.9%,  3.7%,146.5
Oct 2022,Quebec,Average weekly earnings including overtime for all employees,"Mining, quarrying, and oil and gas extraction","$2,018.16",  4.9%, 13.7%,153.7
Nov 2022,Quebec,Average weekly earnings including overtime for all employees,"Mining, quarrying, and oil and gas extraction","$1,925.19", -4.6%,  2.1%,146.6
Dec 2022,Quebec,Average weekly earnings including overtime for all employees,"Mining, quarrying, and oil and gas extraction","$2,013.03",  4.6%, 11.1%,153.3
Jan 2023,Quebec,Average weekly earnings including overtime for all employees,"Mining, quarrying, and oil and gas extraction","$1,924.20", -4.4%,  2.1%,146.6
Feb 2023,Quebec,Average weekly earnings including overtime for all employees,"Mining, quarrying, and oil and gas extraction","$1,963.42",  2.0%, 10.6%,149.5
Mar 2023,Quebec,Average weekly earnings including overtime for all employees,"Mining, quarrying, and oil and gas extraction","$2,030.09",  3.4%, 14.8%,154.6
Apr 2023,Quebec,Average weekly earnings including overtime for all employees,"Mining, quarrying, and oil and gas extraction","$2,027.06", -0.1%,  8.2%,154.4
May 2023,Quebec,Average weekly earnings including overtime for all employees,"Mining, quarrying, and oil and gas extraction","$2,167.66",  6.9%, 12.8%,165.1
Jun 2023,Quebec,Average weekly earnings including overtime for all employees,"Mining, quarrying, and oil and gas extraction","$2,064.07", -4.8%,  8.7%,157.2
Jul 2023,Quebec,Average weekly earnings including overtime for all employees,"Mining, quarrying, and oil and gas extraction","$1,967.72", -4.7%, -0.1%,149.9
Aug 2023,Quebec,Average weekly earnings including overtime for all employees,"Mining, quarrying, and oil and gas extraction","$1,975.40",  0.4%,  1.7%,150.5
Sep 2023,Quebec,Average weekly earnings including overtime for all employees,"Mining, quarrying, and oil and gas extraction","$1,976.23",  0.0%,  2.7%,150.5
Oct 2023,Quebec,Average weekly earnings including overtime for all employees,"Mining, quarrying, and oil and gas extraction","$1,993.08",  0.9%, -1.2%,151.8
Nov 2023,Quebec,Average weekly earnings including overtime for all employees,"Mining, quarrying, and oil and gas extraction","$2,051.33",  2.9%,  6.6%,156.2
Dec 2023,Quebec,Average weekly earnings including overtime for all employees,"Mining, quarrying, and oil and gas extraction","$2,043.16", -0.4%,  1.5%,155.6
Jan 2024,Quebec,Average weekly earnings including overtime for all employees,"Mining, quarrying, and oil and gas extraction","$1,952.09", -4.5%,  1.4%,148.7
Feb 2024,Quebec,Average weekly earnings including overtime for all employees,"Mining, quarrying, and oil and gas extraction","$2,058.16",  5.4%,  4.8%,156.8
Mar 2024,Quebec,Average weekly earnings including overtime for all employees,"Mining, quarrying, and oil and gas extraction","$2,058.35",  0.0%,  1.4%,156.8
Apr 2024,Quebec,Average weekly earnings including overtime for all employees,"Mining, quarrying, and oil and gas extraction","$2,069.88",  0.6%,  2.1%,157.7
May 2024,Quebec,Average weekly earnings including overtime for all employees,"Mining, quarrying, and oil and gas extraction","$2,192.15",  5.9%,  1.1%,167.0
Jun 2024,Quebec,Average weekly earnings including overtime for all employees,"Mining, quarrying, and oil and gas extraction","$2,004.31", -8.6%, -2.9%,152.7
Jul 2024,Quebec,Average weekly earnings including overtime for all employees,"Mining, quarrying, and oil and gas extraction","$2,078.81",  3.7%,  5.6%,158.3
Aug 2024,Quebec,Average weekly earnings including overtime for all employees,"Mining, quarrying, and oil and gas extraction","$2,048.50", -1.5%,  3.7%,156.0
Sep 2024,Quebec,Average weekly earnings including overtime for all employees,"Mining, quarrying, and oil and gas extraction","$2,101.87",  2.6%,  6.4%,160.1
Oct 2024,Quebec,Average weekly earnings including overtime for all employees,"Mining, quarrying, and oil and gas extraction","$2,117.95",  0.8%,  6.3%,161.3
Jan 2011,Quebec,Average weekly earnings including overtime for all employees,Wholesale trade,$  948.02,  0.4%,  2.5%,100.0
Feb 2011,Quebec,Average weekly earnings including overtime for all employees,Wholesale trade,$  915.00, -3.5%, -1.8%, 96.5
Mar 2011,Quebec,Average weekly earnings including overtime for all employees,Wholesale trade,$  937.85,  2.5%,  3.8%, 98.9
Apr 2011,Quebec,Average weekly earnings including overtime for all employees,Wholesale trade,$  908.28, -3.2%, -3.2%, 95.8
May 2011,Quebec,Average weekly earnings including overtime for all employees,Wholesale trade,$  933.63,  2.8%,  0.1%, 98.5
Jun 2011,Quebec,Average weekly earnings including overtime for all employees,Wholesale trade,$  922.51, -1.2%, -2.0%, 97.3
Jul 2011,Quebec,Average weekly earnings including overtime for all employees,Wholesale trade,$  949.41,  2.9%,  3.4%,100.1
Aug 2011,Quebec,Average weekly earnings including overtime for all employees,Wholesale trade,$  931.13, -1.9%, -1.4%, 98.2
Sep 2011,Quebec,Average weekly earnings including overtime for all employees,Wholesale trade,$  951.05,  2.1%, -0.3%,100.3
Oct 2011,Quebec,Average weekly earnings including overtime for all employees,Wholesale trade,$  939.57, -1.2%, -0.2%, 99.1
Nov 2011,Quebec,Average weekly earnings including overtime for all employees,Wholesale trade,$  928.83, -1.1%, -2.3%, 98.0
Dec 2011,Quebec,Average weekly earnings including overtime for all employees,Wholesale trade,$  927.39, -0.2%, -1.7%, 97.8
Jan 2012,Quebec,Average weekly earnings including overtime for all employees,Wholesale trade,$  929.46,  0.2%, -2.0%, 98.0
Feb 2012,Quebec,Average weekly earnings including overtime for all employees,Wholesale trade,$  940.84,  1.2%,  2.8%, 99.2
Mar 2012,Quebec,Average weekly earnings including overtime for all employees,Wholesale trade,$  959.97,  2.0%,  2.4%,101.3
Apr 2012,Quebec,Average weekly earnings including overtime for all employees,Wholesale trade,$  965.07,  0.5%,  6.3%,101.8
May 2012,Quebec,Average weekly earnings including overtime for all employees,Wholesale trade,$  943.36, -2.2%,  1.0%, 99.5
Jun 2012,Quebec,Average weekly earnings including overtime for all employees,Wholesale trade,$  936.18, -0.8%,  1.5%, 98.8
Jul 2012,Quebec,Average weekly earnings including overtime for all employees,Wholesale trade,$  888.21, -5.1%, -6.4%, 93.7
Aug 2012,Quebec,Average weekly earnings including overtime for all employees,Wholesale trade,$  952.35,  7.2%,  2.3%,100.5
Sep 2012,Quebec,Average weekly earnings including overtime for all employees,Wholesale trade,$  944.91, -0.8%, -0.6%, 99.7
Oct 2012,Quebec,Average weekly earnings including overtime for all employees,Wholesale trade,$  947.30,  0.3%,  0.8%, 99.9
Nov 2012,Quebec,Average weekly earnings including overtime for all employees,Wholesale trade,$  940.39, -0.7%,  1.2%, 99.2
Dec 2012,Quebec,Average weekly earnings including overtime for all employees,Wholesale trade,$  914.22, -2.8%, -1.4%, 96.4
Jan 2013,Quebec,Average weekly earnings including overtime for all employees,Wholesale trade,$  926.85,  1.4%, -0.3%, 97.8
Feb 2013,Quebec,Average weekly earnings including overtime for all employees,Wholesale trade,$  937.99,  1.2%, -0.3%, 98.9
Mar 2013,Quebec,Average weekly earnings including overtime for all employees,Wholesale trade,$  939.45,  0.2%, -2.1%, 99.1
Apr 2013,Quebec,Average weekly earnings including overtime for all employees,Wholesale trade,$  955.92,  1.8%, -0.9%,100.8
May 2013,Quebec,Average weekly earnings including overtime for all employees,Wholesale trade,$  960.77,  0.5%,  1.8%,101.3
Jun 2013,Quebec,Average weekly earnings including overtime for all employees,Wholesale trade,$  953.82, -0.7%,  1.9%,100.6
Jul 2013,Quebec,Average weekly earnings including overtime for all employees,Wholesale trade,$  941.67, -1.3%,  6.0%, 99.3
Aug 2013,Quebec,Average weekly earnings including overtime for all employees,Wholesale trade,$  970.09,  3.0%,  1.9%,102.3
Sep 2013,Quebec,Average weekly earnings including overtime for all employees,Wholesale trade,$  937.89, -3.3%, -0.7%, 98.9
Oct 2013,Quebec,Average weekly earnings including overtime for all employees,Wholesale trade,$  979.13,  4.4%,  3.4%,103.3
Nov 2013,Quebec,Average weekly earnings including overtime for all employees,Wholesale trade,$  984.75,  0.6%,  4.7%,103.9
Dec 2013,Quebec,Average weekly earnings including overtime for all employees,Wholesale trade,"$1,010.75",  2.6%, 10.6%,106.6
Jan 2014,Quebec,Average weekly earnings including overtime for all employees,Wholesale trade,$  992.58, -1.8%,  7.1%,104.7
Feb 2014,Quebec,Average weekly earnings including overtime for all employees,Wholesale trade,$  983.02, -1.0%,  4.8%,103.7
Mar 2014,Quebec,Average weekly earnings including overtime for all employees,Wholesale trade,$  965.65, -1.8%,  2.8%,101.9
Apr 2014,Quebec,Average weekly earnings including overtime for all employees,Wholesale trade,$  979.80,  1.5%,  2.5%,103.4
May 2014,Quebec,Average weekly earnings including overtime for all employees,Wholesale trade,"$1,004.04",  2.5%,  4.5%,105.9
Jun 2014,Quebec,Average weekly earnings including overtime for all employees,Wholesale trade,"$1,012.61",  0.9%,  6.2%,106.8
Jul 2014,Quebec,Average weekly earnings including overtime for all employees,Wholesale trade,"$1,034.56",  2.2%,  9.9%,109.1
Aug 2014,Quebec,Average weekly earnings including overtime for all employees,Wholesale trade,"$1,011.62", -2.2%,  4.3%,106.7
Sep 2014,Quebec,Average weekly earnings including overtime for all employees,Wholesale trade,"$1,002.44", -0.9%,  6.9%,105.7
Oct 2014,Quebec,Average weekly earnings including overtime for all employees,Wholesale trade,$  985.67, -1.7%,  0.7%,104.0
Nov 2014,Quebec,Average weekly earnings including overtime for all employees,Wholesale trade,"$1,010.27",  2.5%,  2.6%,106.6
Dec 2014,Quebec,Average weekly earnings including overtime for all employees,Wholesale trade,"$1,053.91",  4.3%,  4.3%,111.2
Jan 2015,Quebec,Average weekly earnings including overtime for all employees,Wholesale trade,"$1,035.88", -1.7%,  4.4%,109.3
Feb 2015,Quebec,Average weekly earnings including overtime for all employees,Wholesale trade,"$1,036.75",  0.1%,  5.5%,109.4
Mar 2015,Quebec,Average weekly earnings including overtime for all employees,Wholesale trade,"$1,027.25", -0.9%,  6.4%,108.4
Apr 2015,Quebec,Average weekly earnings including overtime for all employees,Wholesale trade,"$1,025.75", -0.1%,  4.7%,108.2
May 2015,Quebec,Average weekly earnings including overtime for all employees,Wholesale trade,"$1,012.49", -1.3%,  0.8%,106.8
Jun 2015,Quebec,Average weekly earnings including overtime for all employees,Wholesale trade,"$1,029.22",  1.7%,  1.6%,108.6
Jul 2015,Quebec,Average weekly earnings including overtime for all employees,Wholesale trade,"$1,070.82",  4.0%,  3.5%,113.0
Aug 2015,Quebec,Average weekly earnings including overtime for all employees,Wholesale trade,"$1,054.04", -1.6%,  4.2%,111.2
Sep 2015,Quebec,Average weekly earnings including overtime for all employees,Wholesale trade,"$1,073.95",  1.9%,  7.1%,113.3
Oct 2015,Quebec,Average weekly earnings including overtime for all employees,Wholesale trade,"$1,042.39", -2.9%,  5.8%,110.0
Nov 2015,Quebec,Average weekly earnings including overtime for all employees,Wholesale trade,"$1,051.70",  0.9%,  4.1%,110.9
Dec 2015,Quebec,Average weekly earnings including overtime for all employees,Wholesale trade,"$1,009.35", -4.0%, -4.2%,106.5
Jan 2016,Quebec,Average weekly earnings including overtime for all employees,Wholesale trade,"$1,026.59",  1.7%, -0.9%,108.3
Feb 2016,Quebec,Average weekly earnings including overtime for all employees,Wholesale trade,"$1,048.40",  2.1%,  1.1%,110.6
Mar 2016,Quebec,Average weekly earnings including overtime for all employees,Wholesale trade,"$1,020.94", -2.6%, -0.6%,107.7
Apr 2016,Quebec,Average weekly earnings including overtime for all employees,Wholesale trade,"$1,012.88", -0.8%, -1.3%,106.8
May 2016,Quebec,Average weekly earnings including overtime for all employees,Wholesale trade,"$1,032.32",  1.9%,  2.0%,108.9
Jun 2016,Quebec,Average weekly earnings including overtime for all employees,Wholesale trade,"$1,029.61", -0.3%,  0.0%,108.6
Jul 2016,Quebec,Average weekly earnings including overtime for all employees,Wholesale trade,"$1,011.52", -1.8%, -5.5%,106.7
Aug 2016,Quebec,Average weekly earnings including overtime for all employees,Wholesale trade,"$1,023.79",  1.2%, -2.9%,108.0
Sep 2016,Quebec,Average weekly earnings including overtime for all employees,Wholesale trade,"$1,048.30",  2.4%, -2.4%,110.6
Oct 2016,Quebec,Average weekly earnings including overtime for all employees,Wholesale trade,"$1,052.16",  0.4%,  0.9%,111.0
Nov 2016,Quebec,Average weekly earnings including overtime for all employees,Wholesale trade,"$1,028.48", -2.3%, -2.2%,108.5
Dec 2016,Quebec,Average weekly earnings including overtime for all employees,Wholesale trade,"$1,034.16",  0.6%,  2.5%,109.1
Jan 2017,Quebec,Average weekly earnings including overtime for all employees,Wholesale trade,"$1,037.55",  0.3%,  1.1%,109.4
Feb 2017,Quebec,Average weekly earnings including overtime for all employees,Wholesale trade,"$1,046.96",  0.9%, -0.1%,110.4
Mar 2017,Quebec,Average weekly earnings including overtime for all employees,Wholesale trade,"$1,081.40",  3.3%,  5.9%,114.1
Apr 2017,Quebec,Average weekly earnings including overtime for all employees,Wholesale trade,"$1,069.97", -1.1%,  5.6%,112.9
May 2017,Quebec,Average weekly earnings including overtime for all employees,Wholesale trade,"$1,073.26",  0.3%,  4.0%,113.2
Jun 2017,Quebec,Average weekly earnings including overtime for all employees,Wholesale trade,"$1,066.94", -0.6%,  3.6%,112.5
Jul 2017,Quebec,Average weekly earnings including overtime for all employees,Wholesale trade,"$1,066.89",  0.0%,  5.5%,112.5
Aug 2017,Quebec,Average weekly earnings including overtime for all employees,Wholesale trade,"$1,053.21", -1.3%,  2.9%,111.1
Sep 2017,Quebec,Average weekly earnings including overtime for all employees,Wholesale trade,"$1,061.72",  0.8%,  1.3%,112.0
Oct 2017,Quebec,Average weekly earnings including overtime for all employees,Wholesale trade,"$1,102.33",  3.8%,  4.8%,116.3
Nov 2017,Quebec,Average weekly earnings including overtime for all employees,Wholesale trade,"$1,104.62",  0.2%,  7.4%,116.5
Dec 2017,Quebec,Average weekly earnings including overtime for all employees,Wholesale trade,"$1,098.88", -0.5%,  6.3%,115.9
Jan 2018,Quebec,Average weekly earnings including overtime for all employees,Wholesale trade,"$1,120.19",  1.9%,  8.0%,118.2
Feb 2018,Quebec,Average weekly earnings including overtime for all employees,Wholesale trade,"$1,106.63", -1.2%,  5.7%,116.7
Mar 2018,Quebec,Average weekly earnings including overtime for all employees,Wholesale trade,"$1,127.89",  1.9%,  4.3%,119.0
Apr 2018,Quebec,Average weekly earnings including overtime for all employees,Wholesale trade,"$1,151.03",  2.1%,  7.6%,121.4
May 2018,Quebec,Average weekly earnings including overtime for all employees,Wholesale trade,"$1,110.97", -3.5%,  3.5%,117.2
Jun 2018,Quebec,Average weekly earnings including overtime for all employees,Wholesale trade,"$1,096.62", -1.3%,  2.8%,115.7
Jul 2018,Quebec,Average weekly earnings including overtime for all employees,Wholesale trade,"$1,099.98",  0.3%,  3.1%,116.0
Aug 2018,Quebec,Average weekly earnings including overtime for all employees,Wholesale trade,"$1,177.28",  7.0%, 11.8%,124.2
Sep 2018,Quebec,Average weekly earnings including overtime for all employees,Wholesale trade,"$1,130.79", -3.9%,  6.5%,119.3
Oct 2018,Quebec,Average weekly earnings including overtime for all employees,Wholesale trade,"$1,120.87", -0.9%,  1.7%,118.2
Nov 2018,Quebec,Average weekly earnings including overtime for all employees,Wholesale trade,"$1,116.56", -0.4%,  1.1%,117.8
Dec 2018,Quebec,Average weekly earnings including overtime for all employees,Wholesale trade,"$1,175.31",  5.3%,  7.0%,124.0
Jan 2019,Quebec,Average weekly earnings including overtime for all employees,Wholesale trade,"$1,146.84", -2.4%,  2.4%,121.0
Feb 2019,Quebec,Average weekly earnings including overtime for all employees,Wholesale trade,"$1,136.62", -0.9%,  2.7%,119.9
Mar 2019,Quebec,Average weekly earnings including overtime for all employees,Wholesale trade,"$1,139.77",  0.3%,  1.1%,120.2
Apr 2019,Quebec,Average weekly earnings including overtime for all employees,Wholesale trade,"$1,123.04", -1.5%, -2.4%,118.5
May 2019,Quebec,Average weekly earnings including overtime for all employees,Wholesale trade,"$1,122.70",  0.0%,  1.1%,118.4
Jun 2019,Quebec,Average weekly earnings including overtime for all employees,Wholesale trade,"$1,150.39",  2.5%,  4.9%,121.3
Jul 2019,Quebec,Average weekly earnings including overtime for all employees,Wholesale trade,"$1,135.90", -1.3%,  3.3%,119.8
Aug 2019,Quebec,Average weekly earnings including overtime for all employees,Wholesale trade,"$1,104.06", -2.8%, -6.2%,116.5
Sep 2019,Quebec,Average weekly earnings including overtime for all employees,Wholesale trade,"$1,117.38",  1.2%, -1.2%,117.9
Oct 2019,Quebec,Average weekly earnings including overtime for all employees,Wholesale trade,"$1,116.56", -0.1%, -0.4%,117.8
Nov 2019,Quebec,Average weekly earnings including overtime for all employees,Wholesale trade,"$1,158.71",  3.8%,  3.8%,122.2
Dec 2019,Quebec,Average weekly earnings including overtime for all employees,Wholesale trade,"$1,138.67", -1.7%, -3.1%,120.1
Jan 2020,Quebec,Average weekly earnings including overtime for all employees,Wholesale trade,"$1,127.02", -1.0%, -1.7%,118.9
Feb 2020,Quebec,Average weekly earnings including overtime for all employees,Wholesale trade,"$1,150.81",  2.1%,  1.2%,121.4
Mar 2020,Quebec,Average weekly earnings including overtime for all employees,Wholesale trade,"$1,157.63",  0.6%,  1.6%,122.1
Apr 2020,Quebec,Average weekly earnings including overtime for all employees,Wholesale trade,"$1,213.86",  4.9%,  8.1%,128.0
May 2020,Quebec,Average weekly earnings including overtime for all employees,Wholesale trade,"$1,166.94", -3.9%,  3.9%,123.1
Jun 2020,Quebec,Average weekly earnings including overtime for all employees,Wholesale trade,"$1,165.84", -0.1%,  1.3%,123.0
Jul 2020,Quebec,Average weekly earnings including overtime for all employees,Wholesale trade,"$1,251.67",  7.4%, 10.2%,132.0
Aug 2020,Quebec,Average weekly earnings including overtime for all employees,Wholesale trade,"$1,258.45",  0.5%, 14.0%,132.7
Sep 2020,Quebec,Average weekly earnings including overtime for all employees,Wholesale trade,"$1,257.23", -0.1%, 12.5%,132.6
Oct 2020,Quebec,Average weekly earnings including overtime for all employees,Wholesale trade,"$1,243.21", -1.1%, 11.3%,131.1
Nov 2020,Quebec,Average weekly earnings including overtime for all employees,Wholesale trade,"$1,225.55", -1.4%,  5.8%,129.3
Dec 2020,Quebec,Average weekly earnings including overtime for all employees,Wholesale trade,"$1,224.57", -0.1%,  7.5%,129.2
Jan 2021,Quebec,Average weekly earnings including overtime for all employees,Wholesale trade,"$1,246.21",  1.8%, 10.6%,131.5
Feb 2021,Quebec,Average weekly earnings including overtime for all employees,Wholesale trade,"$1,246.81",  0.0%,  8.3%,131.5
Mar 2021,Quebec,Average weekly earnings including overtime for all employees,Wholesale trade,"$1,224.12", -1.8%,  5.7%,129.1
Apr 2021,Quebec,Average weekly earnings including overtime for all employees,Wholesale trade,"$1,227.69",  0.3%,  1.1%,129.5
May 2021,Quebec,Average weekly earnings including overtime for all employees,Wholesale trade,"$1,268.21",  3.3%,  8.7%,133.8
Jun 2021,Quebec,Average weekly earnings including overtime for all employees,Wholesale trade,"$1,271.06",  0.2%,  9.0%,134.1
Jul 2021,Quebec,Average weekly earnings including overtime for all employees,Wholesale trade,"$1,230.85", -3.2%, -1.7%,129.8
Aug 2021,Quebec,Average weekly earnings including overtime for all employees,Wholesale trade,"$1,272.48",  3.4%,  1.1%,134.2
Sep 2021,Quebec,Average weekly earnings including overtime for all employees,Wholesale trade,"$1,243.00", -2.3%, -1.1%,131.1
Oct 2021,Quebec,Average weekly earnings including overtime for all employees,Wholesale trade,"$1,259.36",  1.3%,  1.3%,132.8
Nov 2021,Quebec,Average weekly earnings including overtime for all employees,Wholesale trade,"$1,260.75",  0.1%,  2.9%,133.0
Dec 2021,Quebec,Average weekly earnings including overtime for all employees,Wholesale trade,"$1,246.23", -1.2%,  1.8%,131.5
Jan 2022,Quebec,Average weekly earnings including overtime for all employees,Wholesale trade,"$1,262.06",  1.3%,  1.3%,133.1
Feb 2022,Quebec,Average weekly earnings including overtime for all employees,Wholesale trade,"$1,261.81",  0.0%,  1.2%,133.1
Mar 2022,Quebec,Average weekly earnings including overtime for all employees,Wholesale trade,"$1,272.38",  0.8%,  3.9%,134.2
Apr 2022,Quebec,Average weekly earnings including overtime for all employees,Wholesale trade,"$1,302.26",  2.3%,  6.1%,137.4
May 2022,Quebec,Average weekly earnings including overtime for all employees,Wholesale trade,"$1,281.40", -1.6%,  1.0%,135.2
Jun 2022,Quebec,Average weekly earnings including overtime for all employees,Wholesale trade,"$1,279.51", -0.1%,  0.7%,135.0
Jul 2022,Quebec,Average weekly earnings including overtime for all employees,Wholesale trade,"$1,295.79",  1.3%,  5.3%,136.7
Aug 2022,Quebec,Average weekly earnings including overtime for all employees,Wholesale trade,"$1,287.14", -0.7%,  1.2%,135.8
Sep 2022,Quebec,Average weekly earnings including overtime for all employees,Wholesale trade,"$1,289.66",  0.2%,  3.8%,136.0
Oct 2022,Quebec,Average weekly earnings including overtime for all employees,Wholesale trade,"$1,293.29",  0.3%,  2.7%,136.4
Nov 2022,Quebec,Average weekly earnings including overtime for all employees,Wholesale trade,"$1,295.33",  0.2%,  2.7%,136.6
Dec 2022,Quebec,Average weekly earnings including overtime for all employees,Wholesale trade,"$1,292.06", -0.3%,  3.7%,136.3
Jan 2023,Quebec,Average weekly earnings including overtime for all employees,Wholesale trade,"$1,299.93",  0.6%,  3.0%,137.1
Feb 2023,Quebec,Average weekly earnings including overtime for all employees,Wholesale trade,"$1,305.39",  0.4%,  3.5%,137.7
Mar 2023,Quebec,Average weekly earnings including overtime for all employees,Wholesale trade,"$1,308.33",  0.2%,  2.8%,138.0
Apr 2023,Quebec,Average weekly earnings including overtime for all employees,Wholesale trade,"$1,308.28",  0.0%,  0.5%,138.0
May 2023,Quebec,Average weekly earnings including overtime for all employees,Wholesale trade,"$1,304.04", -0.3%,  1.8%,137.6
Jun 2023,Quebec,Average weekly earnings including overtime for all employees,Wholesale trade,"$1,300.05", -0.3%,  1.6%,137.1
Jul 2023,Quebec,Average weekly earnings including overtime for all employees,Wholesale trade,"$1,334.27",  2.6%,  3.0%,140.7
Aug 2023,Quebec,Average weekly earnings including overtime for all employees,Wholesale trade,"$1,319.65", -1.1%,  2.5%,139.2
Sep 2023,Quebec,Average weekly earnings including overtime for all employees,Wholesale trade,"$1,352.67",  2.5%,  4.9%,142.7
Oct 2023,Quebec,Average weekly earnings including overtime for all employees,Wholesale trade,"$1,356.45",  0.3%,  4.9%,143.1
Nov 2023,Quebec,Average weekly earnings including overtime for all employees,Wholesale trade,"$1,357.26",  0.1%,  4.8%,143.2
Dec 2023,Quebec,Average weekly earnings including overtime for all employees,Wholesale trade,"$1,374.45",  1.3%,  6.4%,145.0
Jan 2024,Quebec,Average weekly earnings including overtime for all employees,Wholesale trade,"$1,398.29",  1.7%,  7.6%,147.5
Feb 2024,Quebec,Average weekly earnings including overtime for all employees,Wholesale trade,"$1,373.93", -1.7%,  5.3%,144.9
Mar 2024,Quebec,Average weekly earnings including overtime for all employees,Wholesale trade,"$1,404.91",  2.3%,  7.4%,148.2
Apr 2024,Quebec,Average weekly earnings including overtime for all employees,Wholesale trade,"$1,402.91", -0.1%,  7.2%,148.0
May 2024,Quebec,Average weekly earnings including overtime for all employees,Wholesale trade,"$1,392.70", -0.7%,  6.8%,146.9
Jun 2024,Quebec,Average weekly earnings including overtime for all employees,Wholesale trade,"$1,400.64",  0.6%,  7.7%,147.7
Jul 2024,Quebec,Average weekly earnings including overtime for all employees,Wholesale trade,"$1,394.66", -0.4%,  4.5%,147.1
Aug 2024,Quebec,Average weekly earnings including overtime for all employees,Wholesale trade,"$1,434.39",  2.8%,  8.7%,151.3
Sep 2024,Quebec,Average weekly earnings including overtime for all employees,Wholesale trade,"$1,451.37",  1.2%,  7.3%,153.1
Oct 2024,Quebec,Average weekly earnings including overtime for all employees,Wholesale trade,"$1,472.28",  1.4%,  8.5%,155.3
Jan 2011,Quebec,Average weekly earnings including overtime for all employees,Utilities,"$1,633.25",  0.0%, 21.7%,100.0
Feb 2011,Quebec,Average weekly earnings including overtime for all employees,Utilities,"$1,577.21", -3.4%, 13.9%, 96.6
Mar 2011,Quebec,Average weekly earnings including overtime for all employees,Utilities,"$1,516.74", -3.8%, 12.4%, 92.9
Apr 2011,Quebec,Average weekly earnings including overtime for all employees,Utilities,"$1,677.26", 10.6%, 18.7%,102.7
May 2011,Quebec,Average weekly earnings including overtime for all employees,Utilities,"$1,716.83",  2.4%, 11.6%,105.1
Jun 2011,Quebec,Average weekly earnings including overtime for all employees,Utilities,"$1,511.47",-12.0%,  2.3%, 92.5
Jul 2011,Quebec,Average weekly earnings including overtime for all employees,Utilities,"$1,564.49",  3.5%,  7.9%, 95.8
Aug 2011,Quebec,Average weekly earnings including overtime for all employees,Utilities,"$1,623.01",  3.7%, 12.3%, 99.4
Sep 2011,Quebec,Average weekly earnings including overtime for all employees,Utilities,"$1,601.95", -1.3%,  4.8%, 98.1
Oct 2011,Quebec,Average weekly earnings including overtime for all employees,Utilities,"$1,641.51",  2.5%, 12.4%,100.5
Nov 2011,Quebec,Average weekly earnings including overtime for all employees,Utilities,"$1,635.50", -0.4%,  8.2%,100.1
Dec 2011,Quebec,Average weekly earnings including overtime for all employees,Utilities,"$1,587.51", -2.9%, -2.8%, 97.2
Jan 2012,Quebec,Average weekly earnings including overtime for all employees,Utilities,"$1,609.62",  1.4%, -1.4%, 98.6
Feb 2012,Quebec,Average weekly earnings including overtime for all employees,Utilities,"$1,609.79",  0.0%,  2.1%, 98.6
Mar 2012,Quebec,Average weekly earnings including overtime for all employees,Utilities,"$1,582.54", -1.7%,  4.3%, 96.9
Apr 2012,Quebec,Average weekly earnings including overtime for all employees,Utilities,"$1,579.38", -0.2%, -5.8%, 96.7
May 2012,Quebec,Average weekly earnings including overtime for all employees,Utilities,"$1,707.58",  8.1%, -0.5%,104.6
Jun 2012,Quebec,Average weekly earnings including overtime for all employees,Utilities,"$1,508.18",-11.7%, -0.2%, 92.3
Jul 2012,Quebec,Average weekly earnings including overtime for all employees,Utilities,"$1,593.58",  5.7%,  1.9%, 97.6
Aug 2012,Quebec,Average weekly earnings including overtime for all employees,Utilities,"$1,479.34", -7.2%, -8.9%, 90.6
Sep 2012,Quebec,Average weekly earnings including overtime for all employees,Utilities,"$1,705.32", 15.3%,  6.5%,104.4
Oct 2012,Quebec,Average weekly earnings including overtime for all employees,Utilities,"$1,508.45",-11.5%, -8.1%, 92.4
Nov 2012,Quebec,Average weekly earnings including overtime for all employees,Utilities,"$1,443.64", -4.3%,-11.7%, 88.4
Dec 2012,Quebec,Average weekly earnings including overtime for all employees,Utilities,"$1,475.71",  2.2%, -7.0%, 90.4
Jan 2013,Quebec,Average weekly earnings including overtime for all employees,Utilities,"$1,492.62",  1.1%, -7.3%, 91.4
Feb 2013,Quebec,Average weekly earnings including overtime for all employees,Utilities,"$1,501.64",  0.6%, -6.7%, 91.9
Mar 2013,Quebec,Average weekly earnings including overtime for all employees,Utilities,"$1,460.91", -2.7%, -7.7%, 89.4
Apr 2013,Quebec,Average weekly earnings including overtime for all employees,Utilities,"$1,478.09",  1.2%, -6.4%, 90.5
May 2013,Quebec,Average weekly earnings including overtime for all employees,Utilities,"$1,473.49", -0.3%,-13.7%, 90.2
Jun 2013,Quebec,Average weekly earnings including overtime for all employees,Utilities,"$1,540.47",  4.5%,  2.1%, 94.3
Jul 2013,Quebec,Average weekly earnings including overtime for all employees,Utilities,"$1,492.43", -3.1%, -6.3%, 91.4
Aug 2013,Quebec,Average weekly earnings including overtime for all employees,Utilities,"$1,344.87", -9.9%, -9.1%, 82.3
Sep 2013,Quebec,Average weekly earnings including overtime for all employees,Utilities,"$1,464.10",  8.9%,-14.1%, 89.6
Oct 2013,Quebec,Average weekly earnings including overtime for all employees,Utilities,"$1,484.20",  1.4%, -1.6%, 90.9
Nov 2013,Quebec,Average weekly earnings including overtime for all employees,Utilities,"$1,550.78",  4.5%,  7.4%, 95.0
Dec 2013,Quebec,Average weekly earnings including overtime for all employees,Utilities,"$1,596.98",  3.0%,  8.2%, 97.8
Jan 2014,Quebec,Average weekly earnings including overtime for all employees,Utilities,"$1,518.48", -4.9%,  1.7%, 93.0
Feb 2014,Quebec,Average weekly earnings including overtime for all employees,Utilities,"$1,590.04",  4.7%,  5.9%, 97.4
Mar 2014,Quebec,Average weekly earnings including overtime for all employees,Utilities,"$1,545.56", -2.8%,  5.8%, 94.6
Apr 2014,Quebec,Average weekly earnings including overtime for all employees,Utilities,"$1,590.56",  2.9%,  7.6%, 97.4
May 2014,Quebec,Average weekly earnings including overtime for all employees,Utilities,"$1,541.28", -3.1%,  4.6%, 94.4
Jun 2014,Quebec,Average weekly earnings including overtime for all employees,Utilities,"$1,563.28",  1.4%,  1.5%, 95.7
Jul 2014,Quebec,Average weekly earnings including overtime for all employees,Utilities,"$1,482.35", -5.2%, -0.7%, 90.8
Aug 2014,Quebec,Average weekly earnings including overtime for all employees,Utilities,"$1,530.71",  3.3%, 13.8%, 93.7
Sep 2014,Quebec,Average weekly earnings including overtime for all employees,Utilities,"$1,542.48",  0.8%,  5.4%, 94.4
Oct 2014,Quebec,Average weekly earnings including overtime for all employees,Utilities,"$1,591.20",  3.2%,  7.2%, 97.4
Nov 2014,Quebec,Average weekly earnings including overtime for all employees,Utilities,"$1,519.85", -4.5%, -2.0%, 93.1
Dec 2014,Quebec,Average weekly earnings including overtime for all employees,Utilities,"$1,504.83", -1.0%, -5.8%, 92.1
Jan 2015,Quebec,Average weekly earnings including overtime for all employees,Utilities,"$1,473.28", -2.1%, -3.0%, 90.2
Feb 2015,Quebec,Average weekly earnings including overtime for all employees,Utilities,"$1,647.10", 11.8%,  3.6%,100.8
Mar 2015,Quebec,Average weekly earnings including overtime for all employees,Utilities,"$1,574.31", -4.4%,  1.9%, 96.4
Apr 2015,Quebec,Average weekly earnings including overtime for all employees,Utilities,"$1,549.61", -1.6%, -2.6%, 94.9
May 2015,Quebec,Average weekly earnings including overtime for all employees,Utilities,"$1,712.86", 10.5%, 11.1%,104.9
Jun 2015,Quebec,Average weekly earnings including overtime for all employees,Utilities,"$1,625.81", -5.1%,  4.0%, 99.5
Jul 2015,Quebec,Average weekly earnings including overtime for all employees,Utilities,"$1,500.24", -7.7%,  1.2%, 91.9
Aug 2015,Quebec,Average weekly earnings including overtime for all employees,Utilities,"$1,528.30",  1.9%, -0.2%, 93.6
Sep 2015,Quebec,Average weekly earnings including overtime for all employees,Utilities,"$1,547.05",  1.2%,  0.3%, 94.7
Oct 2015,Quebec,Average weekly earnings including overtime for all employees,Utilities,"$1,586.42",  2.5%, -0.3%, 97.1
Nov 2015,Quebec,Average weekly earnings including overtime for all employees,Utilities,"$1,586.15",  0.0%,  4.4%, 97.1
Dec 2015,Quebec,Average weekly earnings including overtime for all employees,Utilities,"$1,578.14", -0.5%,  4.9%, 96.6
Jan 2016,Quebec,Average weekly earnings including overtime for all employees,Utilities,"$1,555.13", -1.5%,  5.6%, 95.2
Feb 2016,Quebec,Average weekly earnings including overtime for all employees,Utilities,"$1,498.05", -3.7%, -9.0%, 91.7
Mar 2016,Quebec,Average weekly earnings including overtime for all employees,Utilities,"$1,554.75",  3.8%, -1.2%, 95.2
Apr 2016,Quebec,Average weekly earnings including overtime for all employees,Utilities,"$1,487.51", -4.3%, -4.0%, 91.1
May 2016,Quebec,Average weekly earnings including overtime for all employees,Utilities,"$1,511.78",  1.6%,-11.7%, 92.6
Jun 2016,Quebec,Average weekly earnings including overtime for all employees,Utilities,"$1,402.17", -7.3%,-13.8%, 85.9
Jul 2016,Quebec,Average weekly earnings including overtime for all employees,Utilities,"$1,523.13",  8.6%,  1.5%, 93.3
Aug 2016,Quebec,Average weekly earnings including overtime for all employees,Utilities,"$1,622.92",  6.6%,  6.2%, 99.4
Sep 2016,Quebec,Average weekly earnings including overtime for all employees,Utilities,"$1,540.00", -5.1%, -0.5%, 94.3
Oct 2016,Quebec,Average weekly earnings including overtime for all employees,Utilities,"$1,564.27",  1.6%, -1.4%, 95.8
Nov 2016,Quebec,Average weekly earnings including overtime for all employees,Utilities,"$1,618.85",  3.5%,  2.1%, 99.1
Dec 2016,Quebec,Average weekly earnings including overtime for all employees,Utilities,"$1,502.78", -7.2%, -4.8%, 92.0
Jan 2017,Quebec,Average weekly earnings including overtime for all employees,Utilities,"$1,606.82",  6.9%,  3.3%, 98.4
Feb 2017,Quebec,Average weekly earnings including overtime for all employees,Utilities,"$1,615.80",  0.6%,  7.9%, 98.9
Mar 2017,Quebec,Average weekly earnings including overtime for all employees,Utilities,"$1,517.74", -6.1%, -2.4%, 92.9
Apr 2017,Quebec,Average weekly earnings including overtime for all employees,Utilities,"$1,545.39",  1.8%,  3.9%, 94.6
May 2017,Quebec,Average weekly earnings including overtime for all employees,Utilities,"$1,608.09",  4.1%,  6.4%, 98.5
Jun 2017,Quebec,Average weekly earnings including overtime for all employees,Utilities,"$1,667.66",  3.7%, 18.9%,102.1
Jul 2017,Quebec,Average weekly earnings including overtime for all employees,Utilities,"$1,659.43", -0.5%,  8.9%,101.6
Aug 2017,Quebec,Average weekly earnings including overtime for all employees,Utilities,"$1,781.45",  7.4%,  9.8%,109.1
Sep 2017,Quebec,Average weekly earnings including overtime for all employees,Utilities,"$1,969.55", 10.6%, 27.9%,120.6
Oct 2017,Quebec,Average weekly earnings including overtime for all employees,Utilities,"$1,863.02", -5.4%, 19.1%,114.1
Nov 2017,Quebec,Average weekly earnings including overtime for all employees,Utilities,"$1,889.93",  1.4%, 16.7%,115.7
Dec 2017,Quebec,Average weekly earnings including overtime for all employees,Utilities,"$1,876.86", -0.7%, 24.9%,114.9
Jan 2018,Quebec,Average weekly earnings including overtime for all employees,Utilities,"$1,904.45",  1.5%, 18.5%,116.6
Feb 2018,Quebec,Average weekly earnings including overtime for all employees,Utilities,"$2,022.89",  6.2%, 25.2%,123.9
Mar 2018,Quebec,Average weekly earnings including overtime for all employees,Utilities,"$1,896.08", -6.3%, 24.9%,116.1
Apr 2018,Quebec,Average weekly earnings including overtime for all employees,Utilities,"$1,789.03", -5.6%, 15.8%,109.5
May 2018,Quebec,Average weekly earnings including overtime for all employees,Utilities,..,..,..,..
Jun 2018,Quebec,Average weekly earnings including overtime for all employees,Utilities,"$1,717.07",..,  3.0%,105.1
Jul 2018,Quebec,Average weekly earnings including overtime for all employees,Utilities,"$1,646.71", -4.1%, -0.8%,100.8
Aug 2018,Quebec,Average weekly earnings including overtime for all employees,Utilities,"$1,493.56", -9.3%,-16.2%, 91.4
Sep 2018,Quebec,Average weekly earnings including overtime for all employees,Utilities,"$1,580.31",  5.8%,-19.8%, 96.8
Oct 2018,Quebec,Average weekly earnings including overtime for all employees,Utilities,"$1,441.74", -8.8%,-22.6%, 88.3
Nov 2018,Quebec,Average weekly earnings including overtime for all employees,Utilities,"$1,520.69",  5.5%,-19.5%, 93.1
Dec 2018,Quebec,Average weekly earnings including overtime for all employees,Utilities,"$1,542.01",  1.4%,-17.8%, 94.4
Jan 2019,Quebec,Average weekly earnings including overtime for all employees,Utilities,"$1,547.92",  0.4%,-18.7%, 94.8
Feb 2019,Quebec,Average weekly earnings including overtime for all employees,Utilities,"$1,593.06",  2.9%,-21.2%, 97.5
Mar 2019,Quebec,Average weekly earnings including overtime for all employees,Utilities,"$1,574.00", -1.2%,-17.0%, 96.4
Apr 2019,Quebec,Average weekly earnings including overtime for all employees,Utilities,"$1,623.28",  3.1%, -9.3%, 99.4
May 2019,Quebec,Average weekly earnings including overtime for all employees,Utilities,"$1,471.12", -9.4%,.., 90.1
Jun 2019,Quebec,Average weekly earnings including overtime for all employees,Utilities,"$1,620.29", 10.1%, -5.6%, 99.2
Jul 2019,Quebec,Average weekly earnings including overtime for all employees,Utilities,"$1,578.16", -2.6%, -4.2%, 96.6
Aug 2019,Quebec,Average weekly earnings including overtime for all employees,Utilities,"$1,530.43", -3.0%,  2.5%, 93.7
Sep 2019,Quebec,Average weekly earnings including overtime for all employees,Utilities,"$1,489.61", -2.7%, -5.7%, 91.2
Oct 2019,Quebec,Average weekly earnings including overtime for all employees,Utilities,"$1,626.09",  9.2%, 12.8%, 99.6
Nov 2019,Quebec,Average weekly earnings including overtime for all employees,Utilities,"$1,506.62", -7.3%, -0.9%, 92.2
Dec 2019,Quebec,Average weekly earnings including overtime for all employees,Utilities,"$1,533.13",  1.8%, -0.6%, 93.9
Jan 2020,Quebec,Average weekly earnings including overtime for all employees,Utilities,"$1,588.20",  3.6%,  2.6%, 97.2
Feb 2020,Quebec,Average weekly earnings including overtime for all employees,Utilities,"$1,734.09",  9.2%,  8.9%,106.2
Mar 2020,Quebec,Average weekly earnings including overtime for all employees,Utilities,"$1,721.16", -0.7%,  9.3%,105.4
Apr 2020,Quebec,Average weekly earnings including overtime for all employees,Utilities,"$1,734.09",  0.8%,  6.8%,106.2
May 2020,Quebec,Average weekly earnings including overtime for all employees,Utilities,"$1,771.52",  2.2%, 20.4%,108.5
Jun 2020,Quebec,Average weekly earnings including overtime for all employees,Utilities,"$1,686.82", -4.8%,  4.1%,103.3
Jul 2020,Quebec,Average weekly earnings including overtime for all employees,Utilities,"$1,621.96", -3.8%,  2.8%, 99.3
Aug 2020,Quebec,Average weekly earnings including overtime for all employees,Utilities,"$1,659.75",  2.3%,  8.4%,101.6
Sep 2020,Quebec,Average weekly earnings including overtime for all employees,Utilities,"$1,705.70",  2.8%, 14.5%,104.4
Oct 2020,Quebec,Average weekly earnings including overtime for all employees,Utilities,"$1,685.50", -1.2%,  3.7%,103.2
Nov 2020,Quebec,Average weekly earnings including overtime for all employees,Utilities,"$1,786.88",  6.0%, 18.6%,109.4
Dec 2020,Quebec,Average weekly earnings including overtime for all employees,Utilities,"$1,639.94", -8.2%,  7.0%,100.4
Jan 2021,Quebec,Average weekly earnings including overtime for all employees,Utilities,"$1,718.64",  4.8%,  8.2%,105.2
Feb 2021,Quebec,Average weekly earnings including overtime for all employees,Utilities,"$1,746.79",  1.6%,  0.7%,107.0
Mar 2021,Quebec,Average weekly earnings including overtime for all employees,Utilities,"$1,732.04", -0.8%,  0.6%,106.0
Apr 2021,Quebec,Average weekly earnings including overtime for all employees,Utilities,"$1,815.95",  4.8%,  4.7%,111.2
May 2021,Quebec,Average weekly earnings including overtime for all employees,Utilities,"$1,876.43",  3.3%,  5.9%,114.9
Jun 2021,Quebec,Average weekly earnings including overtime for all employees,Utilities,"$1,907.17",  1.6%, 13.1%,116.8
Jul 2021,Quebec,Average weekly earnings including overtime for all employees,Utilities,"$1,739.28", -8.8%,  7.2%,106.5
Aug 2021,Quebec,Average weekly earnings including overtime for all employees,Utilities,"$1,779.12",  2.3%,  7.2%,108.9
Sep 2021,Quebec,Average weekly earnings including overtime for all employees,Utilities,"$1,774.34", -0.3%,  4.0%,108.6
Oct 2021,Quebec,Average weekly earnings including overtime for all employees,Utilities,"$1,852.44",  4.4%,  9.9%,113.4
Nov 2021,Quebec,Average weekly earnings including overtime for all employees,Utilities,"$1,896.39",  2.4%,  6.1%,116.1
Dec 2021,Quebec,Average weekly earnings including overtime for all employees,Utilities,"$1,815.86", -4.2%, 10.7%,111.2
Jan 2022,Quebec,Average weekly earnings including overtime for all employees,Utilities,"$1,831.72",  0.9%,  6.6%,112.2
Feb 2022,Quebec,Average weekly earnings including overtime for all employees,Utilities,"$1,880.01",  2.6%,  7.6%,115.1
Mar 2022,Quebec,Average weekly earnings including overtime for all employees,Utilities,"$1,850.43", -1.6%,  6.8%,113.3
Apr 2022,Quebec,Average weekly earnings including overtime for all employees,Utilities,"$1,890.95",  2.2%,  4.1%,115.8
May 2022,Quebec,Average weekly earnings including overtime for all employees,Utilities,"$1,938.78",  2.5%,  3.3%,118.7
Jun 2022,Quebec,Average weekly earnings including overtime for all employees,Utilities,"$1,954.22",  0.8%,  2.5%,119.7
Jul 2022,Quebec,Average weekly earnings including overtime for all employees,Utilities,"$1,962.32",  0.4%, 12.8%,120.1
Aug 2022,Quebec,Average weekly earnings including overtime for all employees,Utilities,"$1,814.41", -7.5%,  2.0%,111.1
Sep 2022,Quebec,Average weekly earnings including overtime for all employees,Utilities,"$1,882.38",  3.7%,  6.1%,115.3
Oct 2022,Quebec,Average weekly earnings including overtime for all employees,Utilities,"$1,955.76",  3.9%,  5.6%,119.7
Nov 2022,Quebec,Average weekly earnings including overtime for all employees,Utilities,"$1,936.84", -1.0%,  2.1%,118.6
Dec 2022,Quebec,Average weekly earnings including overtime for all employees,Utilities,"$2,000.84",  3.3%, 10.2%,122.5
Jan 2023,Quebec,Average weekly earnings including overtime for all employees,Utilities,"$2,012.16",  0.6%,  9.9%,123.2
Feb 2023,Quebec,Average weekly earnings including overtime for all employees,Utilities,"$2,007.75", -0.2%,  6.8%,122.9
Mar 2023,Quebec,Average weekly earnings including overtime for all employees,Utilities,"$1,903.58", -5.2%,  2.9%,116.6
Apr 2023,Quebec,Average weekly earnings including overtime for all employees,Utilities,"$1,956.82",  2.8%,  3.5%,119.8
May 2023,Quebec,Average weekly earnings including overtime for all employees,Utilities,"$2,029.82",  3.7%,  4.7%,124.3
Jun 2023,Quebec,Average weekly earnings including overtime for all employees,Utilities,"$2,086.13",  2.8%,  6.8%,127.7
Jul 2023,Quebec,Average weekly earnings including overtime for all employees,Utilities,"$2,021.71", -3.1%,  3.0%,123.8
Aug 2023,Quebec,Average weekly earnings including overtime for all employees,Utilities,"$1,914.01", -5.3%,  5.5%,117.2
Sep 2023,Quebec,Average weekly earnings including overtime for all employees,Utilities,"$1,974.26",  3.1%,  4.9%,120.9
Oct 2023,Quebec,Average weekly earnings including overtime for all employees,Utilities,"$1,889.19", -4.3%, -3.4%,115.7
Nov 2023,Quebec,Average weekly earnings including overtime for all employees,Utilities,"$1,930.06",  2.2%, -0.4%,118.2
Dec 2023,Quebec,Average weekly earnings including overtime for all employees,Utilities,"$1,857.03", -3.8%, -7.2%,113.7
Jan 2024,Quebec,Average weekly earnings including overtime for all employees,Utilities,"$1,909.22",  2.8%, -5.1%,116.9
Feb 2024,Quebec,Average weekly earnings including overtime for all employees,Utilities,"$1,923.72",  0.8%, -4.2%,117.8
Mar 2024,Quebec,Average weekly earnings including overtime for all employees,Utilities,"$2,008.83",  4.4%,  5.5%,123.0
Apr 2024,Quebec,Average weekly earnings including overtime for all employees,Utilities,"$2,062.40",  2.7%,  5.4%,126.3
May 2024,Quebec,Average weekly earnings including overtime for all employees,Utilities,"$2,043.38", -0.9%,  0.7%,125.1
Jun 2024,Quebec,Average weekly earnings including overtime for all employees,Utilities,"$1,961.64", -4.0%, -6.0%,120.1
Jul 2024,Quebec,Average weekly earnings including overtime for all employees,Utilities,"$1,918.45", -2.2%, -5.1%,117.5
Aug 2024,Quebec,Average weekly earnings including overtime for all employees,Utilities,"$1,943.08",  1.3%,  1.5%,119.0
Sep 2024,Quebec,Average weekly earnings including overtime for all employees,Utilities,"$1,965.84",  1.2%, -0.4%,120.4
Oct 2024,Quebec,Average weekly earnings including overtime for all employees,Utilities,"$2,064.44",  5.0%,  9.3%,126.4
Jan 2011,Quebec,Average weekly earnings including overtime for all employees,Retail trade,$  480.48,  0.2%,  2.5%,100.0
Feb 2011,Quebec,Average weekly earnings including overtime for all employees,Retail trade,$  487.74,  1.5%,  2.7%,101.5
Mar 2011,Quebec,Average weekly earnings including overtime for all employees,Retail trade,$  484.07, -0.8%,  3.4%,100.7
Apr 2011,Quebec,Average weekly earnings including overtime for all employees,Retail trade,$  486.92,  0.6%,  2.1%,101.3
May 2011,Quebec,Average weekly earnings including overtime for all employees,Retail trade,$  480.44, -1.3%,  3.0%,100.0
Jun 2011,Quebec,Average weekly earnings including overtime for all employees,Retail trade,$  495.83,  3.2%,  4.1%,103.2
Jul 2011,Quebec,Average weekly earnings including overtime for all employees,Retail trade,$  493.64, -0.4%,  5.3%,102.7
Aug 2011,Quebec,Average weekly earnings including overtime for all employees,Retail trade,$  489.71, -0.8%,  2.7%,101.9
Sep 2011,Quebec,Average weekly earnings including overtime for all employees,Retail trade,$  490.30,  0.1%,  1.0%,102.0
Oct 2011,Quebec,Average weekly earnings including overtime for all employees,Retail trade,$  485.75, -0.9%, -1.8%,101.1
Nov 2011,Quebec,Average weekly earnings including overtime for all employees,Retail trade,$  494.93,  1.9%,  2.1%,103.0
Dec 2011,Quebec,Average weekly earnings including overtime for all employees,Retail trade,$  506.24,  2.3%,  5.6%,105.4
Jan 2012,Quebec,Average weekly earnings including overtime for all employees,Retail trade,$  498.16, -1.6%,  3.7%,103.7
Feb 2012,Quebec,Average weekly earnings including overtime for all employees,Retail trade,$  491.65, -1.3%,  0.8%,102.3
Mar 2012,Quebec,Average weekly earnings including overtime for all employees,Retail trade,$  510.15,  3.8%,  5.4%,106.2
Apr 2012,Quebec,Average weekly earnings including overtime for all employees,Retail trade,$  501.66, -1.7%,  3.0%,104.4
May 2012,Quebec,Average weekly earnings including overtime for all employees,Retail trade,$  515.54,  2.8%,  7.3%,107.3
Jun 2012,Quebec,Average weekly earnings including overtime for all employees,Retail trade,$  492.27, -4.5%, -0.7%,102.5
Jul 2012,Quebec,Average weekly earnings including overtime for all employees,Retail trade,$  489.42, -0.6%, -0.9%,101.9
Aug 2012,Quebec,Average weekly earnings including overtime for all employees,Retail trade,$  499.50,  2.1%,  2.0%,104.0
Sep 2012,Quebec,Average weekly earnings including overtime for all employees,Retail trade,$  497.03, -0.5%,  1.4%,103.4
Oct 2012,Quebec,Average weekly earnings including overtime for all employees,Retail trade,$  489.71, -1.5%,  0.8%,101.9
Nov 2012,Quebec,Average weekly earnings including overtime for all employees,Retail trade,$  506.33,  3.4%,  2.3%,105.4
Dec 2012,Quebec,Average weekly earnings including overtime for all employees,Retail trade,$  500.28, -1.2%, -1.2%,104.1
Jan 2013,Quebec,Average weekly earnings including overtime for all employees,Retail trade,$  493.48, -1.4%, -0.9%,102.7
Feb 2013,Quebec,Average weekly earnings including overtime for all employees,Retail trade,$  506.77,  2.7%,  3.1%,105.5
Mar 2013,Quebec,Average weekly earnings including overtime for all employees,Retail trade,$  500.67, -1.2%, -1.9%,104.2
Apr 2013,Quebec,Average weekly earnings including overtime for all employees,Retail trade,$  491.11, -1.9%, -2.1%,102.2
May 2013,Quebec,Average weekly earnings including overtime for all employees,Retail trade,$  502.94,  2.4%, -2.4%,104.7
Jun 2013,Quebec,Average weekly earnings including overtime for all employees,Retail trade,$  506.04,  0.6%,  2.8%,105.3
Jul 2013,Quebec,Average weekly earnings including overtime for all employees,Retail trade,$  502.69, -0.7%,  2.7%,104.6
Aug 2013,Quebec,Average weekly earnings including overtime for all employees,Retail trade,$  509.28,  1.3%,  2.0%,106.0
Sep 2013,Quebec,Average weekly earnings including overtime for all employees,Retail trade,$  505.55, -0.7%,  1.7%,105.2
Oct 2013,Quebec,Average weekly earnings including overtime for all employees,Retail trade,$  499.90, -1.1%,  2.1%,104.0
Nov 2013,Quebec,Average weekly earnings including overtime for all employees,Retail trade,$  498.40, -0.3%, -1.6%,103.7
Dec 2013,Quebec,Average weekly earnings including overtime for all employees,Retail trade,$  492.15, -1.3%, -1.6%,102.4
Jan 2014,Quebec,Average weekly earnings including overtime for all employees,Retail trade,$  517.64,  5.2%,  4.9%,107.7
Feb 2014,Quebec,Average weekly earnings including overtime for all employees,Retail trade,$  512.22, -1.0%,  1.1%,106.6
Mar 2014,Quebec,Average weekly earnings including overtime for all employees,Retail trade,$  503.06, -1.8%,  0.5%,104.7
Apr 2014,Quebec,Average weekly earnings including overtime for all employees,Retail trade,$  508.07,  1.0%,  3.5%,105.7
May 2014,Quebec,Average weekly earnings including overtime for all employees,Retail trade,$  502.73, -1.1%,  0.0%,104.6
Jun 2014,Quebec,Average weekly earnings including overtime for all employees,Retail trade,$  505.47,  0.5%, -0.1%,105.2
Jul 2014,Quebec,Average weekly earnings including overtime for all employees,Retail trade,$  519.66,  2.8%,  3.4%,108.2
Aug 2014,Quebec,Average weekly earnings including overtime for all employees,Retail trade,$  514.41, -1.0%,  1.0%,107.1
Sep 2014,Quebec,Average weekly earnings including overtime for all employees,Retail trade,$  510.70, -0.7%,  1.0%,106.3
Oct 2014,Quebec,Average weekly earnings including overtime for all employees,Retail trade,$  520.13,  1.8%,  4.0%,108.3
Nov 2014,Quebec,Average weekly earnings including overtime for all employees,Retail trade,$  513.02, -1.4%,  2.9%,106.8
Dec 2014,Quebec,Average weekly earnings including overtime for all employees,Retail trade,$  512.52, -0.1%,  4.1%,106.7
Jan 2015,Quebec,Average weekly earnings including overtime for all employees,Retail trade,$  499.82, -2.5%, -3.4%,104.0
Feb 2015,Quebec,Average weekly earnings including overtime for all employees,Retail trade,$  503.32,  0.7%, -1.7%,104.8
Mar 2015,Quebec,Average weekly earnings including overtime for all employees,Retail trade,$  503.36,  0.0%,  0.1%,104.8
Apr 2015,Quebec,Average weekly earnings including overtime for all employees,Retail trade,$  518.94,  3.1%,  2.1%,108.0
May 2015,Quebec,Average weekly earnings including overtime for all employees,Retail trade,$  504.50, -2.8%,  0.4%,105.0
Jun 2015,Quebec,Average weekly earnings including overtime for all employees,Retail trade,$  514.35,  2.0%,  1.8%,107.0
Jul 2015,Quebec,Average weekly earnings including overtime for all employees,Retail trade,$  529.95,  3.0%,  2.0%,110.3
Aug 2015,Quebec,Average weekly earnings including overtime for all employees,Retail trade,$  512.58, -3.3%, -0.4%,106.7
Sep 2015,Quebec,Average weekly earnings including overtime for all employees,Retail trade,$  517.01,  0.9%,  1.2%,107.6
Oct 2015,Quebec,Average weekly earnings including overtime for all employees,Retail trade,$  520.16,  0.6%,  0.0%,108.3
Nov 2015,Quebec,Average weekly earnings including overtime for all employees,Retail trade,$  523.33,  0.6%,  2.0%,108.9
Dec 2015,Quebec,Average weekly earnings including overtime for all employees,Retail trade,$  544.12,  4.0%,  6.2%,113.2
Jan 2016,Quebec,Average weekly earnings including overtime for all employees,Retail trade,$  535.87, -1.5%,  7.2%,111.5
Feb 2016,Quebec,Average weekly earnings including overtime for all employees,Retail trade,$  524.58, -2.1%,  4.2%,109.2
Mar 2016,Quebec,Average weekly earnings including overtime for all employees,Retail trade,$  533.28,  1.7%,  5.9%,111.0
Apr 2016,Quebec,Average weekly earnings including overtime for all employees,Retail trade,$  525.69, -1.4%,  1.3%,109.4
May 2016,Quebec,Average weekly earnings including overtime for all employees,Retail trade,$  538.97,  2.5%,  6.8%,112.2
Jun 2016,Quebec,Average weekly earnings including overtime for all employees,Retail trade,$  534.92, -0.8%,  4.0%,111.3
Jul 2016,Quebec,Average weekly earnings including overtime for all employees,Retail trade,$  517.62, -3.2%, -2.3%,107.7
Aug 2016,Quebec,Average weekly earnings including overtime for all employees,Retail trade,$  526.42,  1.7%,  2.7%,109.6
Sep 2016,Quebec,Average weekly earnings including overtime for all employees,Retail trade,$  540.93,  2.8%,  4.6%,112.6
Oct 2016,Quebec,Average weekly earnings including overtime for all employees,Retail trade,$  528.40, -2.3%,  1.6%,110.0
Nov 2016,Quebec,Average weekly earnings including overtime for all employees,Retail trade,$  513.24, -2.9%, -1.9%,106.8
Dec 2016,Quebec,Average weekly earnings including overtime for all employees,Retail trade,$  528.59,  3.0%, -2.9%,110.0
Jan 2017,Quebec,Average weekly earnings including overtime for all employees,Retail trade,$  525.26, -0.6%, -2.0%,109.3
Feb 2017,Quebec,Average weekly earnings including overtime for all employees,Retail trade,$  522.96, -0.4%, -0.3%,108.8
Mar 2017,Quebec,Average weekly earnings including overtime for all employees,Retail trade,$  536.48,  2.6%,  0.6%,111.7
Apr 2017,Quebec,Average weekly earnings including overtime for all employees,Retail trade,$  525.80, -2.0%,  0.0%,109.4
May 2017,Quebec,Average weekly earnings including overtime for all employees,Retail trade,$  536.80,  2.1%, -0.4%,111.7
Jun 2017,Quebec,Average weekly earnings including overtime for all employees,Retail trade,$  531.19, -1.0%, -0.7%,110.6
Jul 2017,Quebec,Average weekly earnings including overtime for all employees,Retail trade,$  527.57, -0.7%,  1.9%,109.8
Aug 2017,Quebec,Average weekly earnings including overtime for all employees,Retail trade,$  535.64,  1.5%,  1.8%,111.5
Sep 2017,Quebec,Average weekly earnings including overtime for all employees,Retail trade,$  530.12, -1.0%, -2.0%,110.3
Oct 2017,Quebec,Average weekly earnings including overtime for all employees,Retail trade,$  543.72,  2.6%,  2.9%,113.2
Nov 2017,Quebec,Average weekly earnings including overtime for all employees,Retail trade,$  552.30,  1.6%,  7.6%,114.9
Dec 2017,Quebec,Average weekly earnings including overtime for all employees,Retail trade,$  548.69, -0.7%,  3.8%,114.2
Jan 2018,Quebec,Average weekly earnings including overtime for all employees,Retail trade,$  550.60,  0.3%,  4.8%,114.6
Feb 2018,Quebec,Average weekly earnings including overtime for all employees,Retail trade,$  575.67,  4.6%, 10.1%,119.8
Mar 2018,Quebec,Average weekly earnings including overtime for all employees,Retail trade,$  579.98,  0.7%,  8.1%,120.7
Apr 2018,Quebec,Average weekly earnings including overtime for all employees,Retail trade,$  584.65,  0.8%, 11.2%,121.7
May 2018,Quebec,Average weekly earnings including overtime for all employees,Retail trade,$  569.58, -2.6%,  6.1%,118.5
Jun 2018,Quebec,Average weekly earnings including overtime for all employees,Retail trade,$  581.96,  2.2%,  9.6%,121.1
Jul 2018,Quebec,Average weekly earnings including overtime for all employees,Retail trade,$  583.01,  0.2%, 10.5%,121.3
Aug 2018,Quebec,Average weekly earnings including overtime for all employees,Retail trade,$  582.02, -0.2%,  8.7%,121.1
Sep 2018,Quebec,Average weekly earnings including overtime for all employees,Retail trade,$  568.38, -2.3%,  7.2%,118.3
Oct 2018,Quebec,Average weekly earnings including overtime for all employees,Retail trade,$  571.48,  0.5%,  5.1%,118.9
Nov 2018,Quebec,Average weekly earnings including overtime for all employees,Retail trade,$  589.51,  3.2%,  6.7%,122.7
Dec 2018,Quebec,Average weekly earnings including overtime for all employees,Retail trade,$  566.99, -3.8%,  3.3%,118.0
Jan 2019,Quebec,Average weekly earnings including overtime for all employees,Retail trade,$  595.00,  4.9%,  8.1%,123.8
Feb 2019,Quebec,Average weekly earnings including overtime for all employees,Retail trade,$  576.72, -3.1%,  0.2%,120.0
Mar 2019,Quebec,Average weekly earnings including overtime for all employees,Retail trade,$  555.87, -3.6%, -4.2%,115.7
Apr 2019,Quebec,Average weekly earnings including overtime for all employees,Retail trade,$  573.55,  3.2%, -1.9%,119.4
May 2019,Quebec,Average weekly earnings including overtime for all employees,Retail trade,$  583.58,  1.7%,  2.5%,121.5
Jun 2019,Quebec,Average weekly earnings including overtime for all employees,Retail trade,$  582.85, -0.1%,  0.2%,121.3
Jul 2019,Quebec,Average weekly earnings including overtime for all employees,Retail trade,$  594.39,  2.0%,  2.0%,123.7
Aug 2019,Quebec,Average weekly earnings including overtime for all employees,Retail trade,$  602.27,  1.3%,  3.5%,125.3
Sep 2019,Quebec,Average weekly earnings including overtime for all employees,Retail trade,$  604.38,  0.4%,  6.3%,125.8
Oct 2019,Quebec,Average weekly earnings including overtime for all employees,Retail trade,$  636.94,  5.4%, 11.5%,132.6
Nov 2019,Quebec,Average weekly earnings including overtime for all employees,Retail trade,$  607.72, -4.6%,  3.1%,126.5
Dec 2019,Quebec,Average weekly earnings including overtime for all employees,Retail trade,$  612.08,  0.7%,  8.0%,127.4
Jan 2020,Quebec,Average weekly earnings including overtime for all employees,Retail trade,$  601.35, -1.8%,  1.1%,125.2
Feb 2020,Quebec,Average weekly earnings including overtime for all employees,Retail trade,$  600.72, -0.1%,  4.2%,125.0
Mar 2020,Quebec,Average weekly earnings including overtime for all employees,Retail trade,$  588.26, -2.1%,  5.8%,122.4
Apr 2020,Quebec,Average weekly earnings including overtime for all employees,Retail trade,$  602.88,  2.5%,  5.1%,125.5
May 2020,Quebec,Average weekly earnings including overtime for all employees,Retail trade,$  640.57,  6.3%,  9.8%,133.3
Jun 2020,Quebec,Average weekly earnings including overtime for all employees,Retail trade,$  632.54, -1.3%,  8.5%,131.6
Jul 2020,Quebec,Average weekly earnings including overtime for all employees,Retail trade,$  607.68, -3.9%,  2.2%,126.5
Aug 2020,Quebec,Average weekly earnings including overtime for all employees,Retail trade,$  607.79,  0.0%,  0.9%,126.5
Sep 2020,Quebec,Average weekly earnings including overtime for all employees,Retail trade,$  615.84,  1.3%,  1.9%,128.2
Oct 2020,Quebec,Average weekly earnings including overtime for all employees,Retail trade,$  629.19,  2.2%, -1.2%,131.0
Nov 2020,Quebec,Average weekly earnings including overtime for all employees,Retail trade,$  615.80, -2.1%,  1.3%,128.2
Dec 2020,Quebec,Average weekly earnings including overtime for all employees,Retail trade,$  611.52, -0.7%, -0.1%,127.3
Jan 2021,Quebec,Average weekly earnings including overtime for all employees,Retail trade,$  619.96,  1.4%,  3.1%,129.0
Feb 2021,Quebec,Average weekly earnings including overtime for all employees,Retail trade,$  610.85, -1.5%,  1.7%,127.1
Mar 2021,Quebec,Average weekly earnings including overtime for all employees,Retail trade,$  614.56,  0.6%,  4.5%,127.9
Apr 2021,Quebec,Average weekly earnings including overtime for all employees,Retail trade,$  627.05,  2.0%,  4.0%,130.5
May 2021,Quebec,Average weekly earnings including overtime for all employees,Retail trade,$  619.67, -1.2%, -3.3%,129.0
Jun 2021,Quebec,Average weekly earnings including overtime for all employees,Retail trade,$  621.96,  0.4%, -1.7%,129.4
Jul 2021,Quebec,Average weekly earnings including overtime for all employees,Retail trade,$  619.06, -0.5%,  1.9%,128.8
Aug 2021,Quebec,Average weekly earnings including overtime for all employees,Retail trade,$  624.85,  0.9%,  2.8%,130.0
Sep 2021,Quebec,Average weekly earnings including overtime for all employees,Retail trade,$  654.19,  4.7%,  6.2%,136.2
Oct 2021,Quebec,Average weekly earnings including overtime for all employees,Retail trade,$  640.35, -2.1%,  1.8%,133.3
Nov 2021,Quebec,Average weekly earnings including overtime for all employees,Retail trade,$  639.76, -0.1%,  3.9%,133.2
Dec 2021,Quebec,Average weekly earnings including overtime for all employees,Retail trade,$  677.08,  5.8%, 10.7%,140.9
Jan 2022,Quebec,Average weekly earnings including overtime for all employees,Retail trade,$  652.66, -3.6%,  5.3%,135.8
Feb 2022,Quebec,Average weekly earnings including overtime for all employees,Retail trade,$  669.22,  2.5%,  9.6%,139.3
Mar 2022,Quebec,Average weekly earnings including overtime for all employees,Retail trade,$  686.34,  2.6%, 11.7%,142.8
Apr 2022,Quebec,Average weekly earnings including overtime for all employees,Retail trade,$  656.83, -4.3%,  4.7%,136.7
May 2022,Quebec,Average weekly earnings including overtime for all employees,Retail trade,$  649.93, -1.1%,  4.9%,135.3
Jun 2022,Quebec,Average weekly earnings including overtime for all employees,Retail trade,$  656.65,  1.0%,  5.6%,136.7
Jul 2022,Quebec,Average weekly earnings including overtime for all employees,Retail trade,$  661.70,  0.8%,  6.9%,137.7
Aug 2022,Quebec,Average weekly earnings including overtime for all employees,Retail trade,$  652.40, -1.4%,  4.4%,135.8
Sep 2022,Quebec,Average weekly earnings including overtime for all employees,Retail trade,$  667.13,  2.3%,  2.0%,138.8
Oct 2022,Quebec,Average weekly earnings including overtime for all employees,Retail trade,$  654.06, -2.0%,  2.1%,136.1
Nov 2022,Quebec,Average weekly earnings including overtime for all employees,Retail trade,$  648.61, -0.8%,  1.4%,135.0
Dec 2022,Quebec,Average weekly earnings including overtime for all employees,Retail trade,$  671.42,  3.5%, -0.8%,139.7
Jan 2023,Quebec,Average weekly earnings including overtime for all employees,Retail trade,$  646.58, -3.7%, -0.9%,134.6
Feb 2023,Quebec,Average weekly earnings including overtime for all employees,Retail trade,$  652.77,  1.0%, -2.5%,135.9
Mar 2023,Quebec,Average weekly earnings including overtime for all employees,Retail trade,$  675.65,  3.5%, -1.6%,140.6
Apr 2023,Quebec,Average weekly earnings including overtime for all employees,Retail trade,$  671.04, -0.7%,  2.2%,139.7
May 2023,Quebec,Average weekly earnings including overtime for all employees,Retail trade,$  686.75,  2.3%,  5.7%,142.9
Jun 2023,Quebec,Average weekly earnings including overtime for all employees,Retail trade,$  687.66,  0.1%,  4.7%,143.1
Jul 2023,Quebec,Average weekly earnings including overtime for all employees,Retail trade,$  687.86,  0.0%,  4.0%,143.2
Aug 2023,Quebec,Average weekly earnings including overtime for all employees,Retail trade,$  699.25,  1.7%,  7.2%,145.5
Sep 2023,Quebec,Average weekly earnings including overtime for all employees,Retail trade,$  688.02, -1.6%,  3.1%,143.2
Oct 2023,Quebec,Average weekly earnings including overtime for all employees,Retail trade,$  689.60,  0.2%,  5.4%,143.5
Nov 2023,Quebec,Average weekly earnings including overtime for all employees,Retail trade,$  728.98,  5.7%, 12.4%,151.7
Dec 2023,Quebec,Average weekly earnings including overtime for all employees,Retail trade,$  690.17, -5.3%,  2.8%,143.6
Jan 2024,Quebec,Average weekly earnings including overtime for all employees,Retail trade,$  705.05,  2.2%,  9.0%,146.7
Feb 2024,Quebec,Average weekly earnings including overtime for all employees,Retail trade,$  707.52,  0.4%,  8.4%,147.3
Mar 2024,Quebec,Average weekly earnings including overtime for all employees,Retail trade,$  702.76, -0.7%,  4.0%,146.3
Apr 2024,Quebec,Average weekly earnings including overtime for all employees,Retail trade,$  706.40,  0.5%,  5.3%,147.0
May 2024,Quebec,Average weekly earnings including overtime for all employees,Retail trade,$  715.11,  1.2%,  4.1%,148.8
Jun 2024,Quebec,Average weekly earnings including overtime for all employees,Retail trade,$  709.03, -0.9%,  3.1%,147.6
Jul 2024,Quebec,Average weekly earnings including overtime for all employees,Retail trade,$  712.43,  0.5%,  3.6%,148.3
Aug 2024,Quebec,Average weekly earnings including overtime for all employees,Retail trade,$  715.93,  0.5%,  2.4%,149.0
Sep 2024,Quebec,Average weekly earnings including overtime for all employees,Retail trade,$  724.45,  1.2%,  5.3%,150.8
Oct 2024,Quebec,Average weekly earnings including overtime for all employees,Retail trade,$  747.63,  3.2%,  8.4%,155.6
Jan 2011,Quebec,Average weekly earnings including overtime for all employees,Industrial aggregate excluding unclassified businesses,$  802.03,  0.5%,  3.4%,100.0
Feb 2011,Quebec,Average weekly earnings including overtime for all employees,Industrial aggregate excluding unclassified businesses,$  802.58,  0.1%,  3.9%,100.1
Mar 2011,Quebec,Average weekly earnings including overtime for all employees,Industrial aggregate excluding unclassified businesses,$  796.21, -0.8%,  3.0%, 99.3
Apr 2011,Quebec,Average weekly earnings including overtime for all employees,Industrial aggregate excluding unclassified businesses,$  804.05,  1.0%,  3.8%,100.3
May 2011,Quebec,Average weekly earnings including overtime for all employees,Industrial aggregate excluding unclassified businesses,$  797.27, -0.8%,  2.3%, 99.4
Jun 2011,Quebec,Average weekly earnings including overtime for all employees,Industrial aggregate excluding unclassified businesses,$  794.24, -0.4%,  0.8%, 99.0
Jul 2011,Quebec,Average weekly earnings including overtime for all employees,Industrial aggregate excluding unclassified businesses,$  809.29,  1.9%,  4.0%,100.9
Aug 2011,Quebec,Average weekly earnings including overtime for all employees,Industrial aggregate excluding unclassified businesses,$  797.28, -1.5%,  0.9%, 99.4
Sep 2011,Quebec,Average weekly earnings including overtime for all employees,Industrial aggregate excluding unclassified businesses,$  803.41,  0.8%,  2.1%,100.2
Oct 2011,Quebec,Average weekly earnings including overtime for all employees,Industrial aggregate excluding unclassified businesses,$  811.81,  1.0%,  2.0%,101.2
Nov 2011,Quebec,Average weekly earnings including overtime for all employees,Industrial aggregate excluding unclassified businesses,$  813.43,  0.2%,  2.0%,101.4
Dec 2011,Quebec,Average weekly earnings including overtime for all employees,Industrial aggregate excluding unclassified businesses,$  813.32,  0.0%,  1.9%,101.4
Jan 2012,Quebec,Average weekly earnings including overtime for all employees,Industrial aggregate excluding unclassified businesses,$  813.53,  0.0%,  1.4%,101.4
Feb 2012,Quebec,Average weekly earnings including overtime for all employees,Industrial aggregate excluding unclassified businesses,$  811.20, -0.3%,  1.1%,101.1
Mar 2012,Quebec,Average weekly earnings including overtime for all employees,Industrial aggregate excluding unclassified businesses,$  820.14,  1.1%,  3.0%,102.3
Apr 2012,Quebec,Average weekly earnings including overtime for all employees,Industrial aggregate excluding unclassified businesses,$  816.33, -0.5%,  1.5%,101.8
May 2012,Quebec,Average weekly earnings including overtime for all employees,Industrial aggregate excluding unclassified businesses,$  818.80,  0.3%,  2.7%,102.1
Jun 2012,Quebec,Average weekly earnings including overtime for all employees,Industrial aggregate excluding unclassified businesses,$  813.78, -0.6%,  2.5%,101.5
Jul 2012,Quebec,Average weekly earnings including overtime for all employees,Industrial aggregate excluding unclassified businesses,$  819.59,  0.7%,  1.3%,102.2
Aug 2012,Quebec,Average weekly earnings including overtime for all employees,Industrial aggregate excluding unclassified businesses,$  832.91,  1.6%,  4.5%,103.9
Sep 2012,Quebec,Average weekly earnings including overtime for all employees,Industrial aggregate excluding unclassified businesses,$  833.44,  0.1%,  3.7%,103.9
Oct 2012,Quebec,Average weekly earnings including overtime for all employees,Industrial aggregate excluding unclassified businesses,$  828.53, -0.6%,  2.1%,103.3
Nov 2012,Quebec,Average weekly earnings including overtime for all employees,Industrial aggregate excluding unclassified businesses,$  833.74,  0.6%,  2.5%,104.0
Dec 2012,Quebec,Average weekly earnings including overtime for all employees,Industrial aggregate excluding unclassified businesses,$  831.16, -0.3%,  2.2%,103.6
Jan 2013,Quebec,Average weekly earnings including overtime for all employees,Industrial aggregate excluding unclassified businesses,$  823.66, -0.9%,  1.2%,102.7
Feb 2013,Quebec,Average weekly earnings including overtime for all employees,Industrial aggregate excluding unclassified businesses,$  829.33,  0.7%,  2.2%,103.4
Mar 2013,Quebec,Average weekly earnings including overtime for all employees,Industrial aggregate excluding unclassified businesses,$  822.93, -0.8%,  0.3%,102.6
Apr 2013,Quebec,Average weekly earnings including overtime for all employees,Industrial aggregate excluding unclassified businesses,$  828.12,  0.6%,  1.4%,103.3
May 2013,Quebec,Average weekly earnings including overtime for all employees,Industrial aggregate excluding unclassified businesses,$  834.72,  0.8%,  1.9%,104.1
Jun 2013,Quebec,Average weekly earnings including overtime for all employees,Industrial aggregate excluding unclassified businesses,$  837.04,  0.3%,  2.9%,104.4
Jul 2013,Quebec,Average weekly earnings including overtime for all employees,Industrial aggregate excluding unclassified businesses,$  829.85, -0.9%,  1.3%,103.5
Aug 2013,Quebec,Average weekly earnings including overtime for all employees,Industrial aggregate excluding unclassified businesses,$  831.79,  0.2%, -0.1%,103.7
Sep 2013,Quebec,Average weekly earnings including overtime for all employees,Industrial aggregate excluding unclassified businesses,$  836.46,  0.6%,  0.4%,104.3
Oct 2013,Quebec,Average weekly earnings including overtime for all employees,Industrial aggregate excluding unclassified businesses,$  838.31,  0.2%,  1.2%,104.5
Nov 2013,Quebec,Average weekly earnings including overtime for all employees,Industrial aggregate excluding unclassified businesses,$  837.13, -0.1%,  0.4%,104.4
Dec 2013,Quebec,Average weekly earnings including overtime for all employees,Industrial aggregate excluding unclassified businesses,$  841.92,  0.6%,  1.3%,105.0
Jan 2014,Quebec,Average weekly earnings including overtime for all employees,Industrial aggregate excluding unclassified businesses,$  839.77, -0.3%,  2.0%,104.7
Feb 2014,Quebec,Average weekly earnings including overtime for all employees,Industrial aggregate excluding unclassified businesses,$  840.73,  0.1%,  1.4%,104.8
Mar 2014,Quebec,Average weekly earnings including overtime for all employees,Industrial aggregate excluding unclassified businesses,$  841.84,  0.1%,  2.3%,105.0
Apr 2014,Quebec,Average weekly earnings including overtime for all employees,Industrial aggregate excluding unclassified businesses,$  843.69,  0.2%,  1.9%,105.2
May 2014,Quebec,Average weekly earnings including overtime for all employees,Industrial aggregate excluding unclassified businesses,$  851.34,  0.9%,  2.0%,106.1
Jun 2014,Quebec,Average weekly earnings including overtime for all employees,Industrial aggregate excluding unclassified businesses,$  855.16,  0.4%,  2.2%,106.6
Jul 2014,Quebec,Average weekly earnings including overtime for all employees,Industrial aggregate excluding unclassified businesses,$  858.00,  0.3%,  3.4%,107.0
Aug 2014,Quebec,Average weekly earnings including overtime for all employees,Industrial aggregate excluding unclassified businesses,$  855.91, -0.2%,  2.9%,106.7
Sep 2014,Quebec,Average weekly earnings including overtime for all employees,Industrial aggregate excluding unclassified businesses,$  846.87, -1.1%,  1.2%,105.6
Oct 2014,Quebec,Average weekly earnings including overtime for all employees,Industrial aggregate excluding unclassified businesses,$  852.17,  0.6%,  1.7%,106.3
Nov 2014,Quebec,Average weekly earnings including overtime for all employees,Industrial aggregate excluding unclassified businesses,$  851.31, -0.1%,  1.7%,106.1
Dec 2014,Quebec,Average weekly earnings including overtime for all employees,Industrial aggregate excluding unclassified businesses,$  858.07,  0.8%,  1.9%,107.0
Jan 2015,Quebec,Average weekly earnings including overtime for all employees,Industrial aggregate excluding unclassified businesses,$  854.15, -0.5%,  1.7%,106.5
Feb 2015,Quebec,Average weekly earnings including overtime for all employees,Industrial aggregate excluding unclassified businesses,$  860.82,  0.8%,  2.4%,107.3
Mar 2015,Quebec,Average weekly earnings including overtime for all employees,Industrial aggregate excluding unclassified businesses,$  866.47,  0.7%,  2.9%,108.0
Apr 2015,Quebec,Average weekly earnings including overtime for all employees,Industrial aggregate excluding unclassified businesses,$  876.27,  1.1%,  3.9%,109.3
May 2015,Quebec,Average weekly earnings including overtime for all employees,Industrial aggregate excluding unclassified businesses,$  862.43, -1.6%,  1.3%,107.5
Jun 2015,Quebec,Average weekly earnings including overtime for all employees,Industrial aggregate excluding unclassified businesses,$  874.25,  1.4%,  2.2%,109.0
Jul 2015,Quebec,Average weekly earnings including overtime for all employees,Industrial aggregate excluding unclassified businesses,$  874.13,  0.0%,  1.9%,109.0
Aug 2015,Quebec,Average weekly earnings including overtime for all employees,Industrial aggregate excluding unclassified businesses,$  863.52, -1.2%,  0.9%,107.7
Sep 2015,Quebec,Average weekly earnings including overtime for all employees,Industrial aggregate excluding unclassified businesses,$  874.35,  1.3%,  3.2%,109.0
Oct 2015,Quebec,Average weekly earnings including overtime for all employees,Industrial aggregate excluding unclassified businesses,$  875.13,  0.1%,  2.7%,109.1
Nov 2015,Quebec,Average weekly earnings including overtime for all employees,Industrial aggregate excluding unclassified businesses,$  867.98, -0.8%,  2.0%,108.2
Dec 2015,Quebec,Average weekly earnings including overtime for all employees,Industrial aggregate excluding unclassified businesses,$  858.86, -1.1%,  0.1%,107.1
Jan 2016,Quebec,Average weekly earnings including overtime for all employees,Industrial aggregate excluding unclassified businesses,$  879.56,  2.4%,  3.0%,109.7
Feb 2016,Quebec,Average weekly earnings including overtime for all employees,Industrial aggregate excluding unclassified businesses,$  877.46, -0.2%,  1.9%,109.4
Mar 2016,Quebec,Average weekly earnings including overtime for all employees,Industrial aggregate excluding unclassified businesses,$  875.20, -0.3%,  1.0%,109.1
Apr 2016,Quebec,Average weekly earnings including overtime for all employees,Industrial aggregate excluding unclassified businesses,$  870.26, -0.6%, -0.7%,108.5
May 2016,Quebec,Average weekly earnings including overtime for all employees,Industrial aggregate excluding unclassified businesses,$  876.60,  0.7%,  1.6%,109.3
Jun 2016,Quebec,Average weekly earnings including overtime for all employees,Industrial aggregate excluding unclassified businesses,$  866.92, -1.1%, -0.8%,108.1
Jul 2016,Quebec,Average weekly earnings including overtime for all employees,Industrial aggregate excluding unclassified businesses,$  878.32,  1.3%,  0.5%,109.5
Aug 2016,Quebec,Average weekly earnings including overtime for all employees,Industrial aggregate excluding unclassified businesses,$  878.42,  0.0%,  1.7%,109.5
Sep 2016,Quebec,Average weekly earnings including overtime for all employees,Industrial aggregate excluding unclassified businesses,$  883.83,  0.6%,  1.1%,110.2
Oct 2016,Quebec,Average weekly earnings including overtime for all employees,Industrial aggregate excluding unclassified businesses,$  882.05, -0.2%,  0.8%,110.0
Nov 2016,Quebec,Average weekly earnings including overtime for all employees,Industrial aggregate excluding unclassified businesses,$  883.52,  0.2%,  1.8%,110.2
Dec 2016,Quebec,Average weekly earnings including overtime for all employees,Industrial aggregate excluding unclassified businesses,$  886.50,  0.3%,  3.2%,110.5
Jan 2017,Quebec,Average weekly earnings including overtime for all employees,Industrial aggregate excluding unclassified businesses,$  888.22,  0.2%,  1.0%,110.7
Feb 2017,Quebec,Average weekly earnings including overtime for all employees,Industrial aggregate excluding unclassified businesses,$  886.51, -0.2%,  1.0%,110.5
Mar 2017,Quebec,Average weekly earnings including overtime for all employees,Industrial aggregate excluding unclassified businesses,$  893.15,  0.7%,  2.1%,111.4
Apr 2017,Quebec,Average weekly earnings including overtime for all employees,Industrial aggregate excluding unclassified businesses,$  895.13,  0.2%,  2.9%,111.6
May 2017,Quebec,Average weekly earnings including overtime for all employees,Industrial aggregate excluding unclassified businesses,$  895.97,  0.1%,  2.2%,111.7
Jun 2017,Quebec,Average weekly earnings including overtime for all employees,Industrial aggregate excluding unclassified businesses,$  892.55, -0.4%,  3.0%,111.3
Jul 2017,Quebec,Average weekly earnings including overtime for all employees,Industrial aggregate excluding unclassified businesses,$  899.57,  0.8%,  2.4%,112.2
Aug 2017,Quebec,Average weekly earnings including overtime for all employees,Industrial aggregate excluding unclassified businesses,$  910.71,  1.2%,  3.7%,113.6
Sep 2017,Quebec,Average weekly earnings including overtime for all employees,Industrial aggregate excluding unclassified businesses,$  913.46,  0.3%,  3.4%,113.9
Oct 2017,Quebec,Average weekly earnings including overtime for all employees,Industrial aggregate excluding unclassified businesses,$  911.62, -0.2%,  3.4%,113.7
Nov 2017,Quebec,Average weekly earnings including overtime for all employees,Industrial aggregate excluding unclassified businesses,$  922.78,  1.2%,  4.4%,115.1
Dec 2017,Quebec,Average weekly earnings including overtime for all employees,Industrial aggregate excluding unclassified businesses,$  921.33, -0.2%,  3.9%,114.9
Jan 2018,Quebec,Average weekly earnings including overtime for all employees,Industrial aggregate excluding unclassified businesses,$  917.65, -0.4%,  3.3%,114.4
Feb 2018,Quebec,Average weekly earnings including overtime for all employees,Industrial aggregate excluding unclassified businesses,$  927.07,  1.0%,  4.6%,115.6
Mar 2018,Quebec,Average weekly earnings including overtime for all employees,Industrial aggregate excluding unclassified businesses,$  930.61,  0.4%,  4.2%,116.0
Apr 2018,Quebec,Average weekly earnings including overtime for all employees,Industrial aggregate excluding unclassified businesses,$  925.34, -0.6%,  3.4%,115.4
May 2018,Quebec,Average weekly earnings including overtime for all employees,Industrial aggregate excluding unclassified businesses,$  926.00,  0.1%,  3.4%,115.5
Jun 2018,Quebec,Average weekly earnings including overtime for all employees,Industrial aggregate excluding unclassified businesses,$  934.63,  0.9%,  4.7%,116.5
Jul 2018,Quebec,Average weekly earnings including overtime for all employees,Industrial aggregate excluding unclassified businesses,$  928.13, -0.7%,  3.2%,115.7
Aug 2018,Quebec,Average weekly earnings including overtime for all employees,Industrial aggregate excluding unclassified businesses,$  936.73,  0.9%,  2.9%,116.8
Sep 2018,Quebec,Average weekly earnings including overtime for all employees,Industrial aggregate excluding unclassified businesses,$  929.36, -0.8%,  1.7%,115.9
Oct 2018,Quebec,Average weekly earnings including overtime for all employees,Industrial aggregate excluding unclassified businesses,$  936.21,  0.7%,  2.7%,116.7
Nov 2018,Quebec,Average weekly earnings including overtime for all employees,Industrial aggregate excluding unclassified businesses,$  936.55,  0.0%,  1.5%,116.8
Dec 2018,Quebec,Average weekly earnings including overtime for all employees,Industrial aggregate excluding unclassified businesses,$  943.86,  0.8%,  2.4%,117.7
Jan 2019,Quebec,Average weekly earnings including overtime for all employees,Industrial aggregate excluding unclassified businesses,$  947.78,  0.4%,  3.3%,118.2
Feb 2019,Quebec,Average weekly earnings including overtime for all employees,Industrial aggregate excluding unclassified businesses,$  947.62,  0.0%,  2.2%,118.2
Mar 2019,Quebec,Average weekly earnings including overtime for all employees,Industrial aggregate excluding unclassified businesses,$  946.02, -0.2%,  1.7%,118.0
Apr 2019,Quebec,Average weekly earnings including overtime for all employees,Industrial aggregate excluding unclassified businesses,$  951.29,  0.6%,  2.8%,118.6
May 2019,Quebec,Average weekly earnings including overtime for all employees,Industrial aggregate excluding unclassified businesses,$  957.44,  0.6%,  3.4%,119.4
Jun 2019,Quebec,Average weekly earnings including overtime for all employees,Industrial aggregate excluding unclassified businesses,$  963.65,  0.6%,  3.1%,120.2
Jul 2019,Quebec,Average weekly earnings including overtime for all employees,Industrial aggregate excluding unclassified businesses,$  962.16, -0.2%,  3.7%,120.0
Aug 2019,Quebec,Average weekly earnings including overtime for all employees,Industrial aggregate excluding unclassified businesses,$  968.20,  0.6%,  3.4%,120.7
Sep 2019,Quebec,Average weekly earnings including overtime for all employees,Industrial aggregate excluding unclassified businesses,$  975.48,  0.8%,  5.0%,121.6
Oct 2019,Quebec,Average weekly earnings including overtime for all employees,Industrial aggregate excluding unclassified businesses,$  977.92,  0.3%,  4.5%,121.9
Nov 2019,Quebec,Average weekly earnings including overtime for all employees,Industrial aggregate excluding unclassified businesses,$  982.74,  0.5%,  4.9%,122.5
Dec 2019,Quebec,Average weekly earnings including overtime for all employees,Industrial aggregate excluding unclassified businesses,$  988.95,  0.6%,  4.8%,123.3
Jan 2020,Quebec,Average weekly earnings including overtime for all employees,Industrial aggregate excluding unclassified businesses,$  994.20,  0.5%,  4.9%,124.0
Feb 2020,Quebec,Average weekly earnings including overtime for all employees,Industrial aggregate excluding unclassified businesses,$  985.67, -0.9%,  4.0%,122.9
Mar 2020,Quebec,Average weekly earnings including overtime for all employees,Industrial aggregate excluding unclassified businesses,$  994.64,  0.9%,  5.1%,124.0
Apr 2020,Quebec,Average weekly earnings including overtime for all employees,Industrial aggregate excluding unclassified businesses,"$1,048.53",  5.4%, 10.2%,130.7
May 2020,Quebec,Average weekly earnings including overtime for all employees,Industrial aggregate excluding unclassified businesses,"$1,075.16",  2.5%, 12.3%,134.1
Jun 2020,Quebec,Average weekly earnings including overtime for all employees,Industrial aggregate excluding unclassified businesses,"$1,060.56", -1.4%, 10.1%,132.2
Jul 2020,Quebec,Average weekly earnings including overtime for all employees,Industrial aggregate excluding unclassified businesses,"$1,049.77", -1.0%,  9.1%,130.9
Aug 2020,Quebec,Average weekly earnings including overtime for all employees,Industrial aggregate excluding unclassified businesses,"$1,052.01",  0.2%,  8.7%,131.2
Sep 2020,Quebec,Average weekly earnings including overtime for all employees,Industrial aggregate excluding unclassified businesses,"$1,049.45", -0.2%,  7.6%,130.8
Oct 2020,Quebec,Average weekly earnings including overtime for all employees,Industrial aggregate excluding unclassified businesses,"$1,056.77",  0.7%,  8.1%,131.8
Nov 2020,Quebec,Average weekly earnings including overtime for all employees,Industrial aggregate excluding unclassified businesses,"$1,058.41",  0.2%,  7.7%,132.0
Dec 2020,Quebec,Average weekly earnings including overtime for all employees,Industrial aggregate excluding unclassified businesses,"$1,058.38",  0.0%,  7.0%,132.0
Jan 2021,Quebec,Average weekly earnings including overtime for all employees,Industrial aggregate excluding unclassified businesses,"$1,074.43",  1.5%,  8.1%,134.0
Feb 2021,Quebec,Average weekly earnings including overtime for all employees,Industrial aggregate excluding unclassified businesses,"$1,067.59", -0.6%,  8.3%,133.1
Mar 2021,Quebec,Average weekly earnings including overtime for all employees,Industrial aggregate excluding unclassified businesses,"$1,061.10", -0.6%,  6.7%,132.3
Apr 2021,Quebec,Average weekly earnings including overtime for all employees,Industrial aggregate excluding unclassified businesses,"$1,066.09",  0.5%,  1.7%,132.9
May 2021,Quebec,Average weekly earnings including overtime for all employees,Industrial aggregate excluding unclassified businesses,"$1,069.90",  0.4%, -0.5%,133.4
Jun 2021,Quebec,Average weekly earnings including overtime for all employees,Industrial aggregate excluding unclassified businesses,"$1,062.89", -0.7%,  0.2%,132.5
Jul 2021,Quebec,Average weekly earnings including overtime for all employees,Industrial aggregate excluding unclassified businesses,"$1,054.50", -0.8%,  0.5%,131.5
Aug 2021,Quebec,Average weekly earnings including overtime for all employees,Industrial aggregate excluding unclassified businesses,"$1,071.14",  1.6%,  1.8%,133.6
Sep 2021,Quebec,Average weekly earnings including overtime for all employees,Industrial aggregate excluding unclassified businesses,"$1,079.54",  0.8%,  2.9%,134.6
Oct 2021,Quebec,Average weekly earnings including overtime for all employees,Industrial aggregate excluding unclassified businesses,"$1,075.61", -0.4%,  1.8%,134.1
Nov 2021,Quebec,Average weekly earnings including overtime for all employees,Industrial aggregate excluding unclassified businesses,"$1,082.23",  0.6%,  2.3%,134.9
Dec 2021,Quebec,Average weekly earnings including overtime for all employees,Industrial aggregate excluding unclassified businesses,"$1,088.06",  0.5%,  2.8%,135.7
Jan 2022,Quebec,Average weekly earnings including overtime for all employees,Industrial aggregate excluding unclassified businesses,"$1,096.13",  0.7%,  2.0%,136.7
Feb 2022,Quebec,Average weekly earnings including overtime for all employees,Industrial aggregate excluding unclassified businesses,"$1,109.01",  1.2%,  3.9%,138.3
Mar 2022,Quebec,Average weekly earnings including overtime for all employees,Industrial aggregate excluding unclassified businesses,"$1,115.62",  0.6%,  5.1%,139.1
Apr 2022,Quebec,Average weekly earnings including overtime for all employees,Industrial aggregate excluding unclassified businesses,"$1,113.83", -0.2%,  4.5%,138.9
May 2022,Quebec,Average weekly earnings including overtime for all employees,Industrial aggregate excluding unclassified businesses,"$1,109.11", -0.4%,  3.7%,138.3
Jun 2022,Quebec,Average weekly earnings including overtime for all employees,Industrial aggregate excluding unclassified businesses,"$1,105.38", -0.3%,  4.0%,137.8
Jul 2022,Quebec,Average weekly earnings including overtime for all employees,Industrial aggregate excluding unclassified businesses,"$1,119.42",  1.3%,  6.2%,139.6
Aug 2022,Quebec,Average weekly earnings including overtime for all employees,Industrial aggregate excluding unclassified businesses,"$1,117.40", -0.2%,  4.3%,139.3
Sep 2022,Quebec,Average weekly earnings including overtime for all employees,Industrial aggregate excluding unclassified businesses,"$1,116.55", -0.1%,  3.4%,139.2
Oct 2022,Quebec,Average weekly earnings including overtime for all employees,Industrial aggregate excluding unclassified businesses,"$1,124.37",  0.7%,  4.5%,140.2
Nov 2022,Quebec,Average weekly earnings including overtime for all employees,Industrial aggregate excluding unclassified businesses,"$1,121.12", -0.3%,  3.6%,139.8
Dec 2022,Quebec,Average weekly earnings including overtime for all employees,Industrial aggregate excluding unclassified businesses,"$1,128.43",  0.7%,  3.7%,140.7
Jan 2023,Quebec,Average weekly earnings including overtime for all employees,Industrial aggregate excluding unclassified businesses,"$1,134.73",  0.6%,  3.5%,141.5
Feb 2023,Quebec,Average weekly earnings including overtime for all employees,Industrial aggregate excluding unclassified businesses,"$1,123.77", -1.0%,  1.3%,140.1
Mar 2023,Quebec,Average weekly earnings including overtime for all employees,Industrial aggregate excluding unclassified businesses,"$1,127.92",  0.4%,  1.1%,140.6
Apr 2023,Quebec,Average weekly earnings including overtime for all employees,Industrial aggregate excluding unclassified businesses,"$1,138.61",  0.9%,  2.2%,142.0
May 2023,Quebec,Average weekly earnings including overtime for all employees,Industrial aggregate excluding unclassified businesses,"$1,150.81",  1.1%,  3.8%,143.5
Jun 2023,Quebec,Average weekly earnings including overtime for all employees,Industrial aggregate excluding unclassified businesses,"$1,158.61",  0.7%,  4.8%,144.5
Jul 2023,Quebec,Average weekly earnings including overtime for all employees,Industrial aggregate excluding unclassified businesses,"$1,161.56",  0.3%,  3.8%,144.8
Aug 2023,Quebec,Average weekly earnings including overtime for all employees,Industrial aggregate excluding unclassified businesses,"$1,166.33",  0.4%,  4.4%,145.4
Sep 2023,Quebec,Average weekly earnings including overtime for all employees,Industrial aggregate excluding unclassified businesses,"$1,172.71",  0.5%,  5.0%,146.2
Oct 2023,Quebec,Average weekly earnings including overtime for all employees,Industrial aggregate excluding unclassified businesses,"$1,175.30",  0.2%,  4.5%,146.5
Nov 2023,Quebec,Average weekly earnings including overtime for all employees,Industrial aggregate excluding unclassified businesses,"$1,184.69",  0.8%,  5.7%,147.7
Dec 2023,Quebec,Average weekly earnings including overtime for all employees,Industrial aggregate excluding unclassified businesses,"$1,166.86", -1.5%,  3.4%,145.5
Jan 2024,Quebec,Average weekly earnings including overtime for all employees,Industrial aggregate excluding unclassified businesses,"$1,172.95",  0.5%,  3.4%,146.2
Feb 2024,Quebec,Average weekly earnings including overtime for all employees,Industrial aggregate excluding unclassified businesses,"$1,175.34",  0.2%,  4.6%,146.5
Mar 2024,Quebec,Average weekly earnings including overtime for all employees,Industrial aggregate excluding unclassified businesses,"$1,183.61",  0.7%,  4.9%,147.6
Apr 2024,Quebec,Average weekly earnings including overtime for all employees,Industrial aggregate excluding unclassified businesses,"$1,184.97",  0.1%,  4.1%,147.7
May 2024,Quebec,Average weekly earnings including overtime for all employees,Industrial aggregate excluding unclassified businesses,"$1,194.00",  0.8%,  3.8%,148.9
Jun 2024,Quebec,Average weekly earnings including overtime for all employees,Industrial aggregate excluding unclassified businesses,"$1,193.40", -0.1%,  3.0%,148.8
Jul 2024,Quebec,Average weekly earnings including overtime for all employees,Industrial aggregate excluding unclassified businesses,"$1,209.22",  1.3%,  4.1%,150.8
Aug 2024,Quebec,Average weekly earnings including overtime for all employees,Industrial aggregate excluding unclassified businesses,"$1,223.82",  1.2%,  4.9%,152.6
Sep 2024,Quebec,Average weekly earnings including overtime for all employees,Industrial aggregate excluding unclassified businesses,"$1,228.46",  0.4%,  4.8%,153.2
Oct 2024,Quebec,Average weekly earnings including overtime for all employees,Industrial aggregate excluding unclassified businesses,"$1,236.23",  0.6%,  5.2%,154.1
Jan 2011,Quebec,Average weekly earnings including overtime for all employees,Construction,"$1,018.62", -1.0%,  0.9%,100.0
Feb 2011,Quebec,Average weekly earnings including overtime for all employees,Construction,"$1,036.50",  1.8%,  2.9%,101.8
Mar 2011,Quebec,Average weekly earnings including overtime for all employees,Construction,"$1,036.06",  0.0%,  3.0%,101.7
Apr 2011,Quebec,Average weekly earnings including overtime for all employees,Construction,$  994.74, -4.0%, -0.6%, 97.7
May 2011,Quebec,Average weekly earnings including overtime for all employees,Construction,"$1,017.43",  2.3%,  0.0%, 99.9
Jun 2011,Quebec,Average weekly earnings including overtime for all employees,Construction,"$1,029.30",  1.2%,  4.1%,101.0
Jul 2011,Quebec,Average weekly earnings including overtime for all employees,Construction,"$1,037.01",  0.7%,  2.1%,101.8
Aug 2011,Quebec,Average weekly earnings including overtime for all employees,Construction,"$1,010.31", -2.6%, -2.1%, 99.2
Sep 2011,Quebec,Average weekly earnings including overtime for all employees,Construction,"$1,031.48",  2.1%,  3.0%,101.3
Oct 2011,Quebec,Average weekly earnings including overtime for all employees,Construction,"$1,021.33", -1.0%, -0.1%,100.3
Nov 2011,Quebec,Average weekly earnings including overtime for all employees,Construction,"$1,048.71",  2.7%,  1.8%,103.0
Dec 2011,Quebec,Average weekly earnings including overtime for all employees,Construction,"$1,050.14",  0.1%,  2.1%,103.1
Jan 2012,Quebec,Average weekly earnings including overtime for all employees,Construction,"$1,044.02", -0.6%,  2.5%,102.5
Feb 2012,Quebec,Average weekly earnings including overtime for all employees,Construction,"$1,062.07",  1.7%,  2.5%,104.3
Mar 2012,Quebec,Average weekly earnings including overtime for all employees,Construction,"$1,093.81",  3.0%,  5.6%,107.4
Apr 2012,Quebec,Average weekly earnings including overtime for all employees,Construction,"$1,081.13", -1.2%,  8.7%,106.1
May 2012,Quebec,Average weekly earnings including overtime for all employees,Construction,"$1,057.57", -2.2%,  3.9%,103.8
Jun 2012,Quebec,Average weekly earnings including overtime for all employees,Construction,"$1,092.83",  3.3%,  6.2%,107.3
Jul 2012,Quebec,Average weekly earnings including overtime for all employees,Construction,"$1,063.99", -2.6%,  2.6%,104.5
Aug 2012,Quebec,Average weekly earnings including overtime for all employees,Construction,"$1,107.98",  4.1%,  9.7%,108.8
Sep 2012,Quebec,Average weekly earnings including overtime for all employees,Construction,"$1,090.52", -1.6%,  5.7%,107.1
Oct 2012,Quebec,Average weekly earnings including overtime for all employees,Construction,"$1,092.63",  0.2%,  7.0%,107.3
Nov 2012,Quebec,Average weekly earnings including overtime for all employees,Construction,"$1,136.16",  4.0%,  8.3%,111.5
Dec 2012,Quebec,Average weekly earnings including overtime for all employees,Construction,"$1,089.37", -4.1%,  3.7%,106.9
Jan 2013,Quebec,Average weekly earnings including overtime for all employees,Construction,"$1,106.11",  1.5%,  5.9%,108.6
Feb 2013,Quebec,Average weekly earnings including overtime for all employees,Construction,"$1,083.48", -2.0%,  2.0%,106.4
Mar 2013,Quebec,Average weekly earnings including overtime for all employees,Construction,"$1,056.06", -2.5%, -3.5%,103.7
Apr 2013,Quebec,Average weekly earnings including overtime for all employees,Construction,"$1,102.64",  4.4%,  2.0%,108.2
May 2013,Quebec,Average weekly earnings including overtime for all employees,Construction,"$1,118.14",  1.4%,  5.7%,109.8
Jun 2013,Quebec,Average weekly earnings including overtime for all employees,Construction,"$1,071.46", -4.2%, -2.0%,105.2
Jul 2013,Quebec,Average weekly earnings including overtime for all employees,Construction,"$1,100.63",  2.7%,  3.4%,108.1
Aug 2013,Quebec,Average weekly earnings including overtime for all employees,Construction,"$1,106.75",  0.6%, -0.1%,108.7
Sep 2013,Quebec,Average weekly earnings including overtime for all employees,Construction,"$1,115.41",  0.8%,  2.3%,109.5
Oct 2013,Quebec,Average weekly earnings including overtime for all employees,Construction,"$1,131.46",  1.4%,  3.6%,111.1
Nov 2013,Quebec,Average weekly earnings including overtime for all employees,Construction,"$1,090.90", -3.6%, -4.0%,107.1
Dec 2013,Quebec,Average weekly earnings including overtime for all employees,Construction,"$1,131.25",  3.7%,  3.8%,111.1
Jan 2014,Quebec,Average weekly earnings including overtime for all employees,Construction,"$1,126.25", -0.4%,  1.8%,110.6
Feb 2014,Quebec,Average weekly earnings including overtime for all employees,Construction,"$1,139.62",  1.2%,  5.2%,111.9
Mar 2014,Quebec,Average weekly earnings including overtime for all employees,Construction,"$1,129.39", -0.9%,  6.9%,110.9
Apr 2014,Quebec,Average weekly earnings including overtime for all employees,Construction,"$1,132.70",  0.3%,  2.7%,111.2
May 2014,Quebec,Average weekly earnings including overtime for all employees,Construction,"$1,168.40",  3.2%,  4.5%,114.7
Jun 2014,Quebec,Average weekly earnings including overtime for all employees,Construction,"$1,164.79", -0.3%,  8.7%,114.3
Jul 2014,Quebec,Average weekly earnings including overtime for all employees,Construction,"$1,173.92",  0.8%,  6.7%,115.2
Aug 2014,Quebec,Average weekly earnings including overtime for all employees,Construction,"$1,163.62", -0.9%,  5.1%,114.2
Sep 2014,Quebec,Average weekly earnings including overtime for all employees,Construction,"$1,151.94", -1.0%,  3.3%,113.1
Oct 2014,Quebec,Average weekly earnings including overtime for all employees,Construction,"$1,159.19",  0.6%,  2.5%,113.8
Nov 2014,Quebec,Average weekly earnings including overtime for all employees,Construction,"$1,112.62", -4.0%,  2.0%,109.2
Dec 2014,Quebec,Average weekly earnings including overtime for all employees,Construction,"$1,128.26",  1.4%, -0.3%,110.8
Jan 2015,Quebec,Average weekly earnings including overtime for all employees,Construction,"$1,101.34", -2.4%, -2.2%,108.1
Feb 2015,Quebec,Average weekly earnings including overtime for all employees,Construction,"$1,100.77", -0.1%, -3.4%,108.1
Mar 2015,Quebec,Average weekly earnings including overtime for all employees,Construction,"$1,128.97",  2.6%,  0.0%,110.8
Apr 2015,Quebec,Average weekly earnings including overtime for all employees,Construction,"$1,122.74", -0.6%, -0.9%,110.2
May 2015,Quebec,Average weekly earnings including overtime for all employees,Construction,"$1,098.90", -2.1%, -5.9%,107.9
Jun 2015,Quebec,Average weekly earnings including overtime for all employees,Construction,"$1,151.72",  4.8%, -1.1%,113.1
Jul 2015,Quebec,Average weekly earnings including overtime for all employees,Construction,"$1,103.08", -4.2%, -6.0%,108.3
Aug 2015,Quebec,Average weekly earnings including overtime for all employees,Construction,"$1,110.20",  0.6%, -4.6%,109.0
Sep 2015,Quebec,Average weekly earnings including overtime for all employees,Construction,"$1,148.30",  3.4%, -0.3%,112.7
Oct 2015,Quebec,Average weekly earnings including overtime for all employees,Construction,"$1,104.13", -3.8%, -4.7%,108.4
Nov 2015,Quebec,Average weekly earnings including overtime for all employees,Construction,"$1,128.94",  2.2%,  1.5%,110.8
Dec 2015,Quebec,Average weekly earnings including overtime for all employees,Construction,"$1,107.60", -1.9%, -1.8%,108.7
Jan 2016,Quebec,Average weekly earnings including overtime for all employees,Construction,"$1,147.93",  3.6%,  4.2%,112.7
Feb 2016,Quebec,Average weekly earnings including overtime for all employees,Construction,"$1,152.04",  0.4%,  4.7%,113.1
Mar 2016,Quebec,Average weekly earnings including overtime for all employees,Construction,"$1,134.59", -1.5%,  0.5%,111.4
Apr 2016,Quebec,Average weekly earnings including overtime for all employees,Construction,"$1,139.94",  0.5%,  1.5%,111.9
May 2016,Quebec,Average weekly earnings including overtime for all employees,Construction,"$1,142.18",  0.2%,  3.9%,112.1
Jun 2016,Quebec,Average weekly earnings including overtime for all employees,Construction,"$1,127.82", -1.3%, -2.1%,110.7
Jul 2016,Quebec,Average weekly earnings including overtime for all employees,Construction,"$1,157.20",  2.6%,  4.9%,113.6
Aug 2016,Quebec,Average weekly earnings including overtime for all employees,Construction,"$1,102.33", -4.7%, -0.7%,108.2
Sep 2016,Quebec,Average weekly earnings including overtime for all employees,Construction,"$1,124.24",  2.0%, -2.1%,110.4
Oct 2016,Quebec,Average weekly earnings including overtime for all employees,Construction,"$1,140.90",  1.5%,  3.3%,112.0
Nov 2016,Quebec,Average weekly earnings including overtime for all employees,Construction,"$1,157.58",  1.5%,  2.5%,113.6
Dec 2016,Quebec,Average weekly earnings including overtime for all employees,Construction,"$1,163.47",  0.5%,  5.0%,114.2
Jan 2017,Quebec,Average weekly earnings including overtime for all employees,Construction,"$1,157.97", -0.5%,  0.9%,113.7
Feb 2017,Quebec,Average weekly earnings including overtime for all employees,Construction,"$1,127.35", -2.6%, -2.1%,110.7
Mar 2017,Quebec,Average weekly earnings including overtime for all employees,Construction,"$1,112.88", -1.3%, -1.9%,109.3
Apr 2017,Quebec,Average weekly earnings including overtime for all employees,Construction,"$1,159.49",  4.2%,  1.7%,113.8
May 2017,Quebec,Average weekly earnings including overtime for all employees,Construction,"$1,146.31", -1.1%,  0.4%,112.5
Jun 2017,Quebec,Average weekly earnings including overtime for all employees,Construction,"$1,102.89", -3.8%, -2.2%,108.3
Jul 2017,Quebec,Average weekly earnings including overtime for all employees,Construction,"$1,137.63",  3.1%, -1.7%,111.7
Aug 2017,Quebec,Average weekly earnings including overtime for all employees,Construction,"$1,175.97",  3.4%,  6.7%,115.4
Sep 2017,Quebec,Average weekly earnings including overtime for all employees,Construction,"$1,158.88", -1.5%,  3.1%,113.8
Oct 2017,Quebec,Average weekly earnings including overtime for all employees,Construction,"$1,167.35",  0.7%,  2.3%,114.6
Nov 2017,Quebec,Average weekly earnings including overtime for all employees,Construction,"$1,175.40",  0.7%,  1.5%,115.4
Dec 2017,Quebec,Average weekly earnings including overtime for all employees,Construction,"$1,207.30",  2.7%,  3.8%,118.5
Jan 2018,Quebec,Average weekly earnings including overtime for all employees,Construction,"$1,155.04", -4.3%, -0.3%,113.4
Feb 2018,Quebec,Average weekly earnings including overtime for all employees,Construction,"$1,177.58",  2.0%,  4.5%,115.6
Mar 2018,Quebec,Average weekly earnings including overtime for all employees,Construction,"$1,200.97",  2.0%,  7.9%,117.9
Apr 2018,Quebec,Average weekly earnings including overtime for all employees,Construction,"$1,188.75", -1.0%,  2.5%,116.7
May 2018,Quebec,Average weekly earnings including overtime for all employees,Construction,"$1,202.04",  1.1%,  4.9%,118.0
Jun 2018,Quebec,Average weekly earnings including overtime for all employees,Construction,"$1,237.43",  2.9%, 12.2%,121.5
Jul 2018,Quebec,Average weekly earnings including overtime for all employees,Construction,"$1,215.20", -1.8%,  6.8%,119.3
Aug 2018,Quebec,Average weekly earnings including overtime for all employees,Construction,"$1,204.41", -0.9%,  2.4%,118.2
Sep 2018,Quebec,Average weekly earnings including overtime for all employees,Construction,"$1,207.09",  0.2%,  4.2%,118.5
Oct 2018,Quebec,Average weekly earnings including overtime for all employees,Construction,"$1,207.30",  0.0%,  3.4%,118.5
Nov 2018,Quebec,Average weekly earnings including overtime for all employees,Construction,"$1,222.05",  1.2%,  4.0%,120.0
Dec 2018,Quebec,Average weekly earnings including overtime for all employees,Construction,"$1,161.71", -4.9%, -3.8%,114.0
Jan 2019,Quebec,Average weekly earnings including overtime for all employees,Construction,"$1,195.05",  2.9%,  3.5%,117.3
Feb 2019,Quebec,Average weekly earnings including overtime for all employees,Construction,"$1,242.18",  3.9%,  5.5%,121.9
Mar 2019,Quebec,Average weekly earnings including overtime for all employees,Construction,"$1,246.10",  0.3%,  3.8%,122.3
Apr 2019,Quebec,Average weekly earnings including overtime for all employees,Construction,"$1,204.86", -3.3%,  1.4%,118.3
May 2019,Quebec,Average weekly earnings including overtime for all employees,Construction,"$1,213.16",  0.7%,  0.9%,119.1
Jun 2019,Quebec,Average weekly earnings including overtime for all employees,Construction,"$1,256.87",  3.6%,  1.6%,123.4
Jul 2019,Quebec,Average weekly earnings including overtime for all employees,Construction,"$1,251.22", -0.4%,  3.0%,122.8
Aug 2019,Quebec,Average weekly earnings including overtime for all employees,Construction,"$1,242.63", -0.7%,  3.2%,122.0
Sep 2019,Quebec,Average weekly earnings including overtime for all employees,Construction,"$1,236.26", -0.5%,  2.4%,121.4
Oct 2019,Quebec,Average weekly earnings including overtime for all employees,Construction,"$1,229.65", -0.5%,  1.9%,120.7
Nov 2019,Quebec,Average weekly earnings including overtime for all employees,Construction,"$1,234.27",  0.4%,  1.0%,121.2
Dec 2019,Quebec,Average weekly earnings including overtime for all employees,Construction,"$1,281.49",  3.8%, 10.3%,125.8
Jan 2020,Quebec,Average weekly earnings including overtime for all employees,Construction,"$1,297.27",  1.2%,  8.6%,127.4
Feb 2020,Quebec,Average weekly earnings including overtime for all employees,Construction,"$1,268.94", -2.2%,  2.2%,124.6
Mar 2020,Quebec,Average weekly earnings including overtime for all employees,Construction,"$1,180.41", -7.0%, -5.3%,115.9
Apr 2020,Quebec,Average weekly earnings including overtime for all employees,Construction,"$1,125.82", -4.6%, -6.6%,110.5
May 2020,Quebec,Average weekly earnings including overtime for all employees,Construction,"$1,224.72",  8.8%,  1.0%,120.2
Jun 2020,Quebec,Average weekly earnings including overtime for all employees,Construction,"$1,264.56",  3.3%,  0.6%,124.1
Jul 2020,Quebec,Average weekly earnings including overtime for all employees,Construction,"$1,266.55",  0.2%,  1.2%,124.3
Aug 2020,Quebec,Average weekly earnings including overtime for all employees,Construction,"$1,293.40",  2.1%,  4.1%,127.0
Sep 2020,Quebec,Average weekly earnings including overtime for all employees,Construction,"$1,298.59",  0.4%,  5.0%,127.5
Oct 2020,Quebec,Average weekly earnings including overtime for all employees,Construction,"$1,323.54",  1.9%,  7.6%,129.9
Nov 2020,Quebec,Average weekly earnings including overtime for all employees,Construction,"$1,321.29", -0.2%,  7.1%,129.7
Dec 2020,Quebec,Average weekly earnings including overtime for all employees,Construction,"$1,328.57",  0.6%,  3.7%,130.4
Jan 2021,Quebec,Average weekly earnings including overtime for all employees,Construction,"$1,343.29",  1.1%,  3.5%,131.9
Feb 2021,Quebec,Average weekly earnings including overtime for all employees,Construction,"$1,348.86",  0.4%,  6.3%,132.4
Mar 2021,Quebec,Average weekly earnings including overtime for all employees,Construction,"$1,345.47", -0.3%, 14.0%,132.1
Apr 2021,Quebec,Average weekly earnings including overtime for all employees,Construction,"$1,432.11",  6.4%, 27.2%,140.6
May 2021,Quebec,Average weekly earnings including overtime for all employees,Construction,"$1,368.21", -4.5%, 11.7%,134.3
Jun 2021,Quebec,Average weekly earnings including overtime for all employees,Construction,"$1,350.98", -1.3%,  6.8%,132.6
Jul 2021,Quebec,Average weekly earnings including overtime for all employees,Construction,"$1,373.28",  1.7%,  8.4%,134.8
Aug 2021,Quebec,Average weekly earnings including overtime for all employees,Construction,"$1,375.17",  0.1%,  6.3%,135.0
Sep 2021,Quebec,Average weekly earnings including overtime for all employees,Construction,"$1,383.62",  0.6%,  6.5%,135.8
Oct 2021,Quebec,Average weekly earnings including overtime for all employees,Construction,"$1,410.02",  1.9%,  6.5%,138.4
Nov 2021,Quebec,Average weekly earnings including overtime for all employees,Construction,"$1,388.11", -1.6%,  5.1%,136.3
Dec 2021,Quebec,Average weekly earnings including overtime for all employees,Construction,"$1,406.31",  1.3%,  5.9%,138.1
Jan 2022,Quebec,Average weekly earnings including overtime for all employees,Construction,"$1,371.89", -2.4%,  2.1%,134.7
Feb 2022,Quebec,Average weekly earnings including overtime for all employees,Construction,"$1,386.06",  1.0%,  2.8%,136.1
Mar 2022,Quebec,Average weekly earnings including overtime for all employees,Construction,"$1,433.49",  3.4%,  6.5%,140.7
Apr 2022,Quebec,Average weekly earnings including overtime for all employees,Construction,"$1,410.51", -1.6%, -1.5%,138.5
May 2022,Quebec,Average weekly earnings including overtime for all employees,Construction,"$1,367.41", -3.1%, -0.1%,134.2
Jun 2022,Quebec,Average weekly earnings including overtime for all employees,Construction,"$1,424.33",  4.2%,  5.4%,139.8
Jul 2022,Quebec,Average weekly earnings including overtime for all employees,Construction,"$1,418.57", -0.4%,  3.3%,139.3
Aug 2022,Quebec,Average weekly earnings including overtime for all employees,Construction,"$1,431.35",  0.9%,  4.1%,140.5
Sep 2022,Quebec,Average weekly earnings including overtime for all employees,Construction,"$1,447.05",  1.1%,  4.6%,142.1
Oct 2022,Quebec,Average weekly earnings including overtime for all employees,Construction,"$1,416.59", -2.1%,  0.5%,139.1
Nov 2022,Quebec,Average weekly earnings including overtime for all employees,Construction,"$1,444.09",  1.9%,  4.0%,141.8
Dec 2022,Quebec,Average weekly earnings including overtime for all employees,Construction,"$1,441.18", -0.2%,  2.5%,141.5
Jan 2023,Quebec,Average weekly earnings including overtime for all employees,Construction,"$1,459.48",  1.3%,  6.4%,143.3
Feb 2023,Quebec,Average weekly earnings including overtime for all employees,Construction,"$1,463.06",  0.2%,  5.6%,143.6
Mar 2023,Quebec,Average weekly earnings including overtime for all employees,Construction,"$1,452.35", -0.7%,  1.3%,142.6
Apr 2023,Quebec,Average weekly earnings including overtime for all employees,Construction,"$1,484.39",  2.2%,  5.2%,145.7
May 2023,Quebec,Average weekly earnings including overtime for all employees,Construction,"$1,488.78",  0.3%,  8.9%,146.2
Jun 2023,Quebec,Average weekly earnings including overtime for all employees,Construction,"$1,472.23", -1.1%,  3.4%,144.5
Jul 2023,Quebec,Average weekly earnings including overtime for all employees,Construction,"$1,490.91",  1.3%,  5.1%,146.4
Aug 2023,Quebec,Average weekly earnings including overtime for all employees,Construction,"$1,508.09",  1.2%,  5.4%,148.1
Sep 2023,Quebec,Average weekly earnings including overtime for all employees,Construction,"$1,491.76", -1.1%,  3.1%,146.4
Oct 2023,Quebec,Average weekly earnings including overtime for all employees,Construction,"$1,514.16",  1.5%,  6.9%,148.6
Nov 2023,Quebec,Average weekly earnings including overtime for all employees,Construction,"$1,516.93",  0.2%,  5.0%,148.9
Dec 2023,Quebec,Average weekly earnings including overtime for all employees,Construction,"$1,496.42", -1.4%,  3.8%,146.9
Jan 2024,Quebec,Average weekly earnings including overtime for all employees,Construction,"$1,535.32",  2.6%,  5.2%,150.7
Feb 2024,Quebec,Average weekly earnings including overtime for all employees,Construction,"$1,513.48", -1.4%,  3.4%,148.6
Mar 2024,Quebec,Average weekly earnings including overtime for all employees,Construction,"$1,458.29", -3.6%,  0.4%,143.2
Apr 2024,Quebec,Average weekly earnings including overtime for all employees,Construction,"$1,478.86",  1.4%, -0.4%,145.2
May 2024,Quebec,Average weekly earnings including overtime for all employees,Construction,"$1,530.12",  3.5%,  2.8%,150.2
Jun 2024,Quebec,Average weekly earnings including overtime for all employees,Construction,"$1,526.48", -0.2%,  3.7%,149.9
Jul 2024,Quebec,Average weekly earnings including overtime for all employees,Construction,"$1,502.97", -1.5%,  0.8%,147.5
Aug 2024,Quebec,Average weekly earnings including overtime for all employees,Construction,"$1,487.98", -1.0%, -1.3%,146.1
Sep 2024,Quebec,Average weekly earnings including overtime for all employees,Construction,"$1,523.90",  2.4%,  2.2%,149.6
Oct 2024,Quebec,Average weekly earnings including overtime for all employees,Construction,"$1,540.78",  1.1%,  1.8%,151.3
Jan 2011,Quebec,Average weekly earnings including overtime for all employees,Manufacturing,$  938.80,  2.0%,  6.5%,100.0
Feb 2011,Quebec,Average weekly earnings including overtime for all employees,Manufacturing,$  954.79,  1.7%,  5.9%,101.7
Mar 2011,Quebec,Average weekly earnings including overtime for all employees,Manufacturing,$  945.73, -0.9%,  5.1%,100.7
Apr 2011,Quebec,Average weekly earnings including overtime for all employees,Manufacturing,$  917.33, -3.0%,  3.9%, 97.7
May 2011,Quebec,Average weekly earnings including overtime for all employees,Manufacturing,$  930.68,  1.5%,  3.7%, 99.1
Jun 2011,Quebec,Average weekly earnings including overtime for all employees,Manufacturing,$  911.88, -2.0%,  2.8%, 97.1
Jul 2011,Quebec,Average weekly earnings including overtime for all employees,Manufacturing,$  928.92,  1.9%, -0.3%, 98.9
Aug 2011,Quebec,Average weekly earnings including overtime for all employees,Manufacturing,$  906.29, -2.4%,  0.1%, 96.5
Sep 2011,Quebec,Average weekly earnings including overtime for all employees,Manufacturing,$  913.88,  0.8%, -2.7%, 97.3
Oct 2011,Quebec,Average weekly earnings including overtime for all employees,Manufacturing,$  944.60,  3.4%,  4.0%,100.6
Nov 2011,Quebec,Average weekly earnings including overtime for all employees,Manufacturing,$  948.91,  0.5%,  2.7%,101.1
Dec 2011,Quebec,Average weekly earnings including overtime for all employees,Manufacturing,$  938.41, -1.1%,  2.0%,100.0
Jan 2012,Quebec,Average weekly earnings including overtime for all employees,Manufacturing,$  939.61,  0.1%,  0.1%,100.1
Feb 2012,Quebec,Average weekly earnings including overtime for all employees,Manufacturing,$  950.81,  1.2%, -0.4%,101.3
Mar 2012,Quebec,Average weekly earnings including overtime for all employees,Manufacturing,$  933.52, -1.8%, -1.3%, 99.4
Apr 2012,Quebec,Average weekly earnings including overtime for all employees,Manufacturing,$  935.13,  0.2%,  1.9%, 99.6
May 2012,Quebec,Average weekly earnings including overtime for all employees,Manufacturing,$  960.02,  2.7%,  3.2%,102.3
Jun 2012,Quebec,Average weekly earnings including overtime for all employees,Manufacturing,$  934.87, -2.6%,  2.5%, 99.6
Jul 2012,Quebec,Average weekly earnings including overtime for all employees,Manufacturing,$  938.64,  0.4%,  1.0%,100.0
Aug 2012,Quebec,Average weekly earnings including overtime for all employees,Manufacturing,$  950.46,  1.3%,  4.9%,101.2
Sep 2012,Quebec,Average weekly earnings including overtime for all employees,Manufacturing,$  958.05,  0.8%,  4.8%,102.1
Oct 2012,Quebec,Average weekly earnings including overtime for all employees,Manufacturing,$  954.43, -0.4%,  1.0%,101.7
Nov 2012,Quebec,Average weekly earnings including overtime for all employees,Manufacturing,$  946.70, -0.8%, -0.2%,100.8
Dec 2012,Quebec,Average weekly earnings including overtime for all employees,Manufacturing,$  961.73,  1.6%,  2.5%,102.4
Jan 2013,Quebec,Average weekly earnings including overtime for all employees,Manufacturing,$  964.24,  0.3%,  2.6%,102.7
Feb 2013,Quebec,Average weekly earnings including overtime for all employees,Manufacturing,$  949.87, -1.5%, -0.1%,101.2
Mar 2013,Quebec,Average weekly earnings including overtime for all employees,Manufacturing,$  934.47, -1.6%,  0.1%, 99.5
Apr 2013,Quebec,Average weekly earnings including overtime for all employees,Manufacturing,$  964.69,  3.2%,  3.2%,102.8
May 2013,Quebec,Average weekly earnings including overtime for all employees,Manufacturing,$  962.57, -0.2%,  0.3%,102.5
Jun 2013,Quebec,Average weekly earnings including overtime for all employees,Manufacturing,$  960.92, -0.2%,  2.8%,102.4
Jul 2013,Quebec,Average weekly earnings including overtime for all employees,Manufacturing,$  984.00,  2.4%,  4.8%,104.8
Aug 2013,Quebec,Average weekly earnings including overtime for all employees,Manufacturing,$  975.60, -0.9%,  2.6%,103.9
Sep 2013,Quebec,Average weekly earnings including overtime for all employees,Manufacturing,$  955.19, -2.1%, -0.3%,101.7
Oct 2013,Quebec,Average weekly earnings including overtime for all employees,Manufacturing,$  975.47,  2.1%,  2.2%,103.9
Nov 2013,Quebec,Average weekly earnings including overtime for all employees,Manufacturing,$  941.77, -3.5%, -0.5%,100.3
Dec 2013,Quebec,Average weekly earnings including overtime for all employees,Manufacturing,$  972.42,  3.3%,  1.1%,103.6
Jan 2014,Quebec,Average weekly earnings including overtime for all employees,Manufacturing,$  952.92, -2.0%, -1.2%,101.5
Feb 2014,Quebec,Average weekly earnings including overtime for all employees,Manufacturing,$  955.97,  0.3%,  0.6%,101.8
Mar 2014,Quebec,Average weekly earnings including overtime for all employees,Manufacturing,$  964.34,  0.9%,  3.2%,102.7
Apr 2014,Quebec,Average weekly earnings including overtime for all employees,Manufacturing,$  970.31,  0.6%,  0.6%,103.4
May 2014,Quebec,Average weekly earnings including overtime for all employees,Manufacturing,$  963.90, -0.7%,  0.1%,102.7
Jun 2014,Quebec,Average weekly earnings including overtime for all employees,Manufacturing,$  964.36,  0.0%,  0.4%,102.7
Jul 2014,Quebec,Average weekly earnings including overtime for all employees,Manufacturing,$  995.55,  3.2%,  1.2%,106.0
Aug 2014,Quebec,Average weekly earnings including overtime for all employees,Manufacturing,$  948.65, -4.7%, -2.8%,101.0
Sep 2014,Quebec,Average weekly earnings including overtime for all employees,Manufacturing,$  966.49,  1.9%,  1.2%,102.9
Oct 2014,Quebec,Average weekly earnings including overtime for all employees,Manufacturing,$  973.63,  0.7%, -0.2%,103.7
Nov 2014,Quebec,Average weekly earnings including overtime for all employees,Manufacturing,$  969.62, -0.4%,  3.0%,103.3
Dec 2014,Quebec,Average weekly earnings including overtime for all employees,Manufacturing,$  977.98,  0.9%,  0.6%,104.2
Jan 2015,Quebec,Average weekly earnings including overtime for all employees,Manufacturing,$  975.20, -0.3%,  2.3%,103.9
Feb 2015,Quebec,Average weekly earnings including overtime for all employees,Manufacturing,$  989.12,  1.4%,  3.5%,105.4
Mar 2015,Quebec,Average weekly earnings including overtime for all employees,Manufacturing,$  997.47,  0.8%,  3.4%,106.2
Apr 2015,Quebec,Average weekly earnings including overtime for all employees,Manufacturing,"$1,048.83",  5.1%,  8.1%,111.7
May 2015,Quebec,Average weekly earnings including overtime for all employees,Manufacturing,$  967.71, -7.7%,  0.4%,103.1
Jun 2015,Quebec,Average weekly earnings including overtime for all employees,Manufacturing,$  989.91,  2.3%,  2.6%,105.4
Jul 2015,Quebec,Average weekly earnings including overtime for all employees,Manufacturing,"$1,047.07",  5.8%,  5.2%,111.5
Aug 2015,Quebec,Average weekly earnings including overtime for all employees,Manufacturing,$  973.12, -7.1%,  2.6%,103.7
Sep 2015,Quebec,Average weekly earnings including overtime for all employees,Manufacturing,$  991.93,  1.9%,  2.6%,105.7
Oct 2015,Quebec,Average weekly earnings including overtime for all employees,Manufacturing,"$1,027.81",  3.6%,  5.6%,109.5
Nov 2015,Quebec,Average weekly earnings including overtime for all employees,Manufacturing,$  989.69, -3.7%,  2.1%,105.4
Dec 2015,Quebec,Average weekly earnings including overtime for all employees,Manufacturing,"$1,023.09",  3.4%,  4.6%,109.0
Jan 2016,Quebec,Average weekly earnings including overtime for all employees,Manufacturing,$  980.69, -4.1%,  0.6%,104.5
Feb 2016,Quebec,Average weekly earnings including overtime for all employees,Manufacturing,"$1,007.36",  2.7%,  1.8%,107.3
Mar 2016,Quebec,Average weekly earnings including overtime for all employees,Manufacturing,"$1,037.35",  3.0%,  4.0%,110.5
Apr 2016,Quebec,Average weekly earnings including overtime for all employees,Manufacturing,$  992.32, -4.3%, -5.4%,105.7
May 2016,Quebec,Average weekly earnings including overtime for all employees,Manufacturing,$  999.02,  0.7%,  3.2%,106.4
Jun 2016,Quebec,Average weekly earnings including overtime for all employees,Manufacturing,"$1,033.03",  3.4%,  4.4%,110.0
Jul 2016,Quebec,Average weekly earnings including overtime for all employees,Manufacturing,"$1,019.47", -1.3%, -2.6%,108.6
Aug 2016,Quebec,Average weekly earnings including overtime for all employees,Manufacturing,"$1,021.28",  0.2%,  4.9%,108.8
Sep 2016,Quebec,Average weekly earnings including overtime for all employees,Manufacturing,"$1,040.80",  1.9%,  4.9%,110.9
Oct 2016,Quebec,Average weekly earnings including overtime for all employees,Manufacturing,"$1,015.09", -2.5%, -1.2%,108.1
Nov 2016,Quebec,Average weekly earnings including overtime for all employees,Manufacturing,"$1,022.20",  0.7%,  3.3%,108.9
Dec 2016,Quebec,Average weekly earnings including overtime for all employees,Manufacturing,"$1,039.45",  1.7%,  1.6%,110.7
Jan 2017,Quebec,Average weekly earnings including overtime for all employees,Manufacturing,"$1,020.39", -1.8%,  4.0%,108.7
Feb 2017,Quebec,Average weekly earnings including overtime for all employees,Manufacturing,"$1,024.54",  0.4%,  1.7%,109.1
Mar 2017,Quebec,Average weekly earnings including overtime for all employees,Manufacturing,"$1,016.95", -0.7%, -2.0%,108.3
Apr 2017,Quebec,Average weekly earnings including overtime for all employees,Manufacturing,"$1,018.49",  0.2%,  2.6%,108.5
May 2017,Quebec,Average weekly earnings including overtime for all employees,Manufacturing,"$1,008.83", -0.9%,  1.0%,107.5
Jun 2017,Quebec,Average weekly earnings including overtime for all employees,Manufacturing,"$1,029.27",  2.0%, -0.4%,109.6
Jul 2017,Quebec,Average weekly earnings including overtime for all employees,Manufacturing,"$1,036.35",  0.7%,  1.7%,110.4
Aug 2017,Quebec,Average weekly earnings including overtime for all employees,Manufacturing,"$1,030.37", -0.6%,  0.9%,109.8
Sep 2017,Quebec,Average weekly earnings including overtime for all employees,Manufacturing,"$1,027.03", -0.3%, -1.3%,109.4
Oct 2017,Quebec,Average weekly earnings including overtime for all employees,Manufacturing,"$1,029.23",  0.2%,  1.4%,109.6
Nov 2017,Quebec,Average weekly earnings including overtime for all employees,Manufacturing,"$1,039.24",  1.0%,  1.7%,110.7
Dec 2017,Quebec,Average weekly earnings including overtime for all employees,Manufacturing,"$1,013.78", -2.4%, -2.5%,108.0
Jan 2018,Quebec,Average weekly earnings including overtime for all employees,Manufacturing,"$1,011.69", -0.2%, -0.9%,107.8
Feb 2018,Quebec,Average weekly earnings including overtime for all employees,Manufacturing,"$1,025.55",  1.4%,  0.1%,109.2
Mar 2018,Quebec,Average weekly earnings including overtime for all employees,Manufacturing,"$1,038.77",  1.3%,  2.1%,110.6
Apr 2018,Quebec,Average weekly earnings including overtime for all employees,Manufacturing,"$1,023.15", -1.5%,  0.5%,109.0
May 2018,Quebec,Average weekly earnings including overtime for all employees,Manufacturing,"$1,047.22",  2.4%,  3.8%,111.5
Jun 2018,Quebec,Average weekly earnings including overtime for all employees,Manufacturing,$  997.96, -4.7%, -3.0%,106.3
Jul 2018,Quebec,Average weekly earnings including overtime for all employees,Manufacturing,"$1,027.18",  2.9%, -0.9%,109.4
Aug 2018,Quebec,Average weekly earnings including overtime for all employees,Manufacturing,"$1,036.82",  0.9%,  0.6%,110.4
Sep 2018,Quebec,Average weekly earnings including overtime for all employees,Manufacturing,"$1,020.26", -1.6%, -0.7%,108.7
Oct 2018,Quebec,Average weekly earnings including overtime for all employees,Manufacturing,"$1,033.94",  1.3%,  0.5%,110.1
Nov 2018,Quebec,Average weekly earnings including overtime for all employees,Manufacturing,"$1,054.52",  2.0%,  1.5%,112.3
Dec 2018,Quebec,Average weekly earnings including overtime for all employees,Manufacturing,"$1,090.86",  3.4%,  7.6%,116.2
Jan 2019,Quebec,Average weekly earnings including overtime for all employees,Manufacturing,"$1,081.64", -0.8%,  6.9%,115.2
Feb 2019,Quebec,Average weekly earnings including overtime for all employees,Manufacturing,"$1,053.69", -2.6%,  2.7%,112.2
Mar 2019,Quebec,Average weekly earnings including overtime for all employees,Manufacturing,"$1,063.99",  1.0%,  2.4%,113.3
Apr 2019,Quebec,Average weekly earnings including overtime for all employees,Manufacturing,"$1,082.27",  1.7%,  5.8%,115.3
May 2019,Quebec,Average weekly earnings including overtime for all employees,Manufacturing,"$1,085.20",  0.3%,  3.6%,115.6
Jun 2019,Quebec,Average weekly earnings including overtime for all employees,Manufacturing,"$1,069.07", -1.5%,  7.1%,113.9
Jul 2019,Quebec,Average weekly earnings including overtime for all employees,Manufacturing,"$1,080.16",  1.0%,  5.2%,115.1
Aug 2019,Quebec,Average weekly earnings including overtime for all employees,Manufacturing,"$1,090.43",  1.0%,  5.2%,116.2
Sep 2019,Quebec,Average weekly earnings including overtime for all employees,Manufacturing,"$1,092.70",  0.2%,  7.1%,116.4
Oct 2019,Quebec,Average weekly earnings including overtime for all employees,Manufacturing,"$1,136.48",  4.0%,  9.9%,121.1
Nov 2019,Quebec,Average weekly earnings including overtime for all employees,Manufacturing,"$1,077.99", -5.1%,  2.2%,114.8
Dec 2019,Quebec,Average weekly earnings including overtime for all employees,Manufacturing,"$1,112.99",  3.2%,  2.0%,118.6
Jan 2020,Quebec,Average weekly earnings including overtime for all employees,Manufacturing,"$1,122.31",  0.8%,  3.8%,119.5
Feb 2020,Quebec,Average weekly earnings including overtime for all employees,Manufacturing,"$1,125.45",  0.3%,  6.8%,119.9
Mar 2020,Quebec,Average weekly earnings including overtime for all employees,Manufacturing,"$1,092.86", -2.9%,  2.7%,116.4
Apr 2020,Quebec,Average weekly earnings including overtime for all employees,Manufacturing,"$1,152.30",  5.4%,  6.5%,122.7
May 2020,Quebec,Average weekly earnings including overtime for all employees,Manufacturing,"$1,085.06", -5.8%,  0.0%,115.6
Jun 2020,Quebec,Average weekly earnings including overtime for all employees,Manufacturing,"$1,088.92",  0.4%,  1.9%,116.0
Jul 2020,Quebec,Average weekly earnings including overtime for all employees,Manufacturing,"$1,102.46",  1.2%,  2.1%,117.4
Aug 2020,Quebec,Average weekly earnings including overtime for all employees,Manufacturing,"$1,112.39",  0.9%,  2.0%,118.5
Sep 2020,Quebec,Average weekly earnings including overtime for all employees,Manufacturing,"$1,118.31",  0.5%,  2.3%,119.1
Oct 2020,Quebec,Average weekly earnings including overtime for all employees,Manufacturing,"$1,127.60",  0.8%, -0.8%,120.1
Nov 2020,Quebec,Average weekly earnings including overtime for all employees,Manufacturing,"$1,120.70", -0.6%,  4.0%,119.4
Dec 2020,Quebec,Average weekly earnings including overtime for all employees,Manufacturing,"$1,142.44",  1.9%,  2.6%,121.7
Jan 2021,Quebec,Average weekly earnings including overtime for all employees,Manufacturing,"$1,125.72", -1.5%,  0.3%,119.9
Feb 2021,Quebec,Average weekly earnings including overtime for all employees,Manufacturing,"$1,166.55",  3.6%,  3.7%,124.3
Mar 2021,Quebec,Average weekly earnings including overtime for all employees,Manufacturing,"$1,142.31", -2.1%,  4.5%,121.7
Apr 2021,Quebec,Average weekly earnings including overtime for all employees,Manufacturing,"$1,146.67",  0.4%, -0.5%,122.1
May 2021,Quebec,Average weekly earnings including overtime for all employees,Manufacturing,"$1,144.33", -0.2%,  5.5%,121.9
Jun 2021,Quebec,Average weekly earnings including overtime for all employees,Manufacturing,"$1,164.67",  1.8%,  7.0%,124.1
Jul 2021,Quebec,Average weekly earnings including overtime for all employees,Manufacturing,"$1,112.90", -4.4%,  0.9%,118.5
Aug 2021,Quebec,Average weekly earnings including overtime for all employees,Manufacturing,"$1,151.52",  3.5%,  3.5%,122.7
Sep 2021,Quebec,Average weekly earnings including overtime for all employees,Manufacturing,"$1,213.57",  5.4%,  8.5%,129.3
Oct 2021,Quebec,Average weekly earnings including overtime for all employees,Manufacturing,"$1,128.11", -7.0%,  0.0%,120.2
Nov 2021,Quebec,Average weekly earnings including overtime for all employees,Manufacturing,"$1,146.54",  1.6%,  2.3%,122.1
Dec 2021,Quebec,Average weekly earnings including overtime for all employees,Manufacturing,"$1,203.83",  5.0%,  5.4%,128.2
Jan 2022,Quebec,Average weekly earnings including overtime for all employees,Manufacturing,"$1,187.52", -1.4%,  5.5%,126.5
Feb 2022,Quebec,Average weekly earnings including overtime for all employees,Manufacturing,"$1,208.64",  1.8%,  3.6%,128.7
Mar 2022,Quebec,Average weekly earnings including overtime for all employees,Manufacturing,"$1,258.34",  4.1%, 10.2%,134.0
Apr 2022,Quebec,Average weekly earnings including overtime for all employees,Manufacturing,"$1,232.25", -2.1%,  7.5%,131.3
May 2022,Quebec,Average weekly earnings including overtime for all employees,Manufacturing,"$1,226.89", -0.4%,  7.2%,130.7
Jun 2022,Quebec,Average weekly earnings including overtime for all employees,Manufacturing,"$1,253.91",  2.2%,  7.7%,133.6
Jul 2022,Quebec,Average weekly earnings including overtime for all employees,Manufacturing,"$1,259.20",  0.4%, 13.1%,134.1
Aug 2022,Quebec,Average weekly earnings including overtime for all employees,Manufacturing,"$1,224.46", -2.8%,  6.3%,130.4
Sep 2022,Quebec,Average weekly earnings including overtime for all employees,Manufacturing,"$1,236.82",  1.0%,  1.9%,131.7
Oct 2022,Quebec,Average weekly earnings including overtime for all employees,Manufacturing,"$1,247.89",  0.9%, 10.6%,132.9
Nov 2022,Quebec,Average weekly earnings including overtime for all employees,Manufacturing,"$1,242.05", -0.5%,  8.3%,132.3
Dec 2022,Quebec,Average weekly earnings including overtime for all employees,Manufacturing,"$1,234.74", -0.6%,  2.6%,131.5
Jan 2023,Quebec,Average weekly earnings including overtime for all employees,Manufacturing,"$1,271.19",  3.0%,  7.0%,135.4
Feb 2023,Quebec,Average weekly earnings including overtime for all employees,Manufacturing,"$1,282.19",  0.9%,  6.1%,136.6
Mar 2023,Quebec,Average weekly earnings including overtime for all employees,Manufacturing,"$1,327.55",  3.5%,  5.5%,141.4
Apr 2023,Quebec,Average weekly earnings including overtime for all employees,Manufacturing,"$1,298.19", -2.2%,  5.4%,138.3
May 2023,Quebec,Average weekly earnings including overtime for all employees,Manufacturing,"$1,282.12", -1.2%,  4.5%,136.6
Jun 2023,Quebec,Average weekly earnings including overtime for all employees,Manufacturing,"$1,322.58",  3.2%,  5.5%,140.9
Jul 2023,Quebec,Average weekly earnings including overtime for all employees,Manufacturing,"$1,289.89", -2.5%,  2.4%,137.4
Aug 2023,Quebec,Average weekly earnings including overtime for all employees,Manufacturing,"$1,313.91",  1.9%,  7.3%,140.0
Sep 2023,Quebec,Average weekly earnings including overtime for all employees,Manufacturing,"$1,265.78", -3.7%,  2.3%,134.8
Oct 2023,Quebec,Average weekly earnings including overtime for all employees,Manufacturing,"$1,264.60", -0.1%,  1.3%,134.7
Nov 2023,Quebec,Average weekly earnings including overtime for all employees,Manufacturing,"$1,309.07",  3.5%,  5.4%,139.4
Dec 2023,Quebec,Average weekly earnings including overtime for all employees,Manufacturing,"$1,280.72", -2.2%,  3.7%,136.4
Jan 2024,Quebec,Average weekly earnings including overtime for all employees,Manufacturing,"$1,275.46", -0.4%,  0.3%,135.9
Feb 2024,Quebec,Average weekly earnings including overtime for all employees,Manufacturing,"$1,339.49",  5.0%,  4.5%,142.7
Mar 2024,Quebec,Average weekly earnings including overtime for all employees,Manufacturing,"$1,280.05", -4.4%, -3.6%,136.3
Apr 2024,Quebec,Average weekly earnings including overtime for all employees,Manufacturing,"$1,304.36",  1.9%,  0.5%,138.9
May 2024,Quebec,Average weekly earnings including overtime for all employees,Manufacturing,"$1,339.90",  2.7%,  4.5%,142.7
Jun 2024,Quebec,Average weekly earnings including overtime for all employees,Manufacturing,"$1,312.06", -2.1%, -0.8%,139.8
Jul 2024,Quebec,Average weekly earnings including overtime for all employees,Manufacturing,"$1,337.66",  2.0%,  3.7%,142.5
Aug 2024,Quebec,Average weekly earnings including overtime for all employees,Manufacturing,"$1,350.39",  1.0%,  2.8%,143.8
Sep 2024,Quebec,Average weekly earnings including overtime for all employees,Manufacturing,"$1,333.27", -1.3%,  5.3%,142.0
Oct 2024,Quebec,Average weekly earnings including overtime for all employees,Manufacturing,"$1,347.31",  1.1%,  6.5%,143.5
Jan 2011,Quebec,Average weekly earnings including overtime for all employees,"Forestry, logging and support",$  770.12,  4.1%, -9.1%,100.0
Feb 2011,Quebec,Average weekly earnings including overtime for all employees,"Forestry, logging and support",$  821.61,  6.7%,  2.7%,106.7
Mar 2011,Quebec,Average weekly earnings including overtime for all employees,"Forestry, logging and support",$  801.19, -2.5%,-10.3%,104.0
Apr 2011,Quebec,Average weekly earnings including overtime for all employees,"Forestry, logging and support",$  751.68, -6.2%,-22.1%, 97.6
May 2011,Quebec,Average weekly earnings including overtime for all employees,"Forestry, logging and support",$  807.52,  7.4%, -7.6%,104.9
Jun 2011,Quebec,Average weekly earnings including overtime for all employees,"Forestry, logging and support",$  831.28,  2.9%,  3.5%,107.9
Jul 2011,Quebec,Average weekly earnings including overtime for all employees,"Forestry, logging and support",$  837.26,  0.7%,  1.8%,108.7
Aug 2011,Quebec,Average weekly earnings including overtime for all employees,"Forestry, logging and support",$  787.34, -6.0%, -9.4%,102.2
Sep 2011,Quebec,Average weekly earnings including overtime for all employees,"Forestry, logging and support",$  826.98,  5.0%,  0.2%,107.4
Oct 2011,Quebec,Average weekly earnings including overtime for all employees,"Forestry, logging and support",$  827.77,  0.1%,  0.0%,107.5
Nov 2011,Quebec,Average weekly earnings including overtime for all employees,"Forestry, logging and support",$  835.92,  1.0%,  1.1%,108.5
Dec 2011,Quebec,Average weekly earnings including overtime for all employees,"Forestry, logging and support",$  809.81, -3.1%,  9.4%,105.2
Jan 2012,Quebec,Average weekly earnings including overtime for all employees,"Forestry, logging and support",$  800.36, -1.2%,  3.9%,103.9
Feb 2012,Quebec,Average weekly earnings including overtime for all employees,"Forestry, logging and support",$  812.61,  1.5%, -1.1%,105.5
Mar 2012,Quebec,Average weekly earnings including overtime for all employees,"Forestry, logging and support",$  780.44, -4.0%, -2.6%,101.3
Apr 2012,Quebec,Average weekly earnings including overtime for all employees,"Forestry, logging and support",$  807.08,  3.4%,  7.4%,104.8
May 2012,Quebec,Average weekly earnings including overtime for all employees,"Forestry, logging and support",$  824.62,  2.2%,  2.1%,107.1
Jun 2012,Quebec,Average weekly earnings including overtime for all employees,"Forestry, logging and support",$  909.85, 10.3%,  9.5%,118.1
Jul 2012,Quebec,Average weekly earnings including overtime for all employees,"Forestry, logging and support",$  827.32, -9.1%, -1.2%,107.4
Aug 2012,Quebec,Average weekly earnings including overtime for all employees,"Forestry, logging and support",$  865.65,  4.6%,  9.9%,112.4
Sep 2012,Quebec,Average weekly earnings including overtime for all employees,"Forestry, logging and support",$  900.65,  4.0%,  8.9%,116.9
Oct 2012,Quebec,Average weekly earnings including overtime for all employees,"Forestry, logging and support",$  955.57,  6.1%, 15.4%,124.1
Nov 2012,Quebec,Average weekly earnings including overtime for all employees,"Forestry, logging and support",$  866.06, -9.4%,  3.6%,112.5
Dec 2012,Quebec,Average weekly earnings including overtime for all employees,"Forestry, logging and support",$  885.85,  2.3%,  9.4%,115.0
Jan 2013,Quebec,Average weekly earnings including overtime for all employees,"Forestry, logging and support",$  887.93,  0.2%, 10.9%,115.3
Feb 2013,Quebec,Average weekly earnings including overtime for all employees,"Forestry, logging and support",$  903.45,  1.7%, 11.2%,117.3
Mar 2013,Quebec,Average weekly earnings including overtime for all employees,"Forestry, logging and support",$  901.48, -0.2%, 15.5%,117.1
Apr 2013,Quebec,Average weekly earnings including overtime for all employees,"Forestry, logging and support",$  900.50, -0.1%, 11.6%,116.9
May 2013,Quebec,Average weekly earnings including overtime for all employees,"Forestry, logging and support",$  896.86, -0.4%,  8.8%,116.5
Jun 2013,Quebec,Average weekly earnings including overtime for all employees,"Forestry, logging and support",$  885.85, -1.2%, -2.6%,115.0
Jul 2013,Quebec,Average weekly earnings including overtime for all employees,"Forestry, logging and support",$  895.89,  1.1%,  8.3%,116.3
Aug 2013,Quebec,Average weekly earnings including overtime for all employees,"Forestry, logging and support",$  932.90,  4.1%,  7.8%,121.1
Sep 2013,Quebec,Average weekly earnings including overtime for all employees,"Forestry, logging and support",$  850.92, -8.8%, -5.5%,110.5
Oct 2013,Quebec,Average weekly earnings including overtime for all employees,"Forestry, logging and support",$  856.33,  0.6%,-10.4%,111.2
Nov 2013,Quebec,Average weekly earnings including overtime for all employees,"Forestry, logging and support",$  862.87,  0.8%, -0.4%,112.0
Dec 2013,Quebec,Average weekly earnings including overtime for all employees,"Forestry, logging and support",$  866.14,  0.4%, -2.2%,112.5
Jan 2014,Quebec,Average weekly earnings including overtime for all employees,"Forestry, logging and support",$  883.33,  2.0%, -0.5%,114.7
Feb 2014,Quebec,Average weekly earnings including overtime for all employees,"Forestry, logging and support",$  803.74, -9.0%,-11.0%,104.4
Mar 2014,Quebec,Average weekly earnings including overtime for all employees,"Forestry, logging and support",$  831.81,  3.5%, -7.7%,108.0
Apr 2014,Quebec,Average weekly earnings including overtime for all employees,"Forestry, logging and support",$  877.44,  5.5%, -2.6%,113.9
May 2014,Quebec,Average weekly earnings including overtime for all employees,"Forestry, logging and support",$  893.64,  1.8%, -0.4%,116.0
Jun 2014,Quebec,Average weekly earnings including overtime for all employees,"Forestry, logging and support",$  920.80,  3.0%,  3.9%,119.6
Jul 2014,Quebec,Average weekly earnings including overtime for all employees,"Forestry, logging and support",$  926.00,  0.6%,  3.4%,120.2
Aug 2014,Quebec,Average weekly earnings including overtime for all employees,"Forestry, logging and support",$  882.17, -4.7%, -5.4%,114.5
Sep 2014,Quebec,Average weekly earnings including overtime for all employees,"Forestry, logging and support",$  916.98,  3.9%,  7.8%,119.1
Oct 2014,Quebec,Average weekly earnings including overtime for all employees,"Forestry, logging and support",$  858.68, -6.4%,  0.3%,111.5
Nov 2014,Quebec,Average weekly earnings including overtime for all employees,"Forestry, logging and support",$  916.66,  6.8%,  6.2%,119.0
Dec 2014,Quebec,Average weekly earnings including overtime for all employees,"Forestry, logging and support",$  908.19, -0.9%,  4.9%,117.9
Jan 2015,Quebec,Average weekly earnings including overtime for all employees,"Forestry, logging and support",$  935.00,  3.0%,  5.8%,121.4
Feb 2015,Quebec,Average weekly earnings including overtime for all employees,"Forestry, logging and support",$  939.93,  0.5%, 16.9%,122.0
Mar 2015,Quebec,Average weekly earnings including overtime for all employees,"Forestry, logging and support",$  971.75,  3.4%, 16.8%,126.2
Apr 2015,Quebec,Average weekly earnings including overtime for all employees,"Forestry, logging and support",$  944.35, -2.8%,  7.6%,122.6
May 2015,Quebec,Average weekly earnings including overtime for all employees,"Forestry, logging and support",$  941.98, -0.3%,  5.4%,122.3
Jun 2015,Quebec,Average weekly earnings including overtime for all employees,"Forestry, logging and support",$  881.13, -6.5%, -4.3%,114.4
Jul 2015,Quebec,Average weekly earnings including overtime for all employees,"Forestry, logging and support",$  932.93,  5.9%,  0.7%,121.1
Aug 2015,Quebec,Average weekly earnings including overtime for all employees,"Forestry, logging and support",$  915.24, -1.9%,  3.7%,118.8
Sep 2015,Quebec,Average weekly earnings including overtime for all employees,"Forestry, logging and support",$  931.07,  1.7%,  1.5%,120.9
Oct 2015,Quebec,Average weekly earnings including overtime for all employees,"Forestry, logging and support",$  906.14, -2.7%,  5.5%,117.7
Nov 2015,Quebec,Average weekly earnings including overtime for all employees,"Forestry, logging and support",$  916.17,  1.1%, -0.1%,119.0
Dec 2015,Quebec,Average weekly earnings including overtime for all employees,"Forestry, logging and support",$  943.15,  2.9%,  3.8%,122.5
Jan 2016,Quebec,Average weekly earnings including overtime for all employees,"Forestry, logging and support",$  938.15, -0.5%,  0.3%,121.8
Feb 2016,Quebec,Average weekly earnings including overtime for all employees,"Forestry, logging and support",$  954.50,  1.7%,  1.6%,123.9
Mar 2016,Quebec,Average weekly earnings including overtime for all employees,"Forestry, logging and support",$  921.70, -3.4%, -5.2%,119.7
Apr 2016,Quebec,Average weekly earnings including overtime for all employees,"Forestry, logging and support",..,..,..,..
May 2016,Quebec,Average weekly earnings including overtime for all employees,"Forestry, logging and support",$  937.20,.., -0.5%,121.7
Jun 2016,Quebec,Average weekly earnings including overtime for all employees,"Forestry, logging and support",$  928.42, -0.9%,  5.4%,120.6
Jul 2016,Quebec,Average weekly earnings including overtime for all employees,"Forestry, logging and support",$  900.17, -3.0%, -3.5%,116.9
Aug 2016,Quebec,Average weekly earnings including overtime for all employees,"Forestry, logging and support",$  905.87,  0.6%, -1.0%,117.6
Sep 2016,Quebec,Average weekly earnings including overtime for all employees,"Forestry, logging and support",$  970.25,  7.1%,  4.2%,126.0
Oct 2016,Quebec,Average weekly earnings including overtime for all employees,"Forestry, logging and support",$  979.18,  0.9%,  8.1%,127.1
Nov 2016,Quebec,Average weekly earnings including overtime for all employees,"Forestry, logging and support",$  942.75, -3.7%,  2.9%,122.4
Dec 2016,Quebec,Average weekly earnings including overtime for all employees,"Forestry, logging and support",$  994.44,  5.5%,  5.4%,129.1
Jan 2017,Quebec,Average weekly earnings including overtime for all employees,"Forestry, logging and support",..,..,..,..
Feb 2017,Quebec,Average weekly earnings including overtime for all employees,"Forestry, logging and support",$  987.58,..,  3.5%,128.2
Mar 2017,Quebec,Average weekly earnings including overtime for all employees,"Forestry, logging and support","$1,013.38",  2.6%,  9.9%,131.6
Apr 2017,Quebec,Average weekly earnings including overtime for all employees,"Forestry, logging and support",..,..,..,..
May 2017,Quebec,Average weekly earnings including overtime for all employees,"Forestry, logging and support",..,..,..,..
Jun 2017,Quebec,Average weekly earnings including overtime for all employees,"Forestry, logging and support",$  922.47,.., -0.6%,119.8
Jul 2017,Quebec,Average weekly earnings including overtime for all employees,"Forestry, logging and support",$  940.73,  2.0%,  4.5%,122.2
Aug 2017,Quebec,Average weekly earnings including overtime for all employees,"Forestry, logging and support","$1,029.74",  9.5%, 13.7%,133.7
Sep 2017,Quebec,Average weekly earnings including overtime for all employees,"Forestry, logging and support",$  969.98, -5.8%,  0.0%,126.0
Oct 2017,Quebec,Average weekly earnings including overtime for all employees,"Forestry, logging and support",$  994.68,  2.5%,  1.6%,129.2
Nov 2017,Quebec,Average weekly earnings including overtime for all employees,"Forestry, logging and support",$  989.70, -0.5%,  5.0%,128.5
Dec 2017,Quebec,Average weekly earnings including overtime for all employees,"Forestry, logging and support",$  963.48, -2.6%, -3.1%,125.1
Jan 2018,Quebec,Average weekly earnings including overtime for all employees,"Forestry, logging and support",$  939.67, -2.5%,..,122.0
Feb 2018,Quebec,Average weekly earnings including overtime for all employees,"Forestry, logging and support",$  936.77, -0.3%, -5.1%,121.6
Mar 2018,Quebec,Average weekly earnings including overtime for all employees,"Forestry, logging and support",$  950.08,  1.4%, -6.2%,123.4
Apr 2018,Quebec,Average weekly earnings including overtime for all employees,"Forestry, logging and support",$  962.57,  1.3%,..,125.0
May 2018,Quebec,Average weekly earnings including overtime for all employees,"Forestry, logging and support",$  990.10,  2.9%,..,128.6
Jun 2018,Quebec,Average weekly earnings including overtime for all employees,"Forestry, logging and support","$1,029.99",  4.0%, 11.7%,133.7
Jul 2018,Quebec,Average weekly earnings including overtime for all employees,"Forestry, logging and support","$1,028.76", -0.1%,  9.4%,133.6
Aug 2018,Quebec,Average weekly earnings including overtime for all employees,"Forestry, logging and support","$1,001.08", -2.7%, -2.8%,130.0
Sep 2018,Quebec,Average weekly earnings including overtime for all employees,"Forestry, logging and support",$  983.56, -1.8%,  1.4%,127.7
Oct 2018,Quebec,Average weekly earnings including overtime for all employees,"Forestry, logging and support","$1,017.74",  3.5%,  2.3%,132.2
Nov 2018,Quebec,Average weekly earnings including overtime for all employees,"Forestry, logging and support","$1,037.74",  2.0%,  4.9%,134.8
Dec 2018,Quebec,Average weekly earnings including overtime for all employees,"Forestry, logging and support",$  992.83, -4.3%,  3.0%,128.9
Jan 2019,Quebec,Average weekly earnings including overtime for all employees,"Forestry, logging and support","$1,051.08",  5.9%, 11.9%,136.5
Feb 2019,Quebec,Average weekly earnings including overtime for all employees,"Forestry, logging and support","$1,035.50", -1.5%, 10.5%,134.5
Mar 2019,Quebec,Average weekly earnings including overtime for all employees,"Forestry, logging and support","$1,015.44", -1.9%,  6.9%,131.9
Apr 2019,Quebec,Average weekly earnings including overtime for all employees,"Forestry, logging and support","$1,043.66",  2.8%,  8.4%,135.5
May 2019,Quebec,Average weekly earnings including overtime for all employees,"Forestry, logging and support",$  982.56, -5.9%, -0.8%,127.6
Jun 2019,Quebec,Average weekly earnings including overtime for all employees,"Forestry, logging and support","$1,047.29",  6.6%,  1.7%,136.0
Jul 2019,Quebec,Average weekly earnings including overtime for all employees,"Forestry, logging and support","$1,060.87",  1.3%,  3.1%,137.8
Aug 2019,Quebec,Average weekly earnings including overtime for all employees,"Forestry, logging and support","$1,015.13", -4.3%,  1.4%,131.8
Sep 2019,Quebec,Average weekly earnings including overtime for all employees,"Forestry, logging and support","$1,052.03",  3.6%,  7.0%,136.6
Oct 2019,Quebec,Average weekly earnings including overtime for all employees,"Forestry, logging and support","$1,090.13",  3.6%,  7.1%,141.6
Nov 2019,Quebec,Average weekly earnings including overtime for all employees,"Forestry, logging and support","$1,062.54", -2.5%,  2.4%,138.0
Dec 2019,Quebec,Average weekly earnings including overtime for all employees,"Forestry, logging and support","$1,036.16", -2.5%,  4.4%,134.5
Jan 2020,Quebec,Average weekly earnings including overtime for all employees,"Forestry, logging and support","$1,096.68",  5.8%,  4.3%,142.4
Feb 2020,Quebec,Average weekly earnings including overtime for all employees,"Forestry, logging and support","$1,145.42",  4.4%, 10.6%,148.7
Mar 2020,Quebec,Average weekly earnings including overtime for all employees,"Forestry, logging and support","$1,057.44", -7.7%,  4.1%,137.3
Apr 2020,Quebec,Average weekly earnings including overtime for all employees,"Forestry, logging and support","$1,037.58", -1.9%, -0.6%,134.7
May 2020,Quebec,Average weekly earnings including overtime for all employees,"Forestry, logging and support","$1,138.91",  9.8%, 15.9%,147.9
Jun 2020,Quebec,Average weekly earnings including overtime for all employees,"Forestry, logging and support","$1,014.77",-10.9%, -3.1%,131.8
Jul 2020,Quebec,Average weekly earnings including overtime for all employees,"Forestry, logging and support","$1,030.59",  1.6%, -2.9%,133.8
Aug 2020,Quebec,Average weekly earnings including overtime for all employees,"Forestry, logging and support","$1,017.82", -1.2%,  0.3%,132.2
Sep 2020,Quebec,Average weekly earnings including overtime for all employees,"Forestry, logging and support","$1,102.32",  8.3%,  4.8%,143.1
Oct 2020,Quebec,Average weekly earnings including overtime for all employees,"Forestry, logging and support","$1,019.65", -7.5%, -6.5%,132.4
Nov 2020,Quebec,Average weekly earnings including overtime for all employees,"Forestry, logging and support","$1,028.06",  0.8%, -3.2%,133.5
Dec 2020,Quebec,Average weekly earnings including overtime for all employees,"Forestry, logging and support","$1,087.40",  5.8%,  4.9%,141.2
Jan 2021,Quebec,Average weekly earnings including overtime for all employees,"Forestry, logging and support","$1,067.12", -1.9%, -2.7%,138.6
Feb 2021,Quebec,Average weekly earnings including overtime for all employees,"Forestry, logging and support","$1,097.98",  2.9%, -4.1%,142.6
Mar 2021,Quebec,Average weekly earnings including overtime for all employees,"Forestry, logging and support","$1,097.33", -0.1%,  3.8%,142.5
Apr 2021,Quebec,Average weekly earnings including overtime for all employees,"Forestry, logging and support","$1,142.41",  4.1%, 10.1%,148.3
May 2021,Quebec,Average weekly earnings including overtime for all employees,"Forestry, logging and support","$1,159.52",  1.5%,  1.8%,150.6
Jun 2021,Quebec,Average weekly earnings including overtime for all employees,"Forestry, logging and support","$1,139.09", -1.8%, 12.3%,147.9
Jul 2021,Quebec,Average weekly earnings including overtime for all employees,"Forestry, logging and support","$1,040.22", -8.7%,  0.9%,135.1
Aug 2021,Quebec,Average weekly earnings including overtime for all employees,"Forestry, logging and support","$1,130.87",  8.7%, 11.1%,146.8
Sep 2021,Quebec,Average weekly earnings including overtime for all employees,"Forestry, logging and support","$1,117.28", -1.2%,  1.4%,145.1
Oct 2021,Quebec,Average weekly earnings including overtime for all employees,"Forestry, logging and support","$1,114.60", -0.2%,  9.3%,144.7
Nov 2021,Quebec,Average weekly earnings including overtime for all employees,"Forestry, logging and support","$1,143.46",  2.6%, 11.2%,148.5
Dec 2021,Quebec,Average weekly earnings including overtime for all employees,"Forestry, logging and support","$1,192.12",  4.3%,  9.6%,154.8
Jan 2022,Quebec,Average weekly earnings including overtime for all employees,"Forestry, logging and support","$1,131.04", -5.1%,  6.0%,146.9
Feb 2022,Quebec,Average weekly earnings including overtime for all employees,"Forestry, logging and support","$1,099.45", -2.8%,  0.1%,142.8
Mar 2022,Quebec,Average weekly earnings including overtime for all employees,"Forestry, logging and support","$1,160.65",  5.6%,  5.8%,150.7
Apr 2022,Quebec,Average weekly earnings including overtime for all employees,"Forestry, logging and support","$1,124.68", -3.1%, -1.6%,146.0
May 2022,Quebec,Average weekly earnings including overtime for all employees,"Forestry, logging and support","$1,156.61",  2.8%, -0.3%,150.2
Jun 2022,Quebec,Average weekly earnings including overtime for all employees,"Forestry, logging and support","$1,211.68",  4.8%,  6.4%,157.3
Jul 2022,Quebec,Average weekly earnings including overtime for all employees,"Forestry, logging and support","$1,216.99",  0.4%, 17.0%,158.0
Aug 2022,Quebec,Average weekly earnings including overtime for all employees,"Forestry, logging and support","$1,262.84",  3.8%, 11.7%,164.0
Sep 2022,Quebec,Average weekly earnings including overtime for all employees,"Forestry, logging and support","$1,255.58", -0.6%, 12.4%,163.0
Oct 2022,Quebec,Average weekly earnings including overtime for all employees,"Forestry, logging and support","$1,225.87", -2.4%, 10.0%,159.2
Nov 2022,Quebec,Average weekly earnings including overtime for all employees,"Forestry, logging and support","$1,231.56",  0.5%,  7.7%,159.9
Dec 2022,Quebec,Average weekly earnings including overtime for all employees,"Forestry, logging and support","$1,243.46",  1.0%,  4.3%,161.5
Jan 2023,Quebec,Average weekly earnings including overtime for all employees,"Forestry, logging and support","$1,279.18",  2.9%, 13.1%,166.1
Feb 2023,Quebec,Average weekly earnings including overtime for all employees,"Forestry, logging and support","$1,251.89", -2.1%, 13.9%,162.6
Mar 2023,Quebec,Average weekly earnings including overtime for all employees,"Forestry, logging and support","$1,289.86",  3.0%, 11.1%,167.5
Apr 2023,Quebec,Average weekly earnings including overtime for all employees,"Forestry, logging and support","$1,322.53",  2.5%, 17.6%,171.7
May 2023,Quebec,Average weekly earnings including overtime for all employees,"Forestry, logging and support","$1,322.61",  0.0%, 14.4%,171.7
Jun 2023,Quebec,Average weekly earnings including overtime for all employees,"Forestry, logging and support","$1,291.51", -2.4%,  6.6%,167.7
Jul 2023,Quebec,Average weekly earnings including overtime for all employees,"Forestry, logging and support","$1,290.02", -0.1%,  6.0%,167.5
Aug 2023,Quebec,Average weekly earnings including overtime for all employees,"Forestry, logging and support","$1,300.14",  0.8%,  3.0%,168.8
Sep 2023,Quebec,Average weekly earnings including overtime for all employees,"Forestry, logging and support","$1,329.17",  2.2%,  5.9%,172.6
Oct 2023,Quebec,Average weekly earnings including overtime for all employees,"Forestry, logging and support","$1,318.25", -0.8%,  7.5%,171.2
Nov 2023,Quebec,Average weekly earnings including overtime for all employees,"Forestry, logging and support","$1,337.59",  1.5%,  8.6%,173.7
Dec 2023,Quebec,Average weekly earnings including overtime for all employees,"Forestry, logging and support","$1,272.25", -4.9%,  2.3%,165.2
Jan 2024,Quebec,Average weekly earnings including overtime for all employees,"Forestry, logging and support","$1,313.93",  3.3%,  2.7%,170.6
Feb 2024,Quebec,Average weekly earnings including overtime for all employees,"Forestry, logging and support","$1,433.97",  9.1%, 14.5%,186.2
Mar 2024,Quebec,Average weekly earnings including overtime for all employees,"Forestry, logging and support","$1,317.82", -8.1%,  2.2%,171.1
Apr 2024,Quebec,Average weekly earnings including overtime for all employees,"Forestry, logging and support","$1,318.86",  0.1%, -0.3%,171.3
May 2024,Quebec,Average weekly earnings including overtime for all employees,"Forestry, logging and support","$1,365.84",  3.6%,  3.3%,177.4
Jun 2024,Quebec,Average weekly earnings including overtime for all employees,"Forestry, logging and support","$1,301.08", -4.7%,  0.7%,168.9
Jul 2024,Quebec,Average weekly earnings including overtime for all employees,"Forestry, logging and support","$1,257.88", -3.3%, -2.5%,163.3
Aug 2024,Quebec,Average weekly earnings including overtime for all employees,"Forestry, logging and support","$1,269.58",  0.9%, -2.4%,164.9
Sep 2024,Quebec,Average weekly earnings including overtime for all employees,"Forestry, logging and support","$1,249.53", -1.6%, -6.0%,162.3
Oct 2024,Quebec,Average weekly earnings including overtime for all employees,"Forestry, logging and support","$1,333.09",  6.7%,  1.1%,173.1
,,,,,,,
"Source: Statistics Canada. Table 14 10 0223 Employment and average weekly earnings (including overtime) for all employees by province and territory, monthly, seasonally adjusted",,,,,,,
