Month,Geography,Estimate,North American Industry Classification System (NAICS),Value,Monthly Change,Yearly change,Indexed value
Jan 2011,Quebec,Average weekly earnings including overtime for all employees,Health care and social assistance,$  720.44, -2.3%,  3.9%,100.0
Feb 2011,Quebec,Average weekly earnings including overtime for all employees,Health care and social assistance,$  723.20,  0.4%,  2.4%,100.4
Mar 2011,Quebec,Average weekly earnings including overtime for all employees,Health care and social assistance,$  746.01,  3.2%,  5.4%,103.5
Apr 2011,Quebec,Average weekly earnings including overtime for all employees,Health care and social assistance,$  748.33,  0.3%,  6.0%,103.9
May 2011,Quebec,Average weekly earnings including overtime for all employees,Health care and social assistance,$  744.98, -0.4%,  3.2%,103.4
Jun 2011,Quebec,Average weekly earnings including overtime for all employees,Health care and social assistance,$  766.92,  2.9%,  5.0%,106.5
Jul 2011,Quebec,Average weekly earnings including overtime for all employees,Health care and social assistance,$  735.95, -4.0%,  2.2%,102.2
Aug 2011,Quebec,Average weekly earnings including overtime for all employees,Health care and social assistance,$  736.12,  0.0%,  3.4%,102.2
Sep 2011,Quebec,Average weekly earnings including overtime for all employees,Health care and social assistance,$  743.62,  1.0%,  4.5%,103.2
Oct 2011,Quebec,Average weekly earnings including overtime for all employees,Health care and social assistance,$  750.56,  0.9%,  7.0%,104.2
Nov 2011,Quebec,Average weekly earnings including overtime for all employees,Health care and social assistance,$  758.91,  1.1%,  4.3%,105.3
Dec 2011,Quebec,Average weekly earnings including overtime for all employees,Health care and social assistance,$  747.71, -1.5%,  1.4%,103.8
Jan 2012,Quebec,Average weekly earnings including overtime for all employees,Health care and social assistance,$  717.28, -4.1%, -0.4%, 99.6
Feb 2012,Quebec,Average weekly earnings including overtime for all employees,Health care and social assistance,$  734.85,  2.4%,  1.6%,102.0
Mar 2012,Quebec,Average weekly earnings including overtime for all employees,Health care and social assistance,$  728.96, -0.8%, -2.3%,101.2
Apr 2012,Quebec,Average weekly earnings including overtime for all employees,Health care and social assistance,$  739.04,  1.4%, -1.2%,102.6
May 2012,Quebec,Average weekly earnings including overtime for all employees,Health care and social assistance,$  759.95,  2.8%,  2.0%,105.5
Jun 2012,Quebec,Average weekly earnings including overtime for all employees,Health care and social assistance,$  738.15, -2.9%, -3.8%,102.5
Jul 2012,Quebec,Average weekly earnings including overtime for all employees,Health care and social assistance,$  739.43,  0.2%,  0.5%,102.6
Aug 2012,Quebec,Average weekly earnings including overtime for all employees,Health care and social assistance,$  734.39, -0.7%, -0.2%,101.9
Sep 2012,Quebec,Average weekly earnings including overtime for all employees,Health care and social assistance,$  736.07,  0.2%, -1.0%,102.2
Oct 2012,Quebec,Average weekly earnings including overtime for all employees,Health care and social assistance,$  757.99,  3.0%,  1.0%,105.2
Nov 2012,Quebec,Average weekly earnings including overtime for all employees,Health care and social assistance,$  763.72,  0.8%,  0.6%,106.0
Dec 2012,Quebec,Average weekly earnings including overtime for all employees,Health care and social assistance,$  768.29,  0.6%,  2.8%,106.6
Jan 2013,Quebec,Average weekly earnings including overtime for all employees,Health care and social assistance,$  742.64, -3.3%,  3.5%,103.1
Feb 2013,Quebec,Average weekly earnings including overtime for all employees,Health care and social assistance,$  752.72,  1.4%,  2.4%,104.5
Mar 2013,Quebec,Average weekly earnings including overtime for all employees,Health care and social assistance,$  751.73, -0.1%,  3.1%,104.3
Apr 2013,Quebec,Average weekly earnings including overtime for all employees,Health care and social assistance,$  756.53,  0.6%,  2.4%,105.0
May 2013,Quebec,Average weekly earnings including overtime for all employees,Health care and social assistance,$  788.89,  4.3%,  3.8%,109.5
Jun 2013,Quebec,Average weekly earnings including overtime for all employees,Health care and social assistance,$  789.94,  0.1%,  7.0%,109.6
Jul 2013,Quebec,Average weekly earnings including overtime for all employees,Health care and social assistance,$  774.06, -2.0%,  4.7%,107.4
Aug 2013,Quebec,Average weekly earnings including overtime for all employees,Health care and social assistance,$  753.96, -2.6%,  2.7%,104.7
Sep 2013,Quebec,Average weekly earnings including overtime for all employees,Health care and social assistance,$  775.18,  2.8%,  5.3%,107.6
Oct 2013,Quebec,Average weekly earnings including overtime for all employees,Health care and social assistance,$  809.35,  4.4%,  6.8%,112.3
Nov 2013,Quebec,Average weekly earnings including overtime for all employees,Health care and social assistance,$  775.14, -4.2%,  1.5%,107.6
Dec 2013,Quebec,Average weekly earnings including overtime for all employees,Health care and social assistance,$  798.25,  3.0%,  3.9%,110.8
Jan 2014,Quebec,Average weekly earnings including overtime for all employees,Health care and social assistance,$  775.63, -2.8%,  4.4%,107.7
Feb 2014,Quebec,Average weekly earnings including overtime for all employees,Health care and social assistance,$  769.73, -0.8%,  2.3%,106.8
Mar 2014,Quebec,Average weekly earnings including overtime for all employees,Health care and social assistance,$  763.20, -0.8%,  1.5%,105.9
Apr 2014,Quebec,Average weekly earnings including overtime for all employees,Health care and social assistance,$  790.37,  3.6%,  4.5%,109.7
May 2014,Quebec,Average weekly earnings including overtime for all employees,Health care and social assistance,$  805.50,  1.9%,  2.1%,111.8
Jun 2014,Quebec,Average weekly earnings including overtime for all employees,Health care and social assistance,$  788.39, -2.1%, -0.2%,109.4
Jul 2014,Quebec,Average weekly earnings including overtime for all employees,Health care and social assistance,$  807.46,  2.4%,  4.3%,112.1
Aug 2014,Quebec,Average weekly earnings including overtime for all employees,Health care and social assistance,$  776.23, -3.9%,  3.0%,107.7
Sep 2014,Quebec,Average weekly earnings including overtime for all employees,Health care and social assistance,$  784.18,  1.0%,  1.2%,108.8
Oct 2014,Quebec,Average weekly earnings including overtime for all employees,Health care and social assistance,$  820.81,  4.7%,  1.4%,113.9
Nov 2014,Quebec,Average weekly earnings including overtime for all employees,Health care and social assistance,$  801.41, -2.4%,  3.4%,111.2
Dec 2014,Quebec,Average weekly earnings including overtime for all employees,Health care and social assistance,$  806.87,  0.7%,  1.1%,112.0
Jan 2015,Quebec,Average weekly earnings including overtime for all employees,Health care and social assistance,$  796.91, -1.2%,  2.7%,110.6
Feb 2015,Quebec,Average weekly earnings including overtime for all employees,Health care and social assistance,$  806.87,  1.2%,  4.8%,112.0
Mar 2015,Quebec,Average weekly earnings including overtime for all employees,Health care and social assistance,$  809.98,  0.4%,  6.1%,112.4
Apr 2015,Quebec,Average weekly earnings including overtime for all employees,Health care and social assistance,$  832.78,  2.8%,  5.4%,115.6
May 2015,Quebec,Average weekly earnings including overtime for all employees,Health care and social assistance,$  801.22, -3.8%, -0.5%,111.2
Jun 2015,Quebec,Average weekly earnings including overtime for all employees,Health care and social assistance,$  801.62,  0.0%,  1.7%,111.3
Jul 2015,Quebec,Average weekly earnings including overtime for all employees,Health care and social assistance,$  808.88,  0.9%,  0.2%,112.3
Aug 2015,Quebec,Average weekly earnings including overtime for all employees,Health care and social assistance,$  809.76,  0.1%,  4.3%,112.4
Sep 2015,Quebec,Average weekly earnings including overtime for all employees,Health care and social assistance,$  833.07,  2.9%,  6.2%,115.6
Oct 2015,Quebec,Average weekly earnings including overtime for all employees,Health care and social assistance,$  820.85, -1.5%,  0.0%,113.9
Nov 2015,Quebec,Average weekly earnings including overtime for all employees,Health care and social assistance,$  802.35, -2.3%,  0.1%,111.4
Dec 2015,Quebec,Average weekly earnings including overtime for all employees,Health care and social assistance,$  801.96,  0.0%, -0.6%,111.3
Jan 2016,Quebec,Average weekly earnings including overtime for all employees,Health care and social assistance,$  793.92, -1.0%, -0.4%,110.2
Feb 2016,Quebec,Average weekly earnings including overtime for all employees,Health care and social assistance,$  802.45,  1.1%, -0.5%,111.4
Mar 2016,Quebec,Average weekly earnings including overtime for all employees,Health care and social assistance,$  824.33,  2.7%,  1.8%,114.4
Apr 2016,Quebec,Average weekly earnings including overtime for all employees,Health care and social assistance,$  803.39, -2.5%, -3.5%,111.5
May 2016,Quebec,Average weekly earnings including overtime for all employees,Health care and social assistance,$  815.76,  1.5%,  1.8%,113.2
Jun 2016,Quebec,Average weekly earnings including overtime for all employees,Health care and social assistance,$  794.75, -2.6%, -0.9%,110.3
Jul 2016,Quebec,Average weekly earnings including overtime for all employees,Health care and social assistance,$  808.18,  1.7%, -0.1%,112.2
Aug 2016,Quebec,Average weekly earnings including overtime for all employees,Health care and social assistance,$  819.74,  1.4%,  1.2%,113.8
Sep 2016,Quebec,Average weekly earnings including overtime for all employees,Health care and social assistance,$  819.22, -0.1%, -1.7%,113.7
Oct 2016,Quebec,Average weekly earnings including overtime for all employees,Health care and social assistance,$  818.93,  0.0%, -0.2%,113.7
Nov 2016,Quebec,Average weekly earnings including overtime for all employees,Health care and social assistance,$  814.05, -0.6%,  1.5%,113.0
Dec 2016,Quebec,Average weekly earnings including overtime for all employees,Health care and social assistance,$  806.88, -0.9%,  0.6%,112.0
Jan 2017,Quebec,Average weekly earnings including overtime for all employees,Health care and social assistance,$  813.44,  0.8%,  2.5%,112.9
Feb 2017,Quebec,Average weekly earnings including overtime for all employees,Health care and social assistance,$  828.38,  1.8%,  3.2%,115.0
Mar 2017,Quebec,Average weekly earnings including overtime for all employees,Health care and social assistance,$  854.24,  3.1%,  3.6%,118.6
Apr 2017,Quebec,Average weekly earnings including overtime for all employees,Health care and social assistance,$  854.54,  0.0%,  6.4%,118.6
May 2017,Quebec,Average weekly earnings including overtime for all employees,Health care and social assistance,$  842.13, -1.5%,  3.2%,116.9
Jun 2017,Quebec,Average weekly earnings including overtime for all employees,Health care and social assistance,$  845.55,  0.4%,  6.4%,117.4
Jul 2017,Quebec,Average weekly earnings including overtime for all employees,Health care and social assistance,$  865.64,  2.4%,  7.1%,120.2
Aug 2017,Quebec,Average weekly earnings including overtime for all employees,Health care and social assistance,$  898.89,  3.8%,  9.7%,124.8
Sep 2017,Quebec,Average weekly earnings including overtime for all employees,Health care and social assistance,$  844.48, -6.1%,  3.1%,117.2
Oct 2017,Quebec,Average weekly earnings including overtime for all employees,Health care and social assistance,$  854.89,  1.2%,  4.4%,118.7
Nov 2017,Quebec,Average weekly earnings including overtime for all employees,Health care and social assistance,$  865.74,  1.3%,  6.3%,120.2
Dec 2017,Quebec,Average weekly earnings including overtime for all employees,Health care and social assistance,$  861.38, -0.5%,  6.8%,119.6
Jan 2018,Quebec,Average weekly earnings including overtime for all employees,Health care and social assistance,$  865.09,  0.4%,  6.3%,120.1
Feb 2018,Quebec,Average weekly earnings including overtime for all employees,Health care and social assistance,$  856.78, -1.0%,  3.4%,118.9
Mar 2018,Quebec,Average weekly earnings including overtime for all employees,Health care and social assistance,$  881.42,  2.9%,  3.2%,122.3
Apr 2018,Quebec,Average weekly earnings including overtime for all employees,Health care and social assistance,$  864.74, -1.9%,  1.2%,120.0
May 2018,Quebec,Average weekly earnings including overtime for all employees,Health care and social assistance,$  880.89,  1.9%,  4.6%,122.3
Jun 2018,Quebec,Average weekly earnings including overtime for all employees,Health care and social assistance,$  868.86, -1.4%,  2.8%,120.6
Jul 2018,Quebec,Average weekly earnings including overtime for all employees,Health care and social assistance,$  872.39,  0.4%,  0.8%,121.1
Aug 2018,Quebec,Average weekly earnings including overtime for all employees,Health care and social assistance,$  895.53,  2.7%, -0.4%,124.3
Sep 2018,Quebec,Average weekly earnings including overtime for all employees,Health care and social assistance,$  864.08, -3.5%,  2.3%,119.9
Oct 2018,Quebec,Average weekly earnings including overtime for all employees,Health care and social assistance,$  873.52,  1.1%,  2.2%,121.2
Nov 2018,Quebec,Average weekly earnings including overtime for all employees,Health care and social assistance,$  868.98, -0.5%,  0.4%,120.6
Dec 2018,Quebec,Average weekly earnings including overtime for all employees,Health care and social assistance,$  895.77,  3.1%,  4.0%,124.3
Jan 2019,Quebec,Average weekly earnings including overtime for all employees,Health care and social assistance,$  924.39,  3.2%,  6.9%,128.3
Feb 2019,Quebec,Average weekly earnings including overtime for all employees,Health care and social assistance,$  891.53, -3.6%,  4.1%,123.7
Mar 2019,Quebec,Average weekly earnings including overtime for all employees,Health care and social assistance,$  883.57, -0.9%,  0.2%,122.6
Apr 2019,Quebec,Average weekly earnings including overtime for all employees,Health care and social assistance,$  898.19,  1.7%,  3.9%,124.7
May 2019,Quebec,Average weekly earnings including overtime for all employees,Health care and social assistance,$  910.77,  1.4%,  3.4%,126.4
Jun 2019,Quebec,Average weekly earnings including overtime for all employees,Health care and social assistance,$  925.36,  1.6%,  6.5%,128.4
Jul 2019,Quebec,Average weekly earnings including overtime for all employees,Health care and social assistance,$  930.72,  0.6%,  6.7%,129.2
Aug 2019,Quebec,Average weekly earnings including overtime for all employees,Health care and social assistance,$  939.99,  1.0%,  5.0%,130.5
Sep 2019,Quebec,Average weekly earnings including overtime for all employees,Health care and social assistance,$  925.26, -1.6%,  7.1%,128.4
Oct 2019,Quebec,Average weekly earnings including overtime for all employees,Health care and social assistance,$  907.33, -1.9%,  3.9%,125.9
Nov 2019,Quebec,Average weekly earnings including overtime for all employees,Health care and social assistance,$  910.85,  0.4%,  4.8%,126.4
Dec 2019,Quebec,Average weekly earnings including overtime for all employees,Health care and social assistance,$  951.96,  4.5%,  6.3%,132.1
Jan 2020,Quebec,Average weekly earnings including overtime for all employees,Health care and social assistance,$  974.90,  2.4%,  5.5%,135.3
Feb 2020,Quebec,Average weekly earnings including overtime for all employees,Health care and social assistance,$  930.22, -4.6%,  4.3%,129.1
Mar 2020,Quebec,Average weekly earnings including overtime for all employees,Health care and social assistance,$  942.64,  1.3%,  6.7%,130.8
Apr 2020,Quebec,Average weekly earnings including overtime for all employees,Health care and social assistance,$  978.90,  3.8%,  9.0%,135.9
May 2020,Quebec,Average weekly earnings including overtime for all employees,Health care and social assistance,"$1,015.24",  3.7%, 11.5%,140.9
Jun 2020,Quebec,Average weekly earnings including overtime for all employees,Health care and social assistance,"$1,031.56",  1.6%, 11.5%,143.2
Jul 2020,Quebec,Average weekly earnings including overtime for all employees,Health care and social assistance,"$1,033.87",  0.2%, 11.1%,143.5
Aug 2020,Quebec,Average weekly earnings including overtime for all employees,Health care and social assistance,"$1,015.83", -1.7%,  8.1%,141.0
Sep 2020,Quebec,Average weekly earnings including overtime for all employees,Health care and social assistance,"$1,010.09", -0.6%,  9.2%,140.2
Oct 2020,Quebec,Average weekly earnings including overtime for all employees,Health care and social assistance,$  993.86, -1.6%,  9.5%,138.0
Nov 2020,Quebec,Average weekly earnings including overtime for all employees,Health care and social assistance,"$1,014.52",  2.1%, 11.4%,140.8
Dec 2020,Quebec,Average weekly earnings including overtime for all employees,Health care and social assistance,"$1,059.62",  4.4%, 11.3%,147.1
Jan 2021,Quebec,Average weekly earnings including overtime for all employees,Health care and social assistance,$  991.37, -6.4%,  1.7%,137.6
Feb 2021,Quebec,Average weekly earnings including overtime for all employees,Health care and social assistance,$  978.16, -1.3%,  5.2%,135.8
Mar 2021,Quebec,Average weekly earnings including overtime for all employees,Health care and social assistance,"$1,004.73",  2.7%,  6.6%,139.5
Apr 2021,Quebec,Average weekly earnings including overtime for all employees,Health care and social assistance,$  987.50, -1.7%,  0.9%,137.1
May 2021,Quebec,Average weekly earnings including overtime for all employees,Health care and social assistance,"$1,000.58",  1.3%, -1.4%,138.9
Jun 2021,Quebec,Average weekly earnings including overtime for all employees,Health care and social assistance,"$1,015.32",  1.5%, -1.6%,140.9
Jul 2021,Quebec,Average weekly earnings including overtime for all employees,Health care and social assistance,"$1,030.68",  1.5%, -0.3%,143.1
Aug 2021,Quebec,Average weekly earnings including overtime for all employees,Health care and social assistance,"$1,011.49", -1.9%, -0.4%,140.4
Sep 2021,Quebec,Average weekly earnings including overtime for all employees,Health care and social assistance,$  977.57, -3.4%, -3.2%,135.7
Oct 2021,Quebec,Average weekly earnings including overtime for all employees,Health care and social assistance,$  986.05,  0.9%, -0.8%,136.9
Nov 2021,Quebec,Average weekly earnings including overtime for all employees,Health care and social assistance,"$1,041.55",  5.6%,  2.7%,144.6
Dec 2021,Quebec,Average weekly earnings including overtime for all employees,Health care and social assistance,"$1,068.18",  2.6%,  0.8%,148.3
Jan 2022,Quebec,Average weekly earnings including overtime for all employees,Health care and social assistance,"$1,061.48", -0.6%,  7.1%,147.3
Feb 2022,Quebec,Average weekly earnings including overtime for all employees,Health care and social assistance,"$1,098.37",  3.5%, 12.3%,152.5
Mar 2022,Quebec,Average weekly earnings including overtime for all employees,Health care and social assistance,"$1,108.03",  0.9%, 10.3%,153.8
Apr 2022,Quebec,Average weekly earnings including overtime for all employees,Health care and social assistance,"$1,072.54", -3.2%,  8.6%,148.9
May 2022,Quebec,Average weekly earnings including overtime for all employees,Health care and social assistance,"$1,105.52",  3.1%, 10.5%,153.5
Jun 2022,Quebec,Average weekly earnings including overtime for all employees,Health care and social assistance,"$1,095.37", -0.9%,  7.9%,152.0
Jul 2022,Quebec,Average weekly earnings including overtime for all employees,Health care and social assistance,"$1,040.74", -5.0%,  1.0%,144.5
Aug 2022,Quebec,Average weekly earnings including overtime for all employees,Health care and social assistance,"$1,040.19", -0.1%,  2.8%,144.4
Sep 2022,Quebec,Average weekly earnings including overtime for all employees,Health care and social assistance,"$1,013.09", -2.6%,  3.6%,140.6
Oct 2022,Quebec,Average weekly earnings including overtime for all employees,Health care and social assistance,"$1,048.28",  3.5%,  6.3%,145.5
Nov 2022,Quebec,Average weekly earnings including overtime for all employees,Health care and social assistance,"$1,060.73",  1.2%,  1.8%,147.2
Dec 2022,Quebec,Average weekly earnings including overtime for all employees,Health care and social assistance,"$1,093.04",  3.0%,  2.3%,151.7
Jan 2023,Quebec,Average weekly earnings including overtime for all employees,Health care and social assistance,"$1,093.20",  0.0%,  3.0%,151.7
Feb 2023,Quebec,Average weekly earnings including overtime for all employees,Health care and social assistance,"$1,040.04", -4.9%, -5.3%,144.4
Mar 2023,Quebec,Average weekly earnings including overtime for all employees,Health care and social assistance,"$1,021.03", -1.8%, -7.9%,141.7
Apr 2023,Quebec,Average weekly earnings including overtime for all employees,Health care and social assistance,"$1,031.51",  1.0%, -3.8%,143.2
May 2023,Quebec,Average weekly earnings including overtime for all employees,Health care and social assistance,"$1,084.78",  5.2%, -1.9%,150.6
Jun 2023,Quebec,Average weekly earnings including overtime for all employees,Health care and social assistance,"$1,094.49",  0.9%, -0.1%,151.9
Jul 2023,Quebec,Average weekly earnings including overtime for all employees,Health care and social assistance,"$1,097.27",  0.3%,  5.4%,152.3
Aug 2023,Quebec,Average weekly earnings including overtime for all employees,Health care and social assistance,"$1,067.34", -2.7%,  2.6%,148.2
Sep 2023,Quebec,Average weekly earnings including overtime for all employees,Health care and social assistance,"$1,085.48",  1.7%,  7.1%,150.7
Oct 2023,Quebec,Average weekly earnings including overtime for all employees,Health care and social assistance,"$1,103.82",  1.7%,  5.3%,153.2
Nov 2023,Quebec,Average weekly earnings including overtime for all employees,Health care and social assistance,"$1,131.29",  2.5%,  6.7%,157.0
Dec 2023,Quebec,Average weekly earnings including overtime for all employees,Health care and social assistance,"$1,070.93", -5.3%, -2.0%,148.6
Jan 2024,Quebec,Average weekly earnings including overtime for all employees,Health care and social assistance,"$1,095.22",  2.3%,  0.2%,152.0
Feb 2024,Quebec,Average weekly earnings including overtime for all employees,Health care and social assistance,"$1,058.43", -3.4%,  1.8%,146.9
Mar 2024,Quebec,Average weekly earnings including overtime for all employees,Health care and social assistance,"$1,080.29",  2.1%,  5.8%,149.9
Apr 2024,Quebec,Average weekly earnings including overtime for all employees,Health care and social assistance,"$1,093.98",  1.3%,  6.1%,151.8
May 2024,Quebec,Average weekly earnings including overtime for all employees,Health care and social assistance,"$1,098.87",  0.4%,  1.3%,152.5
Jun 2024,Quebec,Average weekly earnings including overtime for all employees,Health care and social assistance,"$1,077.45", -1.9%, -1.6%,149.6
Jul 2024,Quebec,Average weekly earnings including overtime for all employees,Health care and social assistance,"$1,111.27",  3.1%,  1.3%,154.2
Aug 2024,Quebec,Average weekly earnings including overtime for all employees,Health care and social assistance,"$1,145.91",  3.1%,  7.4%,159.1
Sep 2024,Quebec,Average weekly earnings including overtime for all employees,Health care and social assistance,"$1,124.56", -1.9%,  3.6%,156.1
Oct 2024,Quebec,Average weekly earnings including overtime for all employees,Health care and social assistance,"$1,136.88",  1.1%,  3.0%,157.8
Jan 2011,Quebec,Average weekly earnings including overtime for all employees,"Arts, entertainment and recreation",$  554.55, -1.0%,  0.8%,100.0
Feb 2011,Quebec,Average weekly earnings including overtime for all employees,"Arts, entertainment and recreation",$  532.66, -3.9%, -5.4%, 96.1
Mar 2011,Quebec,Average weekly earnings including overtime for all employees,"Arts, entertainment and recreation",$  545.56,  2.4%, -0.4%, 98.4
Apr 2011,Quebec,Average weekly earnings including overtime for all employees,"Arts, entertainment and recreation",$  574.30,  5.3%,  2.5%,103.6
May 2011,Quebec,Average weekly earnings including overtime for all employees,"Arts, entertainment and recreation",$  539.36, -6.1%, -1.0%, 97.3
Jun 2011,Quebec,Average weekly earnings including overtime for all employees,"Arts, entertainment and recreation",$  533.07, -1.2%, -6.5%, 96.1
Jul 2011,Quebec,Average weekly earnings including overtime for all employees,"Arts, entertainment and recreation",$  541.93,  1.7%,  2.0%, 97.7
Aug 2011,Quebec,Average weekly earnings including overtime for all employees,"Arts, entertainment and recreation",$  525.99, -2.9%, -4.9%, 94.8
Sep 2011,Quebec,Average weekly earnings including overtime for all employees,"Arts, entertainment and recreation",$  538.54,  2.4%, -5.4%, 97.1
Oct 2011,Quebec,Average weekly earnings including overtime for all employees,"Arts, entertainment and recreation",$  555.28,  3.1%, -0.6%,100.1
Nov 2011,Quebec,Average weekly earnings including overtime for all employees,"Arts, entertainment and recreation",$  529.30, -4.7%, -9.6%, 95.4
Dec 2011,Quebec,Average weekly earnings including overtime for all employees,"Arts, entertainment and recreation",$  552.46,  4.4%, -1.4%, 99.6
Jan 2012,Quebec,Average weekly earnings including overtime for all employees,"Arts, entertainment and recreation",$  541.28, -2.0%, -2.4%, 97.6
Feb 2012,Quebec,Average weekly earnings including overtime for all employees,"Arts, entertainment and recreation",$  539.86, -0.3%,  1.4%, 97.4
Mar 2012,Quebec,Average weekly earnings including overtime for all employees,"Arts, entertainment and recreation",$  544.06,  0.8%, -0.3%, 98.1
Apr 2012,Quebec,Average weekly earnings including overtime for all employees,"Arts, entertainment and recreation",$  512.34, -5.8%,-10.8%, 92.4
May 2012,Quebec,Average weekly earnings including overtime for all employees,"Arts, entertainment and recreation",$  553.45,  8.0%,  2.6%, 99.8
Jun 2012,Quebec,Average weekly earnings including overtime for all employees,"Arts, entertainment and recreation",$  533.54, -3.6%,  0.1%, 96.2
Jul 2012,Quebec,Average weekly earnings including overtime for all employees,"Arts, entertainment and recreation",$  565.16,  5.9%,  4.3%,101.9
Aug 2012,Quebec,Average weekly earnings including overtime for all employees,"Arts, entertainment and recreation",$  548.04, -3.0%,  4.2%, 98.8
Sep 2012,Quebec,Average weekly earnings including overtime for all employees,"Arts, entertainment and recreation",$  541.88, -1.1%,  0.6%, 97.7
Oct 2012,Quebec,Average weekly earnings including overtime for all employees,"Arts, entertainment and recreation",$  526.45, -2.8%, -5.2%, 94.9
Nov 2012,Quebec,Average weekly earnings including overtime for all employees,"Arts, entertainment and recreation",$  539.15,  2.4%,  1.9%, 97.2
Dec 2012,Quebec,Average weekly earnings including overtime for all employees,"Arts, entertainment and recreation",$  531.30, -1.5%, -3.8%, 95.8
Jan 2013,Quebec,Average weekly earnings including overtime for all employees,"Arts, entertainment and recreation",$  532.34,  0.2%, -1.7%, 96.0
Feb 2013,Quebec,Average weekly earnings including overtime for all employees,"Arts, entertainment and recreation",$  544.39,  2.3%,  0.8%, 98.2
Mar 2013,Quebec,Average weekly earnings including overtime for all employees,"Arts, entertainment and recreation",$  542.54, -0.3%, -0.3%, 97.8
Apr 2013,Quebec,Average weekly earnings including overtime for all employees,"Arts, entertainment and recreation",$  547.76,  1.0%,  6.9%, 98.8
May 2013,Quebec,Average weekly earnings including overtime for all employees,"Arts, entertainment and recreation",$  544.02, -0.7%, -1.7%, 98.1
Jun 2013,Quebec,Average weekly earnings including overtime for all employees,"Arts, entertainment and recreation",$  546.85,  0.5%,  2.5%, 98.6
Jul 2013,Quebec,Average weekly earnings including overtime for all employees,"Arts, entertainment and recreation",$  534.26, -2.3%, -5.5%, 96.3
Aug 2013,Quebec,Average weekly earnings including overtime for all employees,"Arts, entertainment and recreation",$  542.18,  1.5%, -1.1%, 97.8
Sep 2013,Quebec,Average weekly earnings including overtime for all employees,"Arts, entertainment and recreation",$  532.63, -1.8%, -1.7%, 96.0
Oct 2013,Quebec,Average weekly earnings including overtime for all employees,"Arts, entertainment and recreation",$  565.16,  6.1%,  7.4%,101.9
Nov 2013,Quebec,Average weekly earnings including overtime for all employees,"Arts, entertainment and recreation",$  542.18, -4.1%,  0.6%, 97.8
Dec 2013,Quebec,Average weekly earnings including overtime for all employees,"Arts, entertainment and recreation",$  543.45,  0.2%,  2.3%, 98.0
Jan 2014,Quebec,Average weekly earnings including overtime for all employees,"Arts, entertainment and recreation",$  527.95, -2.9%, -0.8%, 95.2
Feb 2014,Quebec,Average weekly earnings including overtime for all employees,"Arts, entertainment and recreation",$  554.29,  5.0%,  1.8%,100.0
Mar 2014,Quebec,Average weekly earnings including overtime for all employees,"Arts, entertainment and recreation",$  553.09, -0.2%,  1.9%, 99.7
Apr 2014,Quebec,Average weekly earnings including overtime for all employees,"Arts, entertainment and recreation",$  551.28, -0.3%,  0.6%, 99.4
May 2014,Quebec,Average weekly earnings including overtime for all employees,"Arts, entertainment and recreation",$  568.31,  3.1%,  4.5%,102.5
Jun 2014,Quebec,Average weekly earnings including overtime for all employees,"Arts, entertainment and recreation",$  558.62, -1.7%,  2.2%,100.7
Jul 2014,Quebec,Average weekly earnings including overtime for all employees,"Arts, entertainment and recreation",$  554.86, -0.7%,  3.9%,100.1
Aug 2014,Quebec,Average weekly earnings including overtime for all employees,"Arts, entertainment and recreation",$  565.17,  1.9%,  4.2%,101.9
Sep 2014,Quebec,Average weekly earnings including overtime for all employees,"Arts, entertainment and recreation",$  555.30, -1.7%,  4.3%,100.1
Oct 2014,Quebec,Average weekly earnings including overtime for all employees,"Arts, entertainment and recreation",$  529.07, -4.7%, -6.4%, 95.4
Nov 2014,Quebec,Average weekly earnings including overtime for all employees,"Arts, entertainment and recreation",$  526.37, -0.5%, -2.9%, 94.9
Dec 2014,Quebec,Average weekly earnings including overtime for all employees,"Arts, entertainment and recreation",$  535.15,  1.7%, -1.5%, 96.5
Jan 2015,Quebec,Average weekly earnings including overtime for all employees,"Arts, entertainment and recreation",$  541.32,  1.2%,  2.5%, 97.6
Feb 2015,Quebec,Average weekly earnings including overtime for all employees,"Arts, entertainment and recreation",$  512.64, -5.3%, -7.5%, 92.4
Mar 2015,Quebec,Average weekly earnings including overtime for all employees,"Arts, entertainment and recreation",$  510.83, -0.4%, -7.6%, 92.1
Apr 2015,Quebec,Average weekly earnings including overtime for all employees,"Arts, entertainment and recreation",$  552.68,  8.2%,  0.3%, 99.7
May 2015,Quebec,Average weekly earnings including overtime for all employees,"Arts, entertainment and recreation",$  517.99, -6.3%, -8.9%, 93.4
Jun 2015,Quebec,Average weekly earnings including overtime for all employees,"Arts, entertainment and recreation",$  540.09,  4.3%, -3.3%, 97.4
Jul 2015,Quebec,Average weekly earnings including overtime for all employees,"Arts, entertainment and recreation",$  516.43, -4.4%, -6.9%, 93.1
Aug 2015,Quebec,Average weekly earnings including overtime for all employees,"Arts, entertainment and recreation",$  520.69,  0.8%, -7.9%, 93.9
Sep 2015,Quebec,Average weekly earnings including overtime for all employees,"Arts, entertainment and recreation",$  543.03,  4.3%, -2.2%, 97.9
Oct 2015,Quebec,Average weekly earnings including overtime for all employees,"Arts, entertainment and recreation",$  537.33, -1.0%,  1.6%, 96.9
Nov 2015,Quebec,Average weekly earnings including overtime for all employees,"Arts, entertainment and recreation",$  534.77, -0.5%,  1.6%, 96.4
Dec 2015,Quebec,Average weekly earnings including overtime for all employees,"Arts, entertainment and recreation",$  521.16, -2.5%, -2.6%, 94.0
Jan 2016,Quebec,Average weekly earnings including overtime for all employees,"Arts, entertainment and recreation",$  573.71, 10.1%,  6.0%,103.5
Feb 2016,Quebec,Average weekly earnings including overtime for all employees,"Arts, entertainment and recreation",$  560.08, -2.4%,  9.3%,101.0
Mar 2016,Quebec,Average weekly earnings including overtime for all employees,"Arts, entertainment and recreation",$  574.89,  2.6%, 12.5%,103.7
Apr 2016,Quebec,Average weekly earnings including overtime for all employees,"Arts, entertainment and recreation",$  550.08, -4.3%, -0.5%, 99.2
May 2016,Quebec,Average weekly earnings including overtime for all employees,"Arts, entertainment and recreation",$  552.13,  0.4%,  6.6%, 99.6
Jun 2016,Quebec,Average weekly earnings including overtime for all employees,"Arts, entertainment and recreation",$  557.46,  1.0%,  3.2%,100.5
Jul 2016,Quebec,Average weekly earnings including overtime for all employees,"Arts, entertainment and recreation",$  563.68,  1.1%,  9.1%,101.6
Aug 2016,Quebec,Average weekly earnings including overtime for all employees,"Arts, entertainment and recreation",$  549.88, -2.4%,  5.6%, 99.2
Sep 2016,Quebec,Average weekly earnings including overtime for all employees,"Arts, entertainment and recreation",$  550.32,  0.1%,  1.3%, 99.2
Oct 2016,Quebec,Average weekly earnings including overtime for all employees,"Arts, entertainment and recreation",$  569.71,  3.5%,  6.0%,102.7
Nov 2016,Quebec,Average weekly earnings including overtime for all employees,"Arts, entertainment and recreation",$  570.69,  0.2%,  6.7%,102.9
Dec 2016,Quebec,Average weekly earnings including overtime for all employees,"Arts, entertainment and recreation",$  588.96,  3.2%, 13.0%,106.2
Jan 2017,Quebec,Average weekly earnings including overtime for all employees,"Arts, entertainment and recreation",$  548.29, -6.9%, -4.4%, 98.9
Feb 2017,Quebec,Average weekly earnings including overtime for all employees,"Arts, entertainment and recreation",$  586.36,  6.9%,  4.7%,105.7
Mar 2017,Quebec,Average weekly earnings including overtime for all employees,"Arts, entertainment and recreation",$  580.77, -1.0%,  1.0%,104.7
Apr 2017,Quebec,Average weekly earnings including overtime for all employees,"Arts, entertainment and recreation",$  563.41, -3.0%,  2.4%,101.6
May 2017,Quebec,Average weekly earnings including overtime for all employees,"Arts, entertainment and recreation",$  580.07,  3.0%,  5.1%,104.6
Jun 2017,Quebec,Average weekly earnings including overtime for all employees,"Arts, entertainment and recreation",$  571.23, -1.5%,  2.5%,103.0
Jul 2017,Quebec,Average weekly earnings including overtime for all employees,"Arts, entertainment and recreation",$  558.01, -2.3%, -1.0%,100.6
Aug 2017,Quebec,Average weekly earnings including overtime for all employees,"Arts, entertainment and recreation",$  592.13,  6.1%,  7.7%,106.8
Sep 2017,Quebec,Average weekly earnings including overtime for all employees,"Arts, entertainment and recreation",$  614.57,  3.8%, 11.7%,110.8
Oct 2017,Quebec,Average weekly earnings including overtime for all employees,"Arts, entertainment and recreation",$  605.82, -1.4%,  6.3%,109.2
Nov 2017,Quebec,Average weekly earnings including overtime for all employees,"Arts, entertainment and recreation",$  607.17,  0.2%,  6.4%,109.5
Dec 2017,Quebec,Average weekly earnings including overtime for all employees,"Arts, entertainment and recreation",$  604.97, -0.4%,  2.7%,109.1
Jan 2018,Quebec,Average weekly earnings including overtime for all employees,"Arts, entertainment and recreation",$  609.15,  0.7%, 11.1%,109.8
Feb 2018,Quebec,Average weekly earnings including overtime for all employees,"Arts, entertainment and recreation",$  588.37, -3.4%,  0.3%,106.1
Mar 2018,Quebec,Average weekly earnings including overtime for all employees,"Arts, entertainment and recreation",$  579.60, -1.5%, -0.2%,104.5
Apr 2018,Quebec,Average weekly earnings including overtime for all employees,"Arts, entertainment and recreation",$  571.19, -1.5%,  1.4%,103.0
May 2018,Quebec,Average weekly earnings including overtime for all employees,"Arts, entertainment and recreation",$  570.14, -0.2%, -1.7%,102.8
Jun 2018,Quebec,Average weekly earnings including overtime for all employees,"Arts, entertainment and recreation",$  588.28,  3.2%,  3.0%,106.1
Jul 2018,Quebec,Average weekly earnings including overtime for all employees,"Arts, entertainment and recreation",$  617.78,  5.0%, 10.7%,111.4
Aug 2018,Quebec,Average weekly earnings including overtime for all employees,"Arts, entertainment and recreation",$  613.14, -0.8%,  3.5%,110.6
Sep 2018,Quebec,Average weekly earnings including overtime for all employees,"Arts, entertainment and recreation",$  572.21, -6.7%, -6.9%,103.2
Oct 2018,Quebec,Average weekly earnings including overtime for all employees,"Arts, entertainment and recreation",$  572.30,  0.0%, -5.5%,103.2
Nov 2018,Quebec,Average weekly earnings including overtime for all employees,"Arts, entertainment and recreation",$  600.10,  4.9%, -1.2%,108.2
Dec 2018,Quebec,Average weekly earnings including overtime for all employees,"Arts, entertainment and recreation",$  614.69,  2.4%,  1.6%,110.8
Jan 2019,Quebec,Average weekly earnings including overtime for all employees,"Arts, entertainment and recreation",$  588.56, -4.3%, -3.4%,106.1
Feb 2019,Quebec,Average weekly earnings including overtime for all employees,"Arts, entertainment and recreation",$  598.22,  1.6%,  1.7%,107.9
Mar 2019,Quebec,Average weekly earnings including overtime for all employees,"Arts, entertainment and recreation",$  607.70,  1.6%,  4.8%,109.6
Apr 2019,Quebec,Average weekly earnings including overtime for all employees,"Arts, entertainment and recreation",$  597.76, -1.6%,  4.7%,107.8
May 2019,Quebec,Average weekly earnings including overtime for all employees,"Arts, entertainment and recreation",$  613.09,  2.6%,  7.5%,110.6
Jun 2019,Quebec,Average weekly earnings including overtime for all employees,"Arts, entertainment and recreation",$  602.75, -1.7%,  2.5%,108.7
Jul 2019,Quebec,Average weekly earnings including overtime for all employees,"Arts, entertainment and recreation",$  642.93,  6.7%,  4.1%,115.9
Aug 2019,Quebec,Average weekly earnings including overtime for all employees,"Arts, entertainment and recreation",$  640.64, -0.4%,  4.5%,115.5
Sep 2019,Quebec,Average weekly earnings including overtime for all employees,"Arts, entertainment and recreation",$  640.27, -0.1%, 11.9%,115.5
Oct 2019,Quebec,Average weekly earnings including overtime for all employees,"Arts, entertainment and recreation",$  644.62,  0.7%, 12.6%,116.2
Nov 2019,Quebec,Average weekly earnings including overtime for all employees,"Arts, entertainment and recreation",$  672.52,  4.3%, 12.1%,121.3
Dec 2019,Quebec,Average weekly earnings including overtime for all employees,"Arts, entertainment and recreation",$  655.47, -2.5%,  6.6%,118.2
Jan 2020,Quebec,Average weekly earnings including overtime for all employees,"Arts, entertainment and recreation",$  664.79,  1.4%, 13.0%,119.9
Feb 2020,Quebec,Average weekly earnings including overtime for all employees,"Arts, entertainment and recreation",$  665.20,  0.1%, 11.2%,120.0
Mar 2020,Quebec,Average weekly earnings including overtime for all employees,"Arts, entertainment and recreation",$  686.81,  3.2%, 13.0%,123.8
Apr 2020,Quebec,Average weekly earnings including overtime for all employees,"Arts, entertainment and recreation",$  738.35,  7.5%, 23.5%,133.1
May 2020,Quebec,Average weekly earnings including overtime for all employees,"Arts, entertainment and recreation",$  797.88,  8.1%, 30.1%,143.9
Jun 2020,Quebec,Average weekly earnings including overtime for all employees,"Arts, entertainment and recreation",$  756.84, -5.1%, 25.6%,136.5
Jul 2020,Quebec,Average weekly earnings including overtime for all employees,"Arts, entertainment and recreation",$  734.86, -2.9%, 14.3%,132.5
Aug 2020,Quebec,Average weekly earnings including overtime for all employees,"Arts, entertainment and recreation",$  686.73, -6.5%,  7.2%,123.8
Sep 2020,Quebec,Average weekly earnings including overtime for all employees,"Arts, entertainment and recreation",$  698.44,  1.7%,  9.1%,125.9
Oct 2020,Quebec,Average weekly earnings including overtime for all employees,"Arts, entertainment and recreation",$  720.40,  3.1%, 11.8%,129.9
Nov 2020,Quebec,Average weekly earnings including overtime for all employees,"Arts, entertainment and recreation",$  684.43, -5.0%,  1.8%,123.4
Dec 2020,Quebec,Average weekly earnings including overtime for all employees,"Arts, entertainment and recreation",$  693.31,  1.3%,  5.8%,125.0
Jan 2021,Quebec,Average weekly earnings including overtime for all employees,"Arts, entertainment and recreation",$  711.79,  2.7%,  7.1%,128.4
Feb 2021,Quebec,Average weekly earnings including overtime for all employees,"Arts, entertainment and recreation",$  736.75,  3.5%, 10.8%,132.9
Mar 2021,Quebec,Average weekly earnings including overtime for all employees,"Arts, entertainment and recreation",$  733.20, -0.5%,  6.8%,132.2
Apr 2021,Quebec,Average weekly earnings including overtime for all employees,"Arts, entertainment and recreation",$  705.93, -3.7%, -4.4%,127.3
May 2021,Quebec,Average weekly earnings including overtime for all employees,"Arts, entertainment and recreation",$  768.58,  8.9%, -3.7%,138.6
Jun 2021,Quebec,Average weekly earnings including overtime for all employees,"Arts, entertainment and recreation",$  690.42,-10.2%, -8.8%,124.5
Jul 2021,Quebec,Average weekly earnings including overtime for all employees,"Arts, entertainment and recreation",$  668.62, -3.2%, -9.0%,120.6
Aug 2021,Quebec,Average weekly earnings including overtime for all employees,"Arts, entertainment and recreation",$  720.14,  7.7%,  4.9%,129.9
Sep 2021,Quebec,Average weekly earnings including overtime for all employees,"Arts, entertainment and recreation",$  745.89,  3.6%,  6.8%,134.5
Oct 2021,Quebec,Average weekly earnings including overtime for all employees,"Arts, entertainment and recreation",$  734.42, -1.5%,  1.9%,132.4
Nov 2021,Quebec,Average weekly earnings including overtime for all employees,"Arts, entertainment and recreation",$  736.06,  0.2%,  7.5%,132.7
Dec 2021,Quebec,Average weekly earnings including overtime for all employees,"Arts, entertainment and recreation",$  707.88, -3.8%,  2.1%,127.6
Jan 2022,Quebec,Average weekly earnings including overtime for all employees,"Arts, entertainment and recreation",$  751.39,  6.1%,  5.6%,135.5
Feb 2022,Quebec,Average weekly earnings including overtime for all employees,"Arts, entertainment and recreation",$  734.98, -2.2%, -0.2%,132.5
Mar 2022,Quebec,Average weekly earnings including overtime for all employees,"Arts, entertainment and recreation",$  692.20, -5.8%, -5.6%,124.8
Apr 2022,Quebec,Average weekly earnings including overtime for all employees,"Arts, entertainment and recreation",$  697.03,  0.7%, -1.3%,125.7
May 2022,Quebec,Average weekly earnings including overtime for all employees,"Arts, entertainment and recreation",$  720.91,  3.4%, -6.2%,130.0
Jun 2022,Quebec,Average weekly earnings including overtime for all employees,"Arts, entertainment and recreation",$  684.77, -5.0%, -0.8%,123.5
Jul 2022,Quebec,Average weekly earnings including overtime for all employees,"Arts, entertainment and recreation",$  695.79,  1.6%,  4.1%,125.5
Aug 2022,Quebec,Average weekly earnings including overtime for all employees,"Arts, entertainment and recreation",$  705.56,  1.4%, -2.0%,127.2
Sep 2022,Quebec,Average weekly earnings including overtime for all employees,"Arts, entertainment and recreation",$  702.92, -0.4%, -5.8%,126.8
Oct 2022,Quebec,Average weekly earnings including overtime for all employees,"Arts, entertainment and recreation",$  712.43,  1.4%, -3.0%,128.5
Nov 2022,Quebec,Average weekly earnings including overtime for all employees,"Arts, entertainment and recreation",$  674.85, -5.3%, -8.3%,121.7
Dec 2022,Quebec,Average weekly earnings including overtime for all employees,"Arts, entertainment and recreation",$  695.76,  3.1%, -1.7%,125.5
Jan 2023,Quebec,Average weekly earnings including overtime for all employees,"Arts, entertainment and recreation",$  676.52, -2.8%,-10.0%,122.0
Feb 2023,Quebec,Average weekly earnings including overtime for all employees,"Arts, entertainment and recreation",$  671.57, -0.7%, -8.6%,121.1
Mar 2023,Quebec,Average weekly earnings including overtime for all employees,"Arts, entertainment and recreation",$  717.91,  6.9%,  3.7%,129.5
Apr 2023,Quebec,Average weekly earnings including overtime for all employees,"Arts, entertainment and recreation",$  743.84,  3.6%,  6.7%,134.1
May 2023,Quebec,Average weekly earnings including overtime for all employees,"Arts, entertainment and recreation",$  726.74, -2.3%,  0.8%,131.1
Jun 2023,Quebec,Average weekly earnings including overtime for all employees,"Arts, entertainment and recreation",$  744.75,  2.5%,  8.8%,134.3
Jul 2023,Quebec,Average weekly earnings including overtime for all employees,"Arts, entertainment and recreation",$  747.81,  0.4%,  7.5%,134.8
Aug 2023,Quebec,Average weekly earnings including overtime for all employees,"Arts, entertainment and recreation",$  730.22, -2.4%,  3.5%,131.7
Sep 2023,Quebec,Average weekly earnings including overtime for all employees,"Arts, entertainment and recreation",$  719.26, -1.5%,  2.3%,129.7
Oct 2023,Quebec,Average weekly earnings including overtime for all employees,"Arts, entertainment and recreation",$  697.95, -3.0%, -2.0%,125.9
Nov 2023,Quebec,Average weekly earnings including overtime for all employees,"Arts, entertainment and recreation",$  784.98, 12.5%, 16.3%,141.6
Dec 2023,Quebec,Average weekly earnings including overtime for all employees,"Arts, entertainment and recreation",$  796.54,  1.5%, 14.5%,143.6
Jan 2024,Quebec,Average weekly earnings including overtime for all employees,"Arts, entertainment and recreation",$  795.12, -0.2%, 17.5%,143.4
Feb 2024,Quebec,Average weekly earnings including overtime for all employees,"Arts, entertainment and recreation",$  811.42,  2.1%, 20.8%,146.3
Mar 2024,Quebec,Average weekly earnings including overtime for all employees,"Arts, entertainment and recreation",$  797.43, -1.7%, 11.1%,143.8
Apr 2024,Quebec,Average weekly earnings including overtime for all employees,"Arts, entertainment and recreation",$  788.12, -1.2%,  6.0%,142.1
May 2024,Quebec,Average weekly earnings including overtime for all employees,"Arts, entertainment and recreation",$  771.84, -2.1%,  6.2%,139.2
Jun 2024,Quebec,Average weekly earnings including overtime for all employees,"Arts, entertainment and recreation",$  752.03, -2.6%,  1.0%,135.6
Jul 2024,Quebec,Average weekly earnings including overtime for all employees,"Arts, entertainment and recreation",$  775.49,  3.1%,  3.7%,139.8
Aug 2024,Quebec,Average weekly earnings including overtime for all employees,"Arts, entertainment and recreation",$  813.68,  4.9%, 11.4%,146.7
Sep 2024,Quebec,Average weekly earnings including overtime for all employees,"Arts, entertainment and recreation",$  798.88, -1.8%, 11.1%,144.1
Oct 2024,Quebec,Average weekly earnings including overtime for all employees,"Arts, entertainment and recreation",$  769.01, -3.7%, 10.2%,138.7
Jan 2011,Quebec,Average weekly earnings including overtime for all employees,Accommodation and food services,$  357.07, -0.1%,  7.5%,100.0
Feb 2011,Quebec,Average weekly earnings including overtime for all employees,Accommodation and food services,$  362.37,  1.5%, 10.6%,101.5
Mar 2011,Quebec,Average weekly earnings including overtime for all employees,Accommodation and food services,$  356.36, -1.7%,  9.0%, 99.8
Apr 2011,Quebec,Average weekly earnings including overtime for all employees,Accommodation and food services,$  365.53,  2.6%, 10.4%,102.4
May 2011,Quebec,Average weekly earnings including overtime for all employees,Accommodation and food services,$  349.21, -4.5%,  3.2%, 97.8
Jun 2011,Quebec,Average weekly earnings including overtime for all employees,Accommodation and food services,$  355.59,  1.8%,  2.0%, 99.6
Jul 2011,Quebec,Average weekly earnings including overtime for all employees,Accommodation and food services,$  348.82, -1.9%,  1.0%, 97.7
Aug 2011,Quebec,Average weekly earnings including overtime for all employees,Accommodation and food services,$  345.08, -1.1%, -3.6%, 96.6
Sep 2011,Quebec,Average weekly earnings including overtime for all employees,Accommodation and food services,$  350.38,  1.5%, -4.7%, 98.1
Oct 2011,Quebec,Average weekly earnings including overtime for all employees,Accommodation and food services,$  340.55, -2.8%, -5.3%, 95.4
Nov 2011,Quebec,Average weekly earnings including overtime for all employees,Accommodation and food services,$  343.63,  0.9%, -0.9%, 96.2
Dec 2011,Quebec,Average weekly earnings including overtime for all employees,Accommodation and food services,$  349.97,  1.8%, -2.1%, 98.0
Jan 2012,Quebec,Average weekly earnings including overtime for all employees,Accommodation and food services,$  345.32, -1.3%, -3.3%, 96.7
Feb 2012,Quebec,Average weekly earnings including overtime for all employees,Accommodation and food services,$  353.03,  2.2%, -2.6%, 98.9
Mar 2012,Quebec,Average weekly earnings including overtime for all employees,Accommodation and food services,$  360.30,  2.1%,  1.1%,100.9
Apr 2012,Quebec,Average weekly earnings including overtime for all employees,Accommodation and food services,$  345.27, -4.2%, -5.5%, 96.7
May 2012,Quebec,Average weekly earnings including overtime for all employees,Accommodation and food services,$  359.22,  4.0%,  2.9%,100.6
Jun 2012,Quebec,Average weekly earnings including overtime for all employees,Accommodation and food services,$  347.42, -3.3%, -2.3%, 97.3
Jul 2012,Quebec,Average weekly earnings including overtime for all employees,Accommodation and food services,$  358.06,  3.1%,  2.6%,100.3
Aug 2012,Quebec,Average weekly earnings including overtime for all employees,Accommodation and food services,$  361.18,  0.9%,  4.7%,101.2
Sep 2012,Quebec,Average weekly earnings including overtime for all employees,Accommodation and food services,$  354.02, -2.0%,  1.0%, 99.1
Oct 2012,Quebec,Average weekly earnings including overtime for all employees,Accommodation and food services,$  350.90, -0.9%,  3.0%, 98.3
Nov 2012,Quebec,Average weekly earnings including overtime for all employees,Accommodation and food services,$  375.64,  7.1%,  9.3%,105.2
Dec 2012,Quebec,Average weekly earnings including overtime for all employees,Accommodation and food services,$  363.19, -3.3%,  3.8%,101.7
Jan 2013,Quebec,Average weekly earnings including overtime for all employees,Accommodation and food services,$  365.73,  0.7%,  5.9%,102.4
Feb 2013,Quebec,Average weekly earnings including overtime for all employees,Accommodation and food services,$  353.97, -3.2%,  0.3%, 99.1
Mar 2013,Quebec,Average weekly earnings including overtime for all employees,Accommodation and food services,$  360.44,  1.8%,  0.0%,100.9
Apr 2013,Quebec,Average weekly earnings including overtime for all employees,Accommodation and food services,$  355.80, -1.3%,  3.0%, 99.6
May 2013,Quebec,Average weekly earnings including overtime for all employees,Accommodation and food services,$  357.22,  0.4%, -0.6%,100.0
Jun 2013,Quebec,Average weekly earnings including overtime for all employees,Accommodation and food services,$  368.24,  3.1%,  6.0%,103.1
Jul 2013,Quebec,Average weekly earnings including overtime for all employees,Accommodation and food services,$  356.54, -3.2%, -0.4%, 99.9
Aug 2013,Quebec,Average weekly earnings including overtime for all employees,Accommodation and food services,$  361.71,  1.5%,  0.1%,101.3
Sep 2013,Quebec,Average weekly earnings including overtime for all employees,Accommodation and food services,$  361.45, -0.1%,  2.1%,101.2
Oct 2013,Quebec,Average weekly earnings including overtime for all employees,Accommodation and food services,$  365.55,  1.1%,  4.2%,102.4
Nov 2013,Quebec,Average weekly earnings including overtime for all employees,Accommodation and food services,$  358.79, -1.8%, -4.5%,100.5
Dec 2013,Quebec,Average weekly earnings including overtime for all employees,Accommodation and food services,$  346.93, -3.3%, -4.5%, 97.2
Jan 2014,Quebec,Average weekly earnings including overtime for all employees,Accommodation and food services,$  358.50,  3.3%, -2.0%,100.4
Feb 2014,Quebec,Average weekly earnings including overtime for all employees,Accommodation and food services,$  365.89,  2.1%,  3.4%,102.5
Mar 2014,Quebec,Average weekly earnings including overtime for all employees,Accommodation and food services,$  361.69, -1.1%,  0.3%,101.3
Apr 2014,Quebec,Average weekly earnings including overtime for all employees,Accommodation and food services,$  366.58,  1.4%,  3.0%,102.7
May 2014,Quebec,Average weekly earnings including overtime for all employees,Accommodation and food services,$  377.96,  3.1%,  5.8%,105.9
Jun 2014,Quebec,Average weekly earnings including overtime for all employees,Accommodation and food services,$  360.13, -4.7%, -2.2%,100.9
Jul 2014,Quebec,Average weekly earnings including overtime for all employees,Accommodation and food services,$  374.87,  4.1%,  5.1%,105.0
Aug 2014,Quebec,Average weekly earnings including overtime for all employees,Accommodation and food services,$  366.87, -2.1%,  1.4%,102.7
Sep 2014,Quebec,Average weekly earnings including overtime for all employees,Accommodation and food services,$  354.08, -3.5%, -2.0%, 99.2
Oct 2014,Quebec,Average weekly earnings including overtime for all employees,Accommodation and food services,$  378.42,  6.9%,  3.5%,106.0
Nov 2014,Quebec,Average weekly earnings including overtime for all employees,Accommodation and food services,$  361.61, -4.4%,  0.8%,101.3
Dec 2014,Quebec,Average weekly earnings including overtime for all employees,Accommodation and food services,$  376.41,  4.1%,  8.5%,105.4
Jan 2015,Quebec,Average weekly earnings including overtime for all employees,Accommodation and food services,$  368.30, -2.2%,  2.7%,103.1
Feb 2015,Quebec,Average weekly earnings including overtime for all employees,Accommodation and food services,$  365.50, -0.8%, -0.1%,102.4
Mar 2015,Quebec,Average weekly earnings including overtime for all employees,Accommodation and food services,$  364.09, -0.4%,  0.7%,102.0
Apr 2015,Quebec,Average weekly earnings including overtime for all employees,Accommodation and food services,$  388.72,  6.8%,  6.0%,108.9
May 2015,Quebec,Average weekly earnings including overtime for all employees,Accommodation and food services,$  367.01, -5.6%, -2.9%,102.8
Jun 2015,Quebec,Average weekly earnings including overtime for all employees,Accommodation and food services,$  366.03, -0.3%,  1.6%,102.5
Jul 2015,Quebec,Average weekly earnings including overtime for all employees,Accommodation and food services,$  378.28,  3.3%,  0.9%,105.9
Aug 2015,Quebec,Average weekly earnings including overtime for all employees,Accommodation and food services,$  354.26, -6.3%, -3.4%, 99.2
Sep 2015,Quebec,Average weekly earnings including overtime for all employees,Accommodation and food services,$  360.43,  1.7%,  1.8%,100.9
Oct 2015,Quebec,Average weekly earnings including overtime for all employees,Accommodation and food services,$  361.46,  0.3%, -4.5%,101.2
Nov 2015,Quebec,Average weekly earnings including overtime for all employees,Accommodation and food services,$  366.44,  1.4%,  1.3%,102.6
Dec 2015,Quebec,Average weekly earnings including overtime for all employees,Accommodation and food services,$  362.13, -1.2%, -3.8%,101.4
Jan 2016,Quebec,Average weekly earnings including overtime for all employees,Accommodation and food services,$  366.15,  1.1%, -0.6%,102.5
Feb 2016,Quebec,Average weekly earnings including overtime for all employees,Accommodation and food services,$  368.83,  0.7%,  0.9%,103.3
Mar 2016,Quebec,Average weekly earnings including overtime for all employees,Accommodation and food services,$  360.73, -2.2%, -0.9%,101.0
Apr 2016,Quebec,Average weekly earnings including overtime for all employees,Accommodation and food services,$  350.78, -2.8%, -9.8%, 98.2
May 2016,Quebec,Average weekly earnings including overtime for all employees,Accommodation and food services,$  354.32,  1.0%, -3.5%, 99.2
Jun 2016,Quebec,Average weekly earnings including overtime for all employees,Accommodation and food services,$  371.30,  4.8%,  1.4%,104.0
Jul 2016,Quebec,Average weekly earnings including overtime for all employees,Accommodation and food services,$  346.00, -6.8%, -8.5%, 96.9
Aug 2016,Quebec,Average weekly earnings including overtime for all employees,Accommodation and food services,$  357.16,  3.2%,  0.8%,100.0
Sep 2016,Quebec,Average weekly earnings including overtime for all employees,Accommodation and food services,$  373.85,  4.7%,  3.7%,104.7
Oct 2016,Quebec,Average weekly earnings including overtime for all employees,Accommodation and food services,$  357.16, -4.5%, -1.2%,100.0
Nov 2016,Quebec,Average weekly earnings including overtime for all employees,Accommodation and food services,$  346.63, -2.9%, -5.4%, 97.1
Dec 2016,Quebec,Average weekly earnings including overtime for all employees,Accommodation and food services,$  367.42,  6.0%,  1.5%,102.9
Jan 2017,Quebec,Average weekly earnings including overtime for all employees,Accommodation and food services,$  354.41, -3.5%, -3.2%, 99.3
Feb 2017,Quebec,Average weekly earnings including overtime for all employees,Accommodation and food services,$  352.35, -0.6%, -4.5%, 98.7
Mar 2017,Quebec,Average weekly earnings including overtime for all employees,Accommodation and food services,$  364.35,  3.4%,  1.0%,102.0
Apr 2017,Quebec,Average weekly earnings including overtime for all employees,Accommodation and food services,$  356.75, -2.1%,  1.7%, 99.9
May 2017,Quebec,Average weekly earnings including overtime for all employees,Accommodation and food services,$  360.30,  1.0%,  1.7%,100.9
Jun 2017,Quebec,Average weekly earnings including overtime for all employees,Accommodation and food services,$  365.76,  1.5%, -1.5%,102.4
Jul 2017,Quebec,Average weekly earnings including overtime for all employees,Accommodation and food services,$  366.56,  0.2%,  5.9%,102.7
Aug 2017,Quebec,Average weekly earnings including overtime for all employees,Accommodation and food services,$  387.88,  5.8%,  8.6%,108.6
Sep 2017,Quebec,Average weekly earnings including overtime for all employees,Accommodation and food services,$  367.33, -5.3%, -1.7%,102.9
Oct 2017,Quebec,Average weekly earnings including overtime for all employees,Accommodation and food services,$  366.78, -0.1%,  2.7%,102.7
Nov 2017,Quebec,Average weekly earnings including overtime for all employees,Accommodation and food services,$  386.19,  5.3%, 11.4%,108.2
Dec 2017,Quebec,Average weekly earnings including overtime for all employees,Accommodation and food services,$  377.21, -2.3%,  2.7%,105.6
Jan 2018,Quebec,Average weekly earnings including overtime for all employees,Accommodation and food services,$  366.27, -2.9%,  3.3%,102.6
Feb 2018,Quebec,Average weekly earnings including overtime for all employees,Accommodation and food services,$  380.10,  3.8%,  7.9%,106.4
Mar 2018,Quebec,Average weekly earnings including overtime for all employees,Accommodation and food services,$  382.97,  0.8%,  5.1%,107.3
Apr 2018,Quebec,Average weekly earnings including overtime for all employees,Accommodation and food services,$  385.57,  0.7%,  8.1%,108.0
May 2018,Quebec,Average weekly earnings including overtime for all employees,Accommodation and food services,$  386.99,  0.4%,  7.4%,108.4
Jun 2018,Quebec,Average weekly earnings including overtime for all employees,Accommodation and food services,$  376.29, -2.8%,  2.9%,105.4
Jul 2018,Quebec,Average weekly earnings including overtime for all employees,Accommodation and food services,$  384.74,  2.2%,  5.0%,107.7
Aug 2018,Quebec,Average weekly earnings including overtime for all employees,Accommodation and food services,$  390.08,  1.4%,  0.6%,109.2
Sep 2018,Quebec,Average weekly earnings including overtime for all employees,Accommodation and food services,$  377.90, -3.1%,  2.9%,105.8
Oct 2018,Quebec,Average weekly earnings including overtime for all employees,Accommodation and food services,$  385.50,  2.0%,  5.1%,108.0
Nov 2018,Quebec,Average weekly earnings including overtime for all employees,Accommodation and food services,$  400.07,  3.8%,  3.6%,112.0
Dec 2018,Quebec,Average weekly earnings including overtime for all employees,Accommodation and food services,$  391.07, -2.2%,  3.7%,109.5
Jan 2019,Quebec,Average weekly earnings including overtime for all employees,Accommodation and food services,$  404.31,  3.4%, 10.4%,113.2
Feb 2019,Quebec,Average weekly earnings including overtime for all employees,Accommodation and food services,$  395.59, -2.2%,  4.1%,110.8
Mar 2019,Quebec,Average weekly earnings including overtime for all employees,Accommodation and food services,$  385.73, -2.5%,  0.7%,108.0
Apr 2019,Quebec,Average weekly earnings including overtime for all employees,Accommodation and food services,$  386.64,  0.2%,  0.3%,108.3
May 2019,Quebec,Average weekly earnings including overtime for all employees,Accommodation and food services,$  400.08,  3.5%,  3.4%,112.0
Jun 2019,Quebec,Average weekly earnings including overtime for all employees,Accommodation and food services,$  394.54, -1.4%,  4.8%,110.5
Jul 2019,Quebec,Average weekly earnings including overtime for all employees,Accommodation and food services,$  395.46,  0.2%,  2.8%,110.8
Aug 2019,Quebec,Average weekly earnings including overtime for all employees,Accommodation and food services,$  395.67,  0.1%,  1.4%,110.8
Sep 2019,Quebec,Average weekly earnings including overtime for all employees,Accommodation and food services,$  414.05,  4.6%,  9.6%,116.0
Oct 2019,Quebec,Average weekly earnings including overtime for all employees,Accommodation and food services,$  414.49,  0.1%,  7.5%,116.1
Nov 2019,Quebec,Average weekly earnings including overtime for all employees,Accommodation and food services,$  399.46, -3.6%, -0.2%,111.9
Dec 2019,Quebec,Average weekly earnings including overtime for all employees,Accommodation and food services,$  396.83, -0.7%,  1.5%,111.1
Jan 2020,Quebec,Average weekly earnings including overtime for all employees,Accommodation and food services,$  411.04,  3.6%,  1.7%,115.1
Feb 2020,Quebec,Average weekly earnings including overtime for all employees,Accommodation and food services,$  402.45, -2.1%,  1.7%,112.7
Mar 2020,Quebec,Average weekly earnings including overtime for all employees,Accommodation and food services,$  420.34,  4.4%,  9.0%,117.7
Apr 2020,Quebec,Average weekly earnings including overtime for all employees,Accommodation and food services,$  465.29, 10.7%, 20.3%,130.3
May 2020,Quebec,Average weekly earnings including overtime for all employees,Accommodation and food services,$  456.79, -1.8%, 14.2%,127.9
Jun 2020,Quebec,Average weekly earnings including overtime for all employees,Accommodation and food services,$  417.72, -8.6%,  5.9%,117.0
Jul 2020,Quebec,Average weekly earnings including overtime for all employees,Accommodation and food services,$  424.43,  1.6%,  7.3%,118.9
Aug 2020,Quebec,Average weekly earnings including overtime for all employees,Accommodation and food services,$  402.41, -5.2%,  1.7%,112.7
Sep 2020,Quebec,Average weekly earnings including overtime for all employees,Accommodation and food services,$  407.21,  1.2%, -1.7%,114.0
Oct 2020,Quebec,Average weekly earnings including overtime for all employees,Accommodation and food services,$  427.18,  4.9%,  3.1%,119.6
Nov 2020,Quebec,Average weekly earnings including overtime for all employees,Accommodation and food services,$  413.28, -3.3%,  3.5%,115.7
Dec 2020,Quebec,Average weekly earnings including overtime for all employees,Accommodation and food services,$  422.95,  2.3%,  6.6%,118.5
Jan 2021,Quebec,Average weekly earnings including overtime for all employees,Accommodation and food services,$  445.35,  5.3%,  8.3%,124.7
Feb 2021,Quebec,Average weekly earnings including overtime for all employees,Accommodation and food services,$  462.42,  3.8%, 14.9%,129.5
Mar 2021,Quebec,Average weekly earnings including overtime for all employees,Accommodation and food services,$  434.06, -6.1%,  3.3%,121.6
Apr 2021,Quebec,Average weekly earnings including overtime for all employees,Accommodation and food services,$  448.21,  3.3%, -3.7%,125.5
May 2021,Quebec,Average weekly earnings including overtime for all employees,Accommodation and food services,$  439.97, -1.8%, -3.7%,123.2
Jun 2021,Quebec,Average weekly earnings including overtime for all employees,Accommodation and food services,$  438.89, -0.2%,  5.1%,122.9
Jul 2021,Quebec,Average weekly earnings including overtime for all employees,Accommodation and food services,$  442.46,  0.8%,  4.2%,123.9
Aug 2021,Quebec,Average weekly earnings including overtime for all employees,Accommodation and food services,$  451.99,  2.2%, 12.3%,126.6
Sep 2021,Quebec,Average weekly earnings including overtime for all employees,Accommodation and food services,$  461.27,  2.1%, 13.3%,129.2
Oct 2021,Quebec,Average weekly earnings including overtime for all employees,Accommodation and food services,$  450.73, -2.3%,  5.5%,126.2
Nov 2021,Quebec,Average weekly earnings including overtime for all employees,Accommodation and food services,$  450.78,  0.0%,  9.1%,126.2
Dec 2021,Quebec,Average weekly earnings including overtime for all employees,Accommodation and food services,$  453.63,  0.6%,  7.3%,127.0
Jan 2022,Quebec,Average weekly earnings including overtime for all employees,Accommodation and food services,$  429.61, -5.3%, -3.5%,120.3
Feb 2022,Quebec,Average weekly earnings including overtime for all employees,Accommodation and food services,$  447.19,  4.1%, -3.3%,125.2
Mar 2022,Quebec,Average weekly earnings including overtime for all employees,Accommodation and food services,$  449.39,  0.5%,  3.5%,125.9
Apr 2022,Quebec,Average weekly earnings including overtime for all employees,Accommodation and food services,$  442.03, -1.6%, -1.4%,123.8
May 2022,Quebec,Average weekly earnings including overtime for all employees,Accommodation and food services,$  449.81,  1.8%,  2.2%,126.0
Jun 2022,Quebec,Average weekly earnings including overtime for all employees,Accommodation and food services,$  454.28,  1.0%,  3.5%,127.2
Jul 2022,Quebec,Average weekly earnings including overtime for all employees,Accommodation and food services,$  456.07,  0.4%,  3.1%,127.7
Aug 2022,Quebec,Average weekly earnings including overtime for all employees,Accommodation and food services,$  442.85, -2.9%, -2.0%,124.0
Sep 2022,Quebec,Average weekly earnings including overtime for all employees,Accommodation and food services,$  456.11,  3.0%, -1.1%,127.7
Oct 2022,Quebec,Average weekly earnings including overtime for all employees,Accommodation and food services,$  437.02, -4.2%, -3.0%,122.4
Nov 2022,Quebec,Average weekly earnings including overtime for all employees,Accommodation and food services,$  447.05,  2.3%, -0.8%,125.2
Dec 2022,Quebec,Average weekly earnings including overtime for all employees,Accommodation and food services,$  447.06,  0.0%, -1.4%,125.2
Jan 2023,Quebec,Average weekly earnings including overtime for all employees,Accommodation and food services,$  450.26,  0.7%,  4.8%,126.1
Feb 2023,Quebec,Average weekly earnings including overtime for all employees,Accommodation and food services,$  459.13,  2.0%,  2.7%,128.6
Mar 2023,Quebec,Average weekly earnings including overtime for all employees,Accommodation and food services,$  449.77, -2.0%,  0.1%,126.0
Apr 2023,Quebec,Average weekly earnings including overtime for all employees,Accommodation and food services,$  455.86,  1.4%,  3.1%,127.7
May 2023,Quebec,Average weekly earnings including overtime for all employees,Accommodation and food services,$  460.66,  1.1%,  2.4%,129.0
Jun 2023,Quebec,Average weekly earnings including overtime for all employees,Accommodation and food services,$  467.25,  1.4%,  2.9%,130.9
Jul 2023,Quebec,Average weekly earnings including overtime for all employees,Accommodation and food services,$  460.05, -1.5%,  0.9%,128.8
Aug 2023,Quebec,Average weekly earnings including overtime for all employees,Accommodation and food services,$  487.18,  5.9%, 10.0%,136.4
Sep 2023,Quebec,Average weekly earnings including overtime for all employees,Accommodation and food services,$  462.61, -5.0%,  1.4%,129.6
Oct 2023,Quebec,Average weekly earnings including overtime for all employees,Accommodation and food services,$  477.81,  3.3%,  9.3%,133.8
Nov 2023,Quebec,Average weekly earnings including overtime for all employees,Accommodation and food services,$  497.29,  4.1%, 11.2%,139.3
Dec 2023,Quebec,Average weekly earnings including overtime for all employees,Accommodation and food services,$  493.98, -0.7%, 10.5%,138.3
Jan 2024,Quebec,Average weekly earnings including overtime for all employees,Accommodation and food services,$  498.62,  0.9%, 10.7%,139.6
Feb 2024,Quebec,Average weekly earnings including overtime for all employees,Accommodation and food services,$  493.54, -1.0%,  7.5%,138.2
Mar 2024,Quebec,Average weekly earnings including overtime for all employees,Accommodation and food services,$  485.40, -1.6%,  7.9%,135.9
Apr 2024,Quebec,Average weekly earnings including overtime for all employees,Accommodation and food services,$  490.25,  1.0%,  7.5%,137.3
May 2024,Quebec,Average weekly earnings including overtime for all employees,Accommodation and food services,$  489.09, -0.2%,  6.2%,137.0
Jun 2024,Quebec,Average weekly earnings including overtime for all employees,Accommodation and food services,$  492.46,  0.7%,  5.4%,137.9
Jul 2024,Quebec,Average weekly earnings including overtime for all employees,Accommodation and food services,$  501.07,  1.7%,  8.9%,140.3
Aug 2024,Quebec,Average weekly earnings including overtime for all employees,Accommodation and food services,$  506.03,  1.0%,  3.9%,141.7
Sep 2024,Quebec,Average weekly earnings including overtime for all employees,Accommodation and food services,$  519.24,  2.6%, 12.2%,145.4
Oct 2024,Quebec,Average weekly earnings including overtime for all employees,Accommodation and food services,$  520.72,  0.3%,  9.0%,145.8
Jan 2011,Quebec,Average weekly earnings including overtime for all employees,Other services (except public administration),$  640.22, -0.6%,  0.2%,100.0
Feb 2011,Quebec,Average weekly earnings including overtime for all employees,Other services (except public administration),$  623.27, -2.6%, -0.6%, 97.4
Mar 2011,Quebec,Average weekly earnings including overtime for all employees,Other services (except public administration),$  615.38, -1.3%, -4.0%, 96.1
Apr 2011,Quebec,Average weekly earnings including overtime for all employees,Other services (except public administration),$  654.28,  6.3%,  5.9%,102.2
May 2011,Quebec,Average weekly earnings including overtime for all employees,Other services (except public administration),$  633.48, -3.2%,  3.0%, 98.9
Jun 2011,Quebec,Average weekly earnings including overtime for all employees,Other services (except public administration),$  632.32, -0.2%, -1.2%, 98.8
Jul 2011,Quebec,Average weekly earnings including overtime for all employees,Other services (except public administration),$  634.22,  0.3%,  1.7%, 99.1
Aug 2011,Quebec,Average weekly earnings including overtime for all employees,Other services (except public administration),$  635.92,  0.3%,  2.4%, 99.3
Sep 2011,Quebec,Average weekly earnings including overtime for all employees,Other services (except public administration),$  635.27, -0.1%,  2.3%, 99.2
Oct 2011,Quebec,Average weekly earnings including overtime for all employees,Other services (except public administration),$  639.44,  0.7%,  0.8%, 99.9
Nov 2011,Quebec,Average weekly earnings including overtime for all employees,Other services (except public administration),$  640.02,  0.1%,  1.5%,100.0
Dec 2011,Quebec,Average weekly earnings including overtime for all employees,Other services (except public administration),$  656.14,  2.5%,  1.9%,102.5
Jan 2012,Quebec,Average weekly earnings including overtime for all employees,Other services (except public administration),$  640.10, -2.4%,  0.0%,100.0
Feb 2012,Quebec,Average weekly earnings including overtime for all employees,Other services (except public administration),$  650.23,  1.6%,  4.3%,101.6
Mar 2012,Quebec,Average weekly earnings including overtime for all employees,Other services (except public administration),$  653.80,  0.5%,  6.2%,102.1
Apr 2012,Quebec,Average weekly earnings including overtime for all employees,Other services (except public administration),$  670.43,  2.5%,  2.5%,104.7
May 2012,Quebec,Average weekly earnings including overtime for all employees,Other services (except public administration),$  662.95, -1.1%,  4.7%,103.6
Jun 2012,Quebec,Average weekly earnings including overtime for all employees,Other services (except public administration),$  654.08, -1.3%,  3.4%,102.2
Jul 2012,Quebec,Average weekly earnings including overtime for all employees,Other services (except public administration),$  647.06, -1.1%,  2.0%,101.1
Aug 2012,Quebec,Average weekly earnings including overtime for all employees,Other services (except public administration),$  656.07,  1.4%,  3.2%,102.5
Sep 2012,Quebec,Average weekly earnings including overtime for all employees,Other services (except public administration),$  656.80,  0.1%,  3.4%,102.6
Oct 2012,Quebec,Average weekly earnings including overtime for all employees,Other services (except public administration),$  652.47, -0.7%,  2.0%,101.9
Nov 2012,Quebec,Average weekly earnings including overtime for all employees,Other services (except public administration),$  675.59,  3.5%,  5.6%,105.5
Dec 2012,Quebec,Average weekly earnings including overtime for all employees,Other services (except public administration),$  655.62, -3.0%, -0.1%,102.4
Jan 2013,Quebec,Average weekly earnings including overtime for all employees,Other services (except public administration),$  661.56,  0.9%,  3.4%,103.3
Feb 2013,Quebec,Average weekly earnings including overtime for all employees,Other services (except public administration),$  668.79,  1.1%,  2.9%,104.5
Mar 2013,Quebec,Average weekly earnings including overtime for all employees,Other services (except public administration),$  654.86, -2.1%,  0.2%,102.3
Apr 2013,Quebec,Average weekly earnings including overtime for all employees,Other services (except public administration),$  641.22, -2.1%, -4.4%,100.2
May 2013,Quebec,Average weekly earnings including overtime for all employees,Other services (except public administration),$  672.52,  4.9%,  1.4%,105.0
Jun 2013,Quebec,Average weekly earnings including overtime for all employees,Other services (except public administration),$  652.61, -3.0%, -0.2%,101.9
Jul 2013,Quebec,Average weekly earnings including overtime for all employees,Other services (except public administration),$  655.71,  0.5%,  1.3%,102.4
Aug 2013,Quebec,Average weekly earnings including overtime for all employees,Other services (except public administration),$  655.22, -0.1%, -0.1%,102.3
Sep 2013,Quebec,Average weekly earnings including overtime for all employees,Other services (except public administration),$  660.73,  0.8%,  0.6%,103.2
Oct 2013,Quebec,Average weekly earnings including overtime for all employees,Other services (except public administration),$  686.85,  4.0%,  5.3%,107.3
Nov 2013,Quebec,Average weekly earnings including overtime for all employees,Other services (except public administration),$  656.46, -4.4%, -2.8%,102.5
Dec 2013,Quebec,Average weekly earnings including overtime for all employees,Other services (except public administration),$  655.24, -0.2%, -0.1%,102.3
Jan 2014,Quebec,Average weekly earnings including overtime for all employees,Other services (except public administration),$  640.39, -2.3%, -3.2%,100.0
Feb 2014,Quebec,Average weekly earnings including overtime for all employees,Other services (except public administration),$  649.19,  1.4%, -2.9%,101.4
Mar 2014,Quebec,Average weekly earnings including overtime for all employees,Other services (except public administration),$  664.30,  2.3%,  1.4%,103.8
Apr 2014,Quebec,Average weekly earnings including overtime for all employees,Other services (except public administration),$  648.70, -2.3%,  1.2%,101.3
May 2014,Quebec,Average weekly earnings including overtime for all employees,Other services (except public administration),$  675.39,  4.1%,  0.4%,105.5
Jun 2014,Quebec,Average weekly earnings including overtime for all employees,Other services (except public administration),$  656.54, -2.8%,  0.6%,102.5
Jul 2014,Quebec,Average weekly earnings including overtime for all employees,Other services (except public administration),$  660.49,  0.6%,  0.7%,103.2
Aug 2014,Quebec,Average weekly earnings including overtime for all employees,Other services (except public administration),$  674.11,  2.1%,  2.9%,105.3
Sep 2014,Quebec,Average weekly earnings including overtime for all employees,Other services (except public administration),$  681.10,  1.0%,  3.1%,106.4
Oct 2014,Quebec,Average weekly earnings including overtime for all employees,Other services (except public administration),$  660.67, -3.0%, -3.8%,103.2
Nov 2014,Quebec,Average weekly earnings including overtime for all employees,Other services (except public administration),$  670.01,  1.4%,  2.1%,104.7
Dec 2014,Quebec,Average weekly earnings including overtime for all employees,Other services (except public administration),$  683.14,  2.0%,  4.3%,106.7
Jan 2015,Quebec,Average weekly earnings including overtime for all employees,Other services (except public administration),$  666.32, -2.5%,  4.0%,104.1
Feb 2015,Quebec,Average weekly earnings including overtime for all employees,Other services (except public administration),$  671.52,  0.8%,  3.4%,104.9
Mar 2015,Quebec,Average weekly earnings including overtime for all employees,Other services (except public administration),$  664.58, -1.0%,  0.0%,103.8
Apr 2015,Quebec,Average weekly earnings including overtime for all employees,Other services (except public administration),$  686.83,  3.3%,  5.9%,107.3
May 2015,Quebec,Average weekly earnings including overtime for all employees,Other services (except public administration),$  656.27, -4.4%, -2.8%,102.5
Jun 2015,Quebec,Average weekly earnings including overtime for all employees,Other services (except public administration),$  691.87,  5.4%,  5.4%,108.1
Jul 2015,Quebec,Average weekly earnings including overtime for all employees,Other services (except public administration),$  684.42, -1.1%,  3.6%,106.9
Aug 2015,Quebec,Average weekly earnings including overtime for all employees,Other services (except public administration),$  672.02, -1.8%, -0.3%,105.0
Sep 2015,Quebec,Average weekly earnings including overtime for all employees,Other services (except public administration),$  681.66,  1.4%,  0.1%,106.5
Oct 2015,Quebec,Average weekly earnings including overtime for all employees,Other services (except public administration),$  722.34,  6.0%,  9.3%,112.8
Nov 2015,Quebec,Average weekly earnings including overtime for all employees,Other services (except public administration),$  680.77, -5.8%,  1.6%,106.3
Dec 2015,Quebec,Average weekly earnings including overtime for all employees,Other services (except public administration),$  663.96, -2.5%, -2.8%,103.7
Jan 2016,Quebec,Average weekly earnings including overtime for all employees,Other services (except public administration),$  709.04,  6.8%,  6.4%,110.7
Feb 2016,Quebec,Average weekly earnings including overtime for all employees,Other services (except public administration),$  685.17, -3.4%,  2.0%,107.0
Mar 2016,Quebec,Average weekly earnings including overtime for all employees,Other services (except public administration),$  669.93, -2.2%,  0.8%,104.6
Apr 2016,Quebec,Average weekly earnings including overtime for all employees,Other services (except public administration),$  683.22,  2.0%, -0.5%,106.7
May 2016,Quebec,Average weekly earnings including overtime for all employees,Other services (except public administration),$  679.24, -0.6%,  3.5%,106.1
Jun 2016,Quebec,Average weekly earnings including overtime for all employees,Other services (except public administration),$  686.39,  1.1%, -0.8%,107.2
Jul 2016,Quebec,Average weekly earnings including overtime for all employees,Other services (except public administration),$  695.04,  1.3%,  1.6%,108.6
Aug 2016,Quebec,Average weekly earnings including overtime for all employees,Other services (except public administration),$  697.65,  0.4%,  3.8%,109.0
Sep 2016,Quebec,Average weekly earnings including overtime for all employees,Other services (except public administration),$  700.09,  0.3%,  2.7%,109.4
Oct 2016,Quebec,Average weekly earnings including overtime for all employees,Other services (except public administration),$  699.92,  0.0%, -3.1%,109.3
Nov 2016,Quebec,Average weekly earnings including overtime for all employees,Other services (except public administration),$  702.26,  0.3%,  3.2%,109.7
Dec 2016,Quebec,Average weekly earnings including overtime for all employees,Other services (except public administration),$  714.07,  1.7%,  7.5%,111.5
Jan 2017,Quebec,Average weekly earnings including overtime for all employees,Other services (except public administration),$  719.89,  0.8%,  1.5%,112.4
Feb 2017,Quebec,Average weekly earnings including overtime for all employees,Other services (except public administration),$  719.10, -0.1%,  5.0%,112.3
Mar 2017,Quebec,Average weekly earnings including overtime for all employees,Other services (except public administration),$  732.09,  1.8%,  9.3%,114.3
Apr 2017,Quebec,Average weekly earnings including overtime for all employees,Other services (except public administration),$  710.63, -2.9%,  4.0%,111.0
May 2017,Quebec,Average weekly earnings including overtime for all employees,Other services (except public administration),$  715.94,  0.7%,  5.4%,111.8
Jun 2017,Quebec,Average weekly earnings including overtime for all employees,Other services (except public administration),$  703.22, -1.8%,  2.5%,109.8
Jul 2017,Quebec,Average weekly earnings including overtime for all employees,Other services (except public administration),$  715.63,  1.8%,  3.0%,111.8
Aug 2017,Quebec,Average weekly earnings including overtime for all employees,Other services (except public administration),$  721.99,  0.9%,  3.5%,112.8
Sep 2017,Quebec,Average weekly earnings including overtime for all employees,Other services (except public administration),$  714.99, -1.0%,  2.1%,111.7
Oct 2017,Quebec,Average weekly earnings including overtime for all employees,Other services (except public administration),$  700.98, -2.0%,  0.2%,109.5
Nov 2017,Quebec,Average weekly earnings including overtime for all employees,Other services (except public administration),$  730.58,  4.2%,  4.0%,114.1
Dec 2017,Quebec,Average weekly earnings including overtime for all employees,Other services (except public administration),$  740.78,  1.4%,  3.7%,115.7
Jan 2018,Quebec,Average weekly earnings including overtime for all employees,Other services (except public administration),$  710.13, -4.1%, -1.4%,110.9
Feb 2018,Quebec,Average weekly earnings including overtime for all employees,Other services (except public administration),$  727.16,  2.4%,  1.1%,113.6
Mar 2018,Quebec,Average weekly earnings including overtime for all employees,Other services (except public administration),$  727.53,  0.1%, -0.6%,113.6
Apr 2018,Quebec,Average weekly earnings including overtime for all employees,Other services (except public administration),$  729.14,  0.2%,  2.6%,113.9
May 2018,Quebec,Average weekly earnings including overtime for all employees,Other services (except public administration),$  732.23,  0.4%,  2.3%,114.4
Jun 2018,Quebec,Average weekly earnings including overtime for all employees,Other services (except public administration),$  719.85, -1.7%,  2.4%,112.4
Jul 2018,Quebec,Average weekly earnings including overtime for all employees,Other services (except public administration),$  729.95,  1.4%,  2.0%,114.0
Aug 2018,Quebec,Average weekly earnings including overtime for all employees,Other services (except public administration),$  730.31,  0.0%,  1.2%,114.1
Sep 2018,Quebec,Average weekly earnings including overtime for all employees,Other services (except public administration),$  744.16,  1.9%,  4.1%,116.2
Oct 2018,Quebec,Average weekly earnings including overtime for all employees,Other services (except public administration),$  742.06, -0.3%,  5.9%,115.9
Nov 2018,Quebec,Average weekly earnings including overtime for all employees,Other services (except public administration),$  755.62,  1.8%,  3.4%,118.0
Dec 2018,Quebec,Average weekly earnings including overtime for all employees,Other services (except public administration),$  759.87,  0.6%,  2.6%,118.7
Jan 2019,Quebec,Average weekly earnings including overtime for all employees,Other services (except public administration),$  772.78,  1.7%,  8.8%,120.7
Feb 2019,Quebec,Average weekly earnings including overtime for all employees,Other services (except public administration),$  742.68, -3.9%,  2.1%,116.0
Mar 2019,Quebec,Average weekly earnings including overtime for all employees,Other services (except public administration),$  747.90,  0.7%,  2.8%,116.8
Apr 2019,Quebec,Average weekly earnings including overtime for all employees,Other services (except public administration),$  753.75,  0.8%,  3.4%,117.7
May 2019,Quebec,Average weekly earnings including overtime for all employees,Other services (except public administration),$  762.24,  1.1%,  4.1%,119.1
Jun 2019,Quebec,Average weekly earnings including overtime for all employees,Other services (except public administration),$  789.34,  3.6%,  9.7%,123.3
Jul 2019,Quebec,Average weekly earnings including overtime for all employees,Other services (except public administration),$  784.27, -0.6%,  7.4%,122.5
Aug 2019,Quebec,Average weekly earnings including overtime for all employees,Other services (except public administration),$  775.05, -1.2%,  6.1%,121.1
Sep 2019,Quebec,Average weekly earnings including overtime for all employees,Other services (except public administration),$  775.28,  0.0%,  4.2%,121.1
Oct 2019,Quebec,Average weekly earnings including overtime for all employees,Other services (except public administration),$  789.18,  1.8%,  6.3%,123.3
Nov 2019,Quebec,Average weekly earnings including overtime for all employees,Other services (except public administration),$  775.29, -1.8%,  2.6%,121.1
Dec 2019,Quebec,Average weekly earnings including overtime for all employees,Other services (except public administration),$  772.07, -0.4%,  1.6%,120.6
Jan 2020,Quebec,Average weekly earnings including overtime for all employees,Other services (except public administration),$  773.44,  0.2%,  0.1%,120.8
Feb 2020,Quebec,Average weekly earnings including overtime for all employees,Other services (except public administration),$  788.68,  2.0%,  6.2%,123.2
Mar 2020,Quebec,Average weekly earnings including overtime for all employees,Other services (except public administration),$  806.72,  2.3%,  7.9%,126.0
Apr 2020,Quebec,Average weekly earnings including overtime for all employees,Other services (except public administration),$  849.82,  5.3%, 12.7%,132.7
May 2020,Quebec,Average weekly earnings including overtime for all employees,Other services (except public administration),$  896.32,  5.5%, 17.6%,140.0
Jun 2020,Quebec,Average weekly earnings including overtime for all employees,Other services (except public administration),$  902.23,  0.7%, 14.3%,140.9
Jul 2020,Quebec,Average weekly earnings including overtime for all employees,Other services (except public administration),$  852.49, -5.5%,  8.7%,133.2
Aug 2020,Quebec,Average weekly earnings including overtime for all employees,Other services (except public administration),$  865.31,  1.5%, 11.6%,135.2
Sep 2020,Quebec,Average weekly earnings including overtime for all employees,Other services (except public administration),$  864.97,  0.0%, 11.6%,135.1
Oct 2020,Quebec,Average weekly earnings including overtime for all employees,Other services (except public administration),$  871.21,  0.7%, 10.4%,136.1
Nov 2020,Quebec,Average weekly earnings including overtime for all employees,Other services (except public administration),$  874.56,  0.4%, 12.8%,136.6
Dec 2020,Quebec,Average weekly earnings including overtime for all employees,Other services (except public administration),$  856.03, -2.1%, 10.9%,133.7
Jan 2021,Quebec,Average weekly earnings including overtime for all employees,Other services (except public administration),$  932.96,  9.0%, 20.6%,145.7
Feb 2021,Quebec,Average weekly earnings including overtime for all employees,Other services (except public administration),$  873.25, -6.4%, 10.7%,136.4
Mar 2021,Quebec,Average weekly earnings including overtime for all employees,Other services (except public administration),$  867.45, -0.7%,  7.5%,135.5
Apr 2021,Quebec,Average weekly earnings including overtime for all employees,Other services (except public administration),$  874.10,  0.8%,  2.9%,136.5
May 2021,Quebec,Average weekly earnings including overtime for all employees,Other services (except public administration),$  863.81, -1.2%, -3.6%,134.9
Jun 2021,Quebec,Average weekly earnings including overtime for all employees,Other services (except public administration),$  878.65,  1.7%, -2.6%,137.2
Jul 2021,Quebec,Average weekly earnings including overtime for all employees,Other services (except public administration),$  874.85, -0.4%,  2.6%,136.6
Aug 2021,Quebec,Average weekly earnings including overtime for all employees,Other services (except public administration),$  888.42,  1.6%,  2.7%,138.8
Sep 2021,Quebec,Average weekly earnings including overtime for all employees,Other services (except public administration),$  920.78,  3.6%,  6.5%,143.8
Oct 2021,Quebec,Average weekly earnings including overtime for all employees,Other services (except public administration),$  871.99, -5.3%,  0.1%,136.2
Nov 2021,Quebec,Average weekly earnings including overtime for all employees,Other services (except public administration),$  879.65,  0.9%,  0.6%,137.4
Dec 2021,Quebec,Average weekly earnings including overtime for all employees,Other services (except public administration),$  935.39,  6.3%,  9.3%,146.1
Jan 2022,Quebec,Average weekly earnings including overtime for all employees,Other services (except public administration),$  894.25, -4.4%, -4.1%,139.7
Feb 2022,Quebec,Average weekly earnings including overtime for all employees,Other services (except public administration),$  907.27,  1.5%,  3.9%,141.7
Mar 2022,Quebec,Average weekly earnings including overtime for all employees,Other services (except public administration),$  916.34,  1.0%,  5.6%,143.1
Apr 2022,Quebec,Average weekly earnings including overtime for all employees,Other services (except public administration),$  930.29,  1.5%,  6.4%,145.3
May 2022,Quebec,Average weekly earnings including overtime for all employees,Other services (except public administration),$  922.74, -0.8%,  6.8%,144.1
Jun 2022,Quebec,Average weekly earnings including overtime for all employees,Other services (except public administration),$  901.63, -2.3%,  2.6%,140.8
Jul 2022,Quebec,Average weekly earnings including overtime for all employees,Other services (except public administration),$  895.62, -0.7%,  2.4%,139.9
Aug 2022,Quebec,Average weekly earnings including overtime for all employees,Other services (except public administration),$  908.35,  1.4%,  2.2%,141.9
Sep 2022,Quebec,Average weekly earnings including overtime for all employees,Other services (except public administration),$  913.07,  0.5%, -0.8%,142.6
Oct 2022,Quebec,Average weekly earnings including overtime for all employees,Other services (except public administration),$  917.07,  0.4%,  5.2%,143.2
Nov 2022,Quebec,Average weekly earnings including overtime for all employees,Other services (except public administration),$  883.64, -3.6%,  0.5%,138.0
Dec 2022,Quebec,Average weekly earnings including overtime for all employees,Other services (except public administration),$  926.60,  4.9%, -0.9%,144.7
Jan 2023,Quebec,Average weekly earnings including overtime for all employees,Other services (except public administration),$  924.43, -0.2%,  3.4%,144.4
Feb 2023,Quebec,Average weekly earnings including overtime for all employees,Other services (except public administration),$  947.05,  2.4%,  4.4%,147.9
Mar 2023,Quebec,Average weekly earnings including overtime for all employees,Other services (except public administration),$  932.95, -1.5%,  1.8%,145.7
Apr 2023,Quebec,Average weekly earnings including overtime for all employees,Other services (except public administration),$  940.10,  0.8%,  1.1%,146.8
May 2023,Quebec,Average weekly earnings including overtime for all employees,Other services (except public administration),$  962.72,  2.4%,  4.3%,150.4
Jun 2023,Quebec,Average weekly earnings including overtime for all employees,Other services (except public administration),$  968.49,  0.6%,  7.4%,151.3
Jul 2023,Quebec,Average weekly earnings including overtime for all employees,Other services (except public administration),$  983.34,  1.5%,  9.8%,153.6
Aug 2023,Quebec,Average weekly earnings including overtime for all employees,Other services (except public administration),$  965.36, -1.8%,  6.3%,150.8
Sep 2023,Quebec,Average weekly earnings including overtime for all employees,Other services (except public administration),$  946.38, -2.0%,  3.6%,147.8
Oct 2023,Quebec,Average weekly earnings including overtime for all employees,Other services (except public administration),$  978.14,  3.4%,  6.7%,152.8
Nov 2023,Quebec,Average weekly earnings including overtime for all employees,Other services (except public administration),$  976.65, -0.2%, 10.5%,152.5
Dec 2023,Quebec,Average weekly earnings including overtime for all employees,Other services (except public administration),$  983.42,  0.7%,  6.1%,153.6
Jan 2024,Quebec,Average weekly earnings including overtime for all employees,Other services (except public administration),$  984.66,  0.1%,  6.5%,153.8
Feb 2024,Quebec,Average weekly earnings including overtime for all employees,Other services (except public administration),$  984.60,  0.0%,  4.0%,153.8
Mar 2024,Quebec,Average weekly earnings including overtime for all employees,Other services (except public administration),"$1,027.59",  4.4%, 10.1%,160.5
Apr 2024,Quebec,Average weekly earnings including overtime for all employees,Other services (except public administration),"$1,015.20", -1.2%,  8.0%,158.6
May 2024,Quebec,Average weekly earnings including overtime for all employees,Other services (except public administration),"$1,026.87",  1.1%,  6.7%,160.4
Jun 2024,Quebec,Average weekly earnings including overtime for all employees,Other services (except public administration),"$1,044.96",  1.8%,  7.9%,163.2
Jul 2024,Quebec,Average weekly earnings including overtime for all employees,Other services (except public administration),"$1,046.66",  0.2%,  6.4%,163.5
Aug 2024,Quebec,Average weekly earnings including overtime for all employees,Other services (except public administration),"$1,051.89",  0.5%,  9.0%,164.3
Sep 2024,Quebec,Average weekly earnings including overtime for all employees,Other services (except public administration),"$1,059.21",  0.7%, 11.9%,165.4
Oct 2024,Quebec,Average weekly earnings including overtime for all employees,Other services (except public administration),"$1,038.49", -2.0%,  6.2%,162.2
Jan 2011,Quebec,Average weekly earnings including overtime for all employees,Public administration,"$1,003.91", -0.9%,  3.9%,100.0
Feb 2011,Quebec,Average weekly earnings including overtime for all employees,Public administration,"$1,009.39",  0.5%,  3.8%,100.5
Mar 2011,Quebec,Average weekly earnings including overtime for all employees,Public administration,"$1,000.51", -0.9%,  3.2%, 99.7
Apr 2011,Quebec,Average weekly earnings including overtime for all employees,Public administration,"$1,005.39",  0.5%,  2.4%,100.1
May 2011,Quebec,Average weekly earnings including overtime for all employees,Public administration,"$1,005.03",  0.0%,  2.7%,100.1
Jun 2011,Quebec,Average weekly earnings including overtime for all employees,Public administration,"$1,003.78", -0.1%,  1.8%,100.0
Jul 2011,Quebec,Average weekly earnings including overtime for all employees,Public administration,"$1,022.49",  1.9%,  4.0%,101.9
Aug 2011,Quebec,Average weekly earnings including overtime for all employees,Public administration,"$1,019.64", -0.3%,  2.4%,101.6
Sep 2011,Quebec,Average weekly earnings including overtime for all employees,Public administration,"$1,015.07", -0.4%,  1.1%,101.1
Oct 2011,Quebec,Average weekly earnings including overtime for all employees,Public administration,"$1,023.02",  0.8%,  3.6%,101.9
Nov 2011,Quebec,Average weekly earnings including overtime for all employees,Public administration,"$1,043.61",  2.0%,  3.9%,104.0
Dec 2011,Quebec,Average weekly earnings including overtime for all employees,Public administration,"$1,022.24", -2.0%,  0.9%,101.8
Jan 2012,Quebec,Average weekly earnings including overtime for all employees,Public administration,"$1,026.47",  0.4%,  2.2%,102.2
Feb 2012,Quebec,Average weekly earnings including overtime for all employees,Public administration,"$1,042.93",  1.6%,  3.3%,103.9
Mar 2012,Quebec,Average weekly earnings including overtime for all employees,Public administration,"$1,046.96",  0.4%,  4.6%,104.3
Apr 2012,Quebec,Average weekly earnings including overtime for all employees,Public administration,"$1,020.46", -2.5%,  1.5%,101.6
May 2012,Quebec,Average weekly earnings including overtime for all employees,Public administration,"$1,053.81",  3.3%,  4.9%,105.0
Jun 2012,Quebec,Average weekly earnings including overtime for all employees,Public administration,"$1,028.60", -2.4%,  2.5%,102.5
Jul 2012,Quebec,Average weekly earnings including overtime for all employees,Public administration,"$1,053.25",  2.4%,  3.0%,104.9
Aug 2012,Quebec,Average weekly earnings including overtime for all employees,Public administration,"$1,071.53",  1.7%,  5.1%,106.7
Sep 2012,Quebec,Average weekly earnings including overtime for all employees,Public administration,"$1,063.12", -0.8%,  4.7%,105.9
Oct 2012,Quebec,Average weekly earnings including overtime for all employees,Public administration,"$1,078.07",  1.4%,  5.4%,107.4
Nov 2012,Quebec,Average weekly earnings including overtime for all employees,Public administration,"$1,081.47",  0.3%,  3.6%,107.7
Dec 2012,Quebec,Average weekly earnings including overtime for all employees,Public administration,"$1,091.06",  0.9%,  6.7%,108.7
Jan 2013,Quebec,Average weekly earnings including overtime for all employees,Public administration,"$1,089.77", -0.1%,  6.2%,108.6
Feb 2013,Quebec,Average weekly earnings including overtime for all employees,Public administration,"$1,064.57", -2.3%,  2.1%,106.0
Mar 2013,Quebec,Average weekly earnings including overtime for all employees,Public administration,"$1,054.47", -0.9%,  0.7%,105.0
Apr 2013,Quebec,Average weekly earnings including overtime for all employees,Public administration,"$1,068.21",  1.3%,  4.7%,106.4
May 2013,Quebec,Average weekly earnings including overtime for all employees,Public administration,"$1,074.63",  0.6%,  2.0%,107.0
Jun 2013,Quebec,Average weekly earnings including overtime for all employees,Public administration,"$1,076.53",  0.2%,  4.7%,107.2
Jul 2013,Quebec,Average weekly earnings including overtime for all employees,Public administration,"$1,060.95", -1.4%,  0.7%,105.7
Aug 2013,Quebec,Average weekly earnings including overtime for all employees,Public administration,"$1,064.72",  0.4%, -0.6%,106.1
Sep 2013,Quebec,Average weekly earnings including overtime for all employees,Public administration,"$1,081.72",  1.6%,  1.7%,107.8
Oct 2013,Quebec,Average weekly earnings including overtime for all employees,Public administration,"$1,071.44", -1.0%, -0.6%,106.7
Nov 2013,Quebec,Average weekly earnings including overtime for all employees,Public administration,"$1,067.46", -0.4%, -1.3%,106.3
Dec 2013,Quebec,Average weekly earnings including overtime for all employees,Public administration,"$1,075.28",  0.7%, -1.4%,107.1
Jan 2014,Quebec,Average weekly earnings including overtime for all employees,Public administration,"$1,083.26",  0.7%, -0.6%,107.9
Feb 2014,Quebec,Average weekly earnings including overtime for all employees,Public administration,"$1,075.62", -0.7%,  1.0%,107.1
Mar 2014,Quebec,Average weekly earnings including overtime for all employees,Public administration,"$1,080.05",  0.4%,  2.4%,107.6
Apr 2014,Quebec,Average weekly earnings including overtime for all employees,Public administration,"$1,099.50",  1.8%,  2.9%,109.5
May 2014,Quebec,Average weekly earnings including overtime for all employees,Public administration,"$1,089.09", -0.9%,  1.3%,108.5
Jun 2014,Quebec,Average weekly earnings including overtime for all employees,Public administration,"$1,094.90",  0.5%,  1.7%,109.1
Jul 2014,Quebec,Average weekly earnings including overtime for all employees,Public administration,"$1,102.92",  0.7%,  4.0%,109.9
Aug 2014,Quebec,Average weekly earnings including overtime for all employees,Public administration,"$1,069.78", -3.0%,  0.5%,106.6
Sep 2014,Quebec,Average weekly earnings including overtime for all employees,Public administration,"$1,072.99",  0.3%, -0.8%,106.9
Oct 2014,Quebec,Average weekly earnings including overtime for all employees,Public administration,"$1,082.94",  0.9%,  1.1%,107.9
Nov 2014,Quebec,Average weekly earnings including overtime for all employees,Public administration,"$1,080.83", -0.2%,  1.3%,107.7
Dec 2014,Quebec,Average weekly earnings including overtime for all employees,Public administration,"$1,089.28",  0.8%,  1.3%,108.5
Jan 2015,Quebec,Average weekly earnings including overtime for all employees,Public administration,"$1,077.70", -1.1%, -0.5%,107.4
Feb 2015,Quebec,Average weekly earnings including overtime for all employees,Public administration,"$1,097.26",  1.8%,  2.0%,109.3
Mar 2015,Quebec,Average weekly earnings including overtime for all employees,Public administration,"$1,112.30",  1.4%,  3.0%,110.8
Apr 2015,Quebec,Average weekly earnings including overtime for all employees,Public administration,"$1,130.88",  1.7%,  2.9%,112.6
May 2015,Quebec,Average weekly earnings including overtime for all employees,Public administration,"$1,086.49", -3.9%, -0.2%,108.2
Jun 2015,Quebec,Average weekly earnings including overtime for all employees,Public administration,"$1,117.81",  2.9%,  2.1%,111.3
Jul 2015,Quebec,Average weekly earnings including overtime for all employees,Public administration,"$1,107.07", -1.0%,  0.4%,110.3
Aug 2015,Quebec,Average weekly earnings including overtime for all employees,Public administration,"$1,105.44", -0.1%,  3.3%,110.1
Sep 2015,Quebec,Average weekly earnings including overtime for all employees,Public administration,"$1,113.44",  0.7%,  3.8%,110.9
Oct 2015,Quebec,Average weekly earnings including overtime for all employees,Public administration,"$1,131.45",  1.6%,  4.5%,112.7
Nov 2015,Quebec,Average weekly earnings including overtime for all employees,Public administration,"$1,113.91", -1.6%,  3.1%,111.0
Dec 2015,Quebec,Average weekly earnings including overtime for all employees,Public administration,"$1,100.59", -1.2%,  1.0%,109.6
Jan 2016,Quebec,Average weekly earnings including overtime for all employees,Public administration,"$1,121.16",  1.9%,  4.0%,111.7
Feb 2016,Quebec,Average weekly earnings including overtime for all employees,Public administration,"$1,129.45",  0.7%,  2.9%,112.5
Mar 2016,Quebec,Average weekly earnings including overtime for all employees,Public administration,"$1,151.80",  2.0%,  3.6%,114.7
Apr 2016,Quebec,Average weekly earnings including overtime for all employees,Public administration,"$1,092.40", -5.2%, -3.4%,108.8
May 2016,Quebec,Average weekly earnings including overtime for all employees,Public administration,"$1,107.94",  1.4%,  2.0%,110.4
Jun 2016,Quebec,Average weekly earnings including overtime for all employees,Public administration,"$1,097.82", -0.9%, -1.8%,109.4
Jul 2016,Quebec,Average weekly earnings including overtime for all employees,Public administration,"$1,103.77",  0.5%, -0.3%,109.9
Aug 2016,Quebec,Average weekly earnings including overtime for all employees,Public administration,"$1,140.94",  3.4%,  3.2%,113.6
Sep 2016,Quebec,Average weekly earnings including overtime for all employees,Public administration,"$1,138.46", -0.2%,  2.2%,113.4
Oct 2016,Quebec,Average weekly earnings including overtime for all employees,Public administration,"$1,123.96", -1.3%, -0.7%,112.0
Nov 2016,Quebec,Average weekly earnings including overtime for all employees,Public administration,"$1,126.86",  0.3%,  1.2%,112.2
Dec 2016,Quebec,Average weekly earnings including overtime for all employees,Public administration,"$1,134.44",  0.7%,  3.1%,113.0
Jan 2017,Quebec,Average weekly earnings including overtime for all employees,Public administration,"$1,125.12", -0.8%,  0.4%,112.1
Feb 2017,Quebec,Average weekly earnings including overtime for all employees,Public administration,"$1,129.12",  0.4%,  0.0%,112.5
Mar 2017,Quebec,Average weekly earnings including overtime for all employees,Public administration,"$1,113.94", -1.3%, -3.3%,111.0
Apr 2017,Quebec,Average weekly earnings including overtime for all employees,Public administration,"$1,120.73",  0.6%,  2.6%,111.6
May 2017,Quebec,Average weekly earnings including overtime for all employees,Public administration,"$1,112.93", -0.7%,  0.5%,110.9
Jun 2017,Quebec,Average weekly earnings including overtime for all employees,Public administration,"$1,131.93",  1.7%,  3.1%,112.8
Jul 2017,Quebec,Average weekly earnings including overtime for all employees,Public administration,"$1,132.10",  0.0%,  2.6%,112.8
Aug 2017,Quebec,Average weekly earnings including overtime for all employees,Public administration,"$1,145.47",  1.2%,  0.4%,114.1
Sep 2017,Quebec,Average weekly earnings including overtime for all employees,Public administration,"$1,142.92", -0.2%,  0.4%,113.8
Oct 2017,Quebec,Average weekly earnings including overtime for all employees,Public administration,"$1,140.87", -0.2%,  1.5%,113.6
Nov 2017,Quebec,Average weekly earnings including overtime for all employees,Public administration,"$1,175.09",  3.0%,  4.3%,117.1
Dec 2017,Quebec,Average weekly earnings including overtime for all employees,Public administration,"$1,161.59", -1.1%,  2.4%,115.7
Jan 2018,Quebec,Average weekly earnings including overtime for all employees,Public administration,"$1,185.84",  2.1%,  5.4%,118.1
Feb 2018,Quebec,Average weekly earnings including overtime for all employees,Public administration,"$1,182.66", -0.3%,  4.7%,117.8
Mar 2018,Quebec,Average weekly earnings including overtime for all employees,Public administration,"$1,188.39",  0.5%,  6.7%,118.4
Apr 2018,Quebec,Average weekly earnings including overtime for all employees,Public administration,"$1,199.89",  1.0%,  7.1%,119.5
May 2018,Quebec,Average weekly earnings including overtime for all employees,Public administration,"$1,223.19",  1.9%,  9.9%,121.8
Jun 2018,Quebec,Average weekly earnings including overtime for all employees,Public administration,"$1,199.76", -1.9%,  6.0%,119.5
Jul 2018,Quebec,Average weekly earnings including overtime for all employees,Public administration,"$1,197.40", -0.2%,  5.8%,119.3
Aug 2018,Quebec,Average weekly earnings including overtime for all employees,Public administration,"$1,199.19",  0.1%,  4.7%,119.5
Sep 2018,Quebec,Average weekly earnings including overtime for all employees,Public administration,"$1,195.05", -0.3%,  4.6%,119.0
Oct 2018,Quebec,Average weekly earnings including overtime for all employees,Public administration,"$1,207.52",  1.0%,  5.8%,120.3
Nov 2018,Quebec,Average weekly earnings including overtime for all employees,Public administration,"$1,179.17", -2.3%,  0.3%,117.5
Dec 2018,Quebec,Average weekly earnings including overtime for all employees,Public administration,"$1,219.44",  3.4%,  5.0%,121.5
Jan 2019,Quebec,Average weekly earnings including overtime for all employees,Public administration,"$1,210.02", -0.8%,  2.0%,120.5
Feb 2019,Quebec,Average weekly earnings including overtime for all employees,Public administration,"$1,214.23",  0.3%,  2.7%,121.0
Mar 2019,Quebec,Average weekly earnings including overtime for all employees,Public administration,"$1,215.94",  0.1%,  2.3%,121.1
Apr 2019,Quebec,Average weekly earnings including overtime for all employees,Public administration,"$1,206.00", -0.8%,  0.5%,120.1
May 2019,Quebec,Average weekly earnings including overtime for all employees,Public administration,"$1,249.61",  3.6%,  2.2%,124.5
Jun 2019,Quebec,Average weekly earnings including overtime for all employees,Public administration,"$1,234.87", -1.2%,  2.9%,123.0
Jul 2019,Quebec,Average weekly earnings including overtime for all employees,Public administration,"$1,257.79",  1.9%,  5.0%,125.3
Aug 2019,Quebec,Average weekly earnings including overtime for all employees,Public administration,"$1,215.54", -3.4%,  1.4%,121.1
Sep 2019,Quebec,Average weekly earnings including overtime for all employees,Public administration,"$1,223.84",  0.7%,  2.4%,121.9
Oct 2019,Quebec,Average weekly earnings including overtime for all employees,Public administration,"$1,252.51",  2.3%,  3.7%,124.8
Nov 2019,Quebec,Average weekly earnings including overtime for all employees,Public administration,"$1,238.52", -1.1%,  5.0%,123.4
Dec 2019,Quebec,Average weekly earnings including overtime for all employees,Public administration,"$1,244.82",  0.5%,  2.1%,124.0
Jan 2020,Quebec,Average weekly earnings including overtime for all employees,Public administration,"$1,236.38", -0.7%,  2.2%,123.2
Feb 2020,Quebec,Average weekly earnings including overtime for all employees,Public administration,"$1,237.32",  0.1%,  1.9%,123.3
Mar 2020,Quebec,Average weekly earnings including overtime for all employees,Public administration,"$1,250.10",  1.0%,  2.8%,124.5
Apr 2020,Quebec,Average weekly earnings including overtime for all employees,Public administration,"$1,291.24",  3.3%,  7.1%,128.6
May 2020,Quebec,Average weekly earnings including overtime for all employees,Public administration,"$1,292.02",  0.1%,  3.4%,128.7
Jun 2020,Quebec,Average weekly earnings including overtime for all employees,Public administration,"$1,308.68",  1.3%,  6.0%,130.4
Jul 2020,Quebec,Average weekly earnings including overtime for all employees,Public administration,"$1,297.59", -0.8%,  3.2%,129.3
Aug 2020,Quebec,Average weekly earnings including overtime for all employees,Public administration,"$1,313.57",  1.2%,  8.1%,130.8
Sep 2020,Quebec,Average weekly earnings including overtime for all employees,Public administration,"$1,317.72",  0.3%,  7.7%,131.3
Oct 2020,Quebec,Average weekly earnings including overtime for all employees,Public administration,"$1,293.53", -1.8%,  3.3%,128.8
Nov 2020,Quebec,Average weekly earnings including overtime for all employees,Public administration,"$1,308.86",  1.2%,  5.7%,130.4
Dec 2020,Quebec,Average weekly earnings including overtime for all employees,Public administration,"$1,325.92",  1.3%,  6.5%,132.1
Jan 2021,Quebec,Average weekly earnings including overtime for all employees,Public administration,"$1,339.01",  1.0%,  8.3%,133.4
Feb 2021,Quebec,Average weekly earnings including overtime for all employees,Public administration,"$1,345.67",  0.5%,  8.8%,134.0
Mar 2021,Quebec,Average weekly earnings including overtime for all employees,Public administration,"$1,357.02",  0.8%,  8.6%,135.2
Apr 2021,Quebec,Average weekly earnings including overtime for all employees,Public administration,"$1,356.83",  0.0%,  5.1%,135.2
May 2021,Quebec,Average weekly earnings including overtime for all employees,Public administration,"$1,306.81", -3.7%,  1.1%,130.2
Jun 2021,Quebec,Average weekly earnings including overtime for all employees,Public administration,"$1,320.00",  1.0%,  0.9%,131.5
Jul 2021,Quebec,Average weekly earnings including overtime for all employees,Public administration,"$1,332.30",  0.9%,  2.7%,132.7
Aug 2021,Quebec,Average weekly earnings including overtime for all employees,Public administration,"$1,349.11",  1.3%,  2.7%,134.4
Sep 2021,Quebec,Average weekly earnings including overtime for all employees,Public administration,"$1,365.40",  1.2%,  3.6%,136.0
Oct 2021,Quebec,Average weekly earnings including overtime for all employees,Public administration,"$1,353.33", -0.9%,  4.6%,134.8
Nov 2021,Quebec,Average weekly earnings including overtime for all employees,Public administration,"$1,375.30",  1.6%,  5.1%,137.0
Dec 2021,Quebec,Average weekly earnings including overtime for all employees,Public administration,"$1,349.92", -1.8%,  1.8%,134.5
Jan 2022,Quebec,Average weekly earnings including overtime for all employees,Public administration,"$1,357.51",  0.6%,  1.4%,135.2
Feb 2022,Quebec,Average weekly earnings including overtime for all employees,Public administration,"$1,362.29",  0.4%,  1.2%,135.7
Mar 2022,Quebec,Average weekly earnings including overtime for all employees,Public administration,"$1,375.00",  0.9%,  1.3%,137.0
Apr 2022,Quebec,Average weekly earnings including overtime for all employees,Public administration,"$1,357.48", -1.3%,  0.0%,135.2
May 2022,Quebec,Average weekly earnings including overtime for all employees,Public administration,"$1,366.19",  0.6%,  4.5%,136.1
Jun 2022,Quebec,Average weekly earnings including overtime for all employees,Public administration,"$1,369.39",  0.2%,  3.7%,136.4
Jul 2022,Quebec,Average weekly earnings including overtime for all employees,Public administration,"$1,377.23",  0.6%,  3.4%,137.2
Aug 2022,Quebec,Average weekly earnings including overtime for all employees,Public administration,"$1,382.17",  0.4%,  2.5%,137.7
Sep 2022,Quebec,Average weekly earnings including overtime for all employees,Public administration,"$1,394.08",  0.9%,  2.1%,138.9
Oct 2022,Quebec,Average weekly earnings including overtime for all employees,Public administration,"$1,411.33",  1.2%,  4.3%,140.6
Nov 2022,Quebec,Average weekly earnings including overtime for all employees,Public administration,"$1,434.25",  1.6%,  4.3%,142.9
Dec 2022,Quebec,Average weekly earnings including overtime for all employees,Public administration,"$1,478.17",  3.1%,  9.5%,147.2
Jan 2023,Quebec,Average weekly earnings including overtime for all employees,Public administration,"$1,407.16", -4.8%,  3.7%,140.2
Feb 2023,Quebec,Average weekly earnings including overtime for all employees,Public administration,"$1,422.27",  1.1%,  4.4%,141.7
Mar 2023,Quebec,Average weekly earnings including overtime for all employees,Public administration,"$1,408.89", -0.9%,  2.5%,140.3
Apr 2023,Quebec,Average weekly earnings including overtime for all employees,Public administration,"$1,405.23", -0.3%,  3.5%,140.0
May 2023,Quebec,Average weekly earnings including overtime for all employees,Public administration,"$1,447.11",  3.0%,  5.9%,144.1
Jun 2023,Quebec,Average weekly earnings including overtime for all employees,Public administration,"$1,455.33",  0.6%,  6.3%,145.0
Jul 2023,Quebec,Average weekly earnings including overtime for all employees,Public administration,"$1,451.47", -0.3%,  5.4%,144.6
Aug 2023,Quebec,Average weekly earnings including overtime for all employees,Public administration,"$1,455.91",  0.3%,  5.3%,145.0
Sep 2023,Quebec,Average weekly earnings including overtime for all employees,Public administration,"$1,429.61", -1.8%,  2.5%,142.4
Oct 2023,Quebec,Average weekly earnings including overtime for all employees,Public administration,"$1,446.18",  1.2%,  2.5%,144.1
Nov 2023,Quebec,Average weekly earnings including overtime for all employees,Public administration,"$1,516.00",  4.8%,  5.7%,151.0
Dec 2023,Quebec,Average weekly earnings including overtime for all employees,Public administration,"$1,430.87", -5.6%, -3.2%,142.5
Jan 2024,Quebec,Average weekly earnings including overtime for all employees,Public administration,"$1,470.46",  2.8%,  4.5%,146.5
Feb 2024,Quebec,Average weekly earnings including overtime for all employees,Public administration,"$1,457.35", -0.9%,  2.5%,145.2
Mar 2024,Quebec,Average weekly earnings including overtime for all employees,Public administration,"$1,473.24",  1.1%,  4.6%,146.8
Apr 2024,Quebec,Average weekly earnings including overtime for all employees,Public administration,"$1,477.67",  0.3%,  5.2%,147.2
May 2024,Quebec,Average weekly earnings including overtime for all employees,Public administration,"$1,484.31",  0.4%,  2.6%,147.9
Jun 2024,Quebec,Average weekly earnings including overtime for all employees,Public administration,"$1,526.63",  2.9%,  4.9%,152.1
Jul 2024,Quebec,Average weekly earnings including overtime for all employees,Public administration,"$1,546.40",  1.3%,  6.5%,154.0
Aug 2024,Quebec,Average weekly earnings including overtime for all employees,Public administration,"$1,521.20", -1.6%,  4.5%,151.5
Sep 2024,Quebec,Average weekly earnings including overtime for all employees,Public administration,"$1,544.48",  1.5%,  8.0%,153.8
Oct 2024,Quebec,Average weekly earnings including overtime for all employees,Public administration,"$1,576.64",  2.1%,  9.0%,157.0
,,,,,,,
"Source: Statistics Canada. Table 14 10 0223 Employment and average weekly earnings (including overtime) for all employees by province and territory, monthly, seasonally adjusted",,,,,,,
