Month,Geography,Estimate,North American Industry Classification System (NAICS),Value,Monthly Change,Yearly change,Indexed value
Jan 2011,Quebec,Average weekly earnings including overtime for all employees,Transportation and warehousing,$  841.08,  0.5%,  4.6%,100.0
Feb 2011,Quebec,Average weekly earnings including overtime for all employees,Transportation and warehousing,$  839.85, -0.1%,  4.4%, 99.9
Mar 2011,Quebec,Average weekly earnings including overtime for all employees,Transportation and warehousing,$  838.41, -0.2%,  6.4%, 99.7
Apr 2011,Quebec,Average weekly earnings including overtime for all employees,Transportation and warehousing,$  836.41, -0.2%,  2.7%, 99.4
May 2011,Quebec,Average weekly earnings including overtime for all employees,Transportation and warehousing,$  842.78,  0.8%,  3.1%,100.2
Jun 2011,Quebec,Average weekly earnings including overtime for all employees,Transportation and warehousing,$  828.29, -1.7%,  1.7%, 98.5
Jul 2011,Quebec,Average weekly earnings including overtime for all employees,Transportation and warehousing,$  862.48,  4.1%,  6.2%,102.5
Aug 2011,Quebec,Average weekly earnings including overtime for all employees,Transportation and warehousing,$  852.74, -1.1%,  3.8%,101.4
Sep 2011,Quebec,Average weekly earnings including overtime for all employees,Transportation and warehousing,$  837.67, -1.8%, -1.7%, 99.6
Oct 2011,Quebec,Average weekly earnings including overtime for all employees,Transportation and warehousing,$  857.49,  2.4%,  0.8%,102.0
Nov 2011,Quebec,Average weekly earnings including overtime for all employees,Transportation and warehousing,$  862.92,  0.6%,  2.9%,102.6
Dec 2011,Quebec,Average weekly earnings including overtime for all employees,Transportation and warehousing,$  858.66, -0.5%,  2.6%,102.1
Jan 2012,Quebec,Average weekly earnings including overtime for all employees,Transportation and warehousing,$  843.95, -1.7%,  0.3%,100.3
Feb 2012,Quebec,Average weekly earnings including overtime for all employees,Transportation and warehousing,$  830.91, -1.5%, -1.1%, 98.8
Mar 2012,Quebec,Average weekly earnings including overtime for all employees,Transportation and warehousing,$  873.45,  5.1%,  4.2%,103.8
Apr 2012,Quebec,Average weekly earnings including overtime for all employees,Transportation and warehousing,$  848.12, -2.9%,  1.4%,100.8
May 2012,Quebec,Average weekly earnings including overtime for all employees,Transportation and warehousing,$  840.45, -0.9%, -0.3%, 99.9
Jun 2012,Quebec,Average weekly earnings including overtime for all employees,Transportation and warehousing,$  871.90,  3.7%,  5.3%,103.7
Jul 2012,Quebec,Average weekly earnings including overtime for all employees,Transportation and warehousing,$  871.80,  0.0%,  1.1%,103.7
Aug 2012,Quebec,Average weekly earnings including overtime for all employees,Transportation and warehousing,$  880.85,  1.0%,  3.3%,104.7
Sep 2012,Quebec,Average weekly earnings including overtime for all employees,Transportation and warehousing,$  861.39, -2.2%,  2.8%,102.4
Oct 2012,Quebec,Average weekly earnings including overtime for all employees,Transportation and warehousing,$  862.11,  0.1%,  0.5%,102.5
Nov 2012,Quebec,Average weekly earnings including overtime for all employees,Transportation and warehousing,$  861.60, -0.1%, -0.2%,102.4
Dec 2012,Quebec,Average weekly earnings including overtime for all employees,Transportation and warehousing,$  848.87, -1.5%, -1.1%,100.9
Jan 2013,Quebec,Average weekly earnings including overtime for all employees,Transportation and warehousing,$  895.17,  5.5%,  6.1%,106.4
Feb 2013,Quebec,Average weekly earnings including overtime for all employees,Transportation and warehousing,$  909.59,  1.6%,  9.5%,108.1
Mar 2013,Quebec,Average weekly earnings including overtime for all employees,Transportation and warehousing,$  866.28, -4.8%, -0.8%,103.0
Apr 2013,Quebec,Average weekly earnings including overtime for all employees,Transportation and warehousing,$  874.30,  0.9%,  3.1%,103.9
May 2013,Quebec,Average weekly earnings including overtime for all employees,Transportation and warehousing,$  895.24,  2.4%,  6.5%,106.4
Jun 2013,Quebec,Average weekly earnings including overtime for all employees,Transportation and warehousing,$  894.08, -0.1%,  2.5%,106.3
Jul 2013,Quebec,Average weekly earnings including overtime for all employees,Transportation and warehousing,$  858.65, -4.0%, -1.5%,102.1
Aug 2013,Quebec,Average weekly earnings including overtime for all employees,Transportation and warehousing,$  898.87,  4.7%,  2.0%,106.9
Sep 2013,Quebec,Average weekly earnings including overtime for all employees,Transportation and warehousing,$  881.04, -2.0%,  2.3%,104.8
Oct 2013,Quebec,Average weekly earnings including overtime for all employees,Transportation and warehousing,$  878.42, -0.3%,  1.9%,104.4
Nov 2013,Quebec,Average weekly earnings including overtime for all employees,Transportation and warehousing,$  876.83, -0.2%,  1.8%,104.3
Dec 2013,Quebec,Average weekly earnings including overtime for all employees,Transportation and warehousing,$  896.03,  2.2%,  5.6%,106.5
Jan 2014,Quebec,Average weekly earnings including overtime for all employees,Transportation and warehousing,$  870.69, -2.8%, -2.7%,103.5
Feb 2014,Quebec,Average weekly earnings including overtime for all employees,Transportation and warehousing,$  876.07,  0.6%, -3.7%,104.2
Mar 2014,Quebec,Average weekly earnings including overtime for all employees,Transportation and warehousing,$  888.45,  1.4%,  2.6%,105.6
Apr 2014,Quebec,Average weekly earnings including overtime for all employees,Transportation and warehousing,$  897.21,  1.0%,  2.6%,106.7
May 2014,Quebec,Average weekly earnings including overtime for all employees,Transportation and warehousing,$  891.87, -0.6%, -0.4%,106.0
Jun 2014,Quebec,Average weekly earnings including overtime for all employees,Transportation and warehousing,$  895.89,  0.5%,  0.2%,106.5
Jul 2014,Quebec,Average weekly earnings including overtime for all employees,Transportation and warehousing,$  926.62,  3.4%,  7.9%,110.2
Aug 2014,Quebec,Average weekly earnings including overtime for all employees,Transportation and warehousing,$  898.25, -3.1%, -0.1%,106.8
Sep 2014,Quebec,Average weekly earnings including overtime for all employees,Transportation and warehousing,$  913.18,  1.7%,  3.6%,108.6
Oct 2014,Quebec,Average weekly earnings including overtime for all employees,Transportation and warehousing,$  898.18, -1.6%,  2.2%,106.8
Nov 2014,Quebec,Average weekly earnings including overtime for all employees,Transportation and warehousing,$  924.67,  2.9%,  5.5%,109.9
Dec 2014,Quebec,Average weekly earnings including overtime for all employees,Transportation and warehousing,$  958.63,  3.7%,  7.0%,114.0
Jan 2015,Quebec,Average weekly earnings including overtime for all employees,Transportation and warehousing,$  934.83, -2.5%,  7.4%,111.1
Feb 2015,Quebec,Average weekly earnings including overtime for all employees,Transportation and warehousing,$  937.61,  0.3%,  7.0%,111.5
Mar 2015,Quebec,Average weekly earnings including overtime for all employees,Transportation and warehousing,$  943.88,  0.7%,  6.2%,112.2
Apr 2015,Quebec,Average weekly earnings including overtime for all employees,Transportation and warehousing,$  955.08,  1.2%,  6.4%,113.6
May 2015,Quebec,Average weekly earnings including overtime for all employees,Transportation and warehousing,$  923.14, -3.3%,  3.5%,109.8
Jun 2015,Quebec,Average weekly earnings including overtime for all employees,Transportation and warehousing,$  928.49,  0.6%,  3.6%,110.4
Jul 2015,Quebec,Average weekly earnings including overtime for all employees,Transportation and warehousing,$  957.60,  3.1%,  3.3%,113.9
Aug 2015,Quebec,Average weekly earnings including overtime for all employees,Transportation and warehousing,$  924.42, -3.5%,  2.9%,109.9
Sep 2015,Quebec,Average weekly earnings including overtime for all employees,Transportation and warehousing,$  923.53, -0.1%,  1.1%,109.8
Oct 2015,Quebec,Average weekly earnings including overtime for all employees,Transportation and warehousing,$  957.27,  3.7%,  6.6%,113.8
Nov 2015,Quebec,Average weekly earnings including overtime for all employees,Transportation and warehousing,$  931.66, -2.7%,  0.8%,110.8
Dec 2015,Quebec,Average weekly earnings including overtime for all employees,Transportation and warehousing,$  933.63,  0.2%, -2.6%,111.0
Jan 2016,Quebec,Average weekly earnings including overtime for all employees,Transportation and warehousing,$  939.74,  0.7%,  0.5%,111.7
Feb 2016,Quebec,Average weekly earnings including overtime for all employees,Transportation and warehousing,$  925.11, -1.6%, -1.3%,110.0
Mar 2016,Quebec,Average weekly earnings including overtime for all employees,Transportation and warehousing,$  929.02,  0.4%, -1.6%,110.5
Apr 2016,Quebec,Average weekly earnings including overtime for all employees,Transportation and warehousing,$  927.19, -0.2%, -2.9%,110.2
May 2016,Quebec,Average weekly earnings including overtime for all employees,Transportation and warehousing,$  939.49,  1.3%,  1.8%,111.7
Jun 2016,Quebec,Average weekly earnings including overtime for all employees,Transportation and warehousing,$  939.12,  0.0%,  1.1%,111.7
Jul 2016,Quebec,Average weekly earnings including overtime for all employees,Transportation and warehousing,$  918.59, -2.2%, -4.1%,109.2
Aug 2016,Quebec,Average weekly earnings including overtime for all employees,Transportation and warehousing,$  931.74,  1.4%,  0.8%,110.8
Sep 2016,Quebec,Average weekly earnings including overtime for all employees,Transportation and warehousing,$  951.20,  2.1%,  3.0%,113.1
Oct 2016,Quebec,Average weekly earnings including overtime for all employees,Transportation and warehousing,$  940.29, -1.1%, -1.8%,111.8
Nov 2016,Quebec,Average weekly earnings including overtime for all employees,Transportation and warehousing,$  938.08, -0.2%,  0.7%,111.5
Dec 2016,Quebec,Average weekly earnings including overtime for all employees,Transportation and warehousing,$  944.98,  0.7%,  1.2%,112.4
Jan 2017,Quebec,Average weekly earnings including overtime for all employees,Transportation and warehousing,$  954.18,  1.0%,  1.5%,113.4
Feb 2017,Quebec,Average weekly earnings including overtime for all employees,Transportation and warehousing,$  951.71, -0.3%,  2.9%,113.2
Mar 2017,Quebec,Average weekly earnings including overtime for all employees,Transportation and warehousing,$  959.70,  0.8%,  3.3%,114.1
Apr 2017,Quebec,Average weekly earnings including overtime for all employees,Transportation and warehousing,$  950.88, -0.9%,  2.6%,113.1
May 2017,Quebec,Average weekly earnings including overtime for all employees,Transportation and warehousing,$  965.01,  1.5%,  2.7%,114.7
Jun 2017,Quebec,Average weekly earnings including overtime for all employees,Transportation and warehousing,$  968.45,  0.4%,  3.1%,115.1
Jul 2017,Quebec,Average weekly earnings including overtime for all employees,Transportation and warehousing,$  968.14,  0.0%,  5.4%,115.1
Aug 2017,Quebec,Average weekly earnings including overtime for all employees,Transportation and warehousing,$  979.69,  1.2%,  5.1%,116.5
Sep 2017,Quebec,Average weekly earnings including overtime for all employees,Transportation and warehousing,$  974.51, -0.5%,  2.5%,115.9
Oct 2017,Quebec,Average weekly earnings including overtime for all employees,Transportation and warehousing,$  967.98, -0.7%,  2.9%,115.1
Nov 2017,Quebec,Average weekly earnings including overtime for all employees,Transportation and warehousing,$  986.32,  1.9%,  5.1%,117.3
Dec 2017,Quebec,Average weekly earnings including overtime for all employees,Transportation and warehousing,$  955.08, -3.2%,  1.1%,113.6
Jan 2018,Quebec,Average weekly earnings including overtime for all employees,Transportation and warehousing,$  949.41, -0.6%, -0.5%,112.9
Feb 2018,Quebec,Average weekly earnings including overtime for all employees,Transportation and warehousing,$  965.55,  1.7%,  1.5%,114.8
Mar 2018,Quebec,Average weekly earnings including overtime for all employees,Transportation and warehousing,$  974.47,  0.9%,  1.5%,115.9
Apr 2018,Quebec,Average weekly earnings including overtime for all employees,Transportation and warehousing,$  978.46,  0.4%,  2.9%,116.3
May 2018,Quebec,Average weekly earnings including overtime for all employees,Transportation and warehousing,$  994.74,  1.7%,  3.1%,118.3
Jun 2018,Quebec,Average weekly earnings including overtime for all employees,Transportation and warehousing,$  955.39, -4.0%, -1.3%,113.6
Jul 2018,Quebec,Average weekly earnings including overtime for all employees,Transportation and warehousing,$  944.95, -1.1%, -2.4%,112.3
Aug 2018,Quebec,Average weekly earnings including overtime for all employees,Transportation and warehousing,$  976.52,  3.3%, -0.3%,116.1
Sep 2018,Quebec,Average weekly earnings including overtime for all employees,Transportation and warehousing,$  963.15, -1.4%, -1.2%,114.5
Oct 2018,Quebec,Average weekly earnings including overtime for all employees,Transportation and warehousing,$  971.56,  0.9%,  0.4%,115.5
Nov 2018,Quebec,Average weekly earnings including overtime for all employees,Transportation and warehousing,$  967.85, -0.4%, -1.9%,115.1
Dec 2018,Quebec,Average weekly earnings including overtime for all employees,Transportation and warehousing,$  990.72,  2.4%,  3.7%,117.8
Jan 2019,Quebec,Average weekly earnings including overtime for all employees,Transportation and warehousing,$  991.14,  0.0%,  4.4%,117.8
Feb 2019,Quebec,Average weekly earnings including overtime for all employees,Transportation and warehousing,"$1,000.30",  0.9%,  3.6%,118.9
Mar 2019,Quebec,Average weekly earnings including overtime for all employees,Transportation and warehousing,$  977.38, -2.3%,  0.3%,116.2
Apr 2019,Quebec,Average weekly earnings including overtime for all employees,Transportation and warehousing,"$1,006.16",  2.9%,  2.8%,119.6
May 2019,Quebec,Average weekly earnings including overtime for all employees,Transportation and warehousing,$  998.28, -0.8%,  0.4%,118.7
Jun 2019,Quebec,Average weekly earnings including overtime for all employees,Transportation and warehousing,"$1,021.56",  2.3%,  6.9%,121.5
Jul 2019,Quebec,Average weekly earnings including overtime for all employees,Transportation and warehousing,"$1,005.63", -1.6%,  6.4%,119.6
Aug 2019,Quebec,Average weekly earnings including overtime for all employees,Transportation and warehousing,"$1,005.25",  0.0%,  2.9%,119.5
Sep 2019,Quebec,Average weekly earnings including overtime for all employees,Transportation and warehousing,"$1,027.70",  2.2%,  6.7%,122.2
Oct 2019,Quebec,Average weekly earnings including overtime for all employees,Transportation and warehousing,"$1,038.01",  1.0%,  6.8%,123.4
Nov 2019,Quebec,Average weekly earnings including overtime for all employees,Transportation and warehousing,"$1,064.92",  2.6%, 10.0%,126.6
Dec 2019,Quebec,Average weekly earnings including overtime for all employees,Transportation and warehousing,"$1,054.20", -1.0%,  6.4%,125.3
Jan 2020,Quebec,Average weekly earnings including overtime for all employees,Transportation and warehousing,"$1,063.63",  0.9%,  7.3%,126.5
Feb 2020,Quebec,Average weekly earnings including overtime for all employees,Transportation and warehousing,"$1,046.24", -1.6%,  4.6%,124.4
Mar 2020,Quebec,Average weekly earnings including overtime for all employees,Transportation and warehousing,"$1,060.79",  1.4%,  8.5%,126.1
Apr 2020,Quebec,Average weekly earnings including overtime for all employees,Transportation and warehousing,"$1,118.65",  5.5%, 11.2%,133.0
May 2020,Quebec,Average weekly earnings including overtime for all employees,Transportation and warehousing,"$1,132.43",  1.2%, 13.4%,134.6
Jun 2020,Quebec,Average weekly earnings including overtime for all employees,Transportation and warehousing,"$1,145.78",  1.2%, 12.2%,136.2
Jul 2020,Quebec,Average weekly earnings including overtime for all employees,Transportation and warehousing,"$1,153.09",  0.6%, 14.7%,137.1
Aug 2020,Quebec,Average weekly earnings including overtime for all employees,Transportation and warehousing,"$1,116.69", -3.2%, 11.1%,132.8
Sep 2020,Quebec,Average weekly earnings including overtime for all employees,Transportation and warehousing,"$1,127.81",  1.0%,  9.7%,134.1
Oct 2020,Quebec,Average weekly earnings including overtime for all employees,Transportation and warehousing,"$1,113.11", -1.3%,  7.2%,132.3
Nov 2020,Quebec,Average weekly earnings including overtime for all employees,Transportation and warehousing,"$1,098.15", -1.3%,  3.1%,130.6
Dec 2020,Quebec,Average weekly earnings including overtime for all employees,Transportation and warehousing,"$1,103.67",  0.5%,  4.7%,131.2
Jan 2021,Quebec,Average weekly earnings including overtime for all employees,Transportation and warehousing,"$1,113.25",  0.9%,  4.7%,132.4
Feb 2021,Quebec,Average weekly earnings including overtime for all employees,Transportation and warehousing,"$1,115.83",  0.2%,  6.7%,132.7
Mar 2021,Quebec,Average weekly earnings including overtime for all employees,Transportation and warehousing,"$1,129.35",  1.2%,  6.5%,134.3
Apr 2021,Quebec,Average weekly earnings including overtime for all employees,Transportation and warehousing,"$1,085.29", -3.9%, -3.0%,129.0
May 2021,Quebec,Average weekly earnings including overtime for all employees,Transportation and warehousing,"$1,080.48", -0.4%, -4.6%,128.5
Jun 2021,Quebec,Average weekly earnings including overtime for all employees,Transportation and warehousing,"$1,075.82", -0.4%, -6.1%,127.9
Jul 2021,Quebec,Average weekly earnings including overtime for all employees,Transportation and warehousing,"$1,088.66",  1.2%, -5.6%,129.4
Aug 2021,Quebec,Average weekly earnings including overtime for all employees,Transportation and warehousing,"$1,122.00",  3.1%,  0.5%,133.4
Sep 2021,Quebec,Average weekly earnings including overtime for all employees,Transportation and warehousing,"$1,123.61",  0.1%, -0.4%,133.6
Oct 2021,Quebec,Average weekly earnings including overtime for all employees,Transportation and warehousing,"$1,108.65", -1.3%, -0.4%,131.8
Nov 2021,Quebec,Average weekly earnings including overtime for all employees,Transportation and warehousing,"$1,105.52", -0.3%,  0.7%,131.4
Dec 2021,Quebec,Average weekly earnings including overtime for all employees,Transportation and warehousing,"$1,084.94", -1.9%, -1.7%,129.0
Jan 2022,Quebec,Average weekly earnings including overtime for all employees,Transportation and warehousing,"$1,114.48",  2.7%,  0.1%,132.5
Feb 2022,Quebec,Average weekly earnings including overtime for all employees,Transportation and warehousing,"$1,128.67",  1.3%,  1.2%,134.2
Mar 2022,Quebec,Average weekly earnings including overtime for all employees,Transportation and warehousing,"$1,128.67",  0.0%, -0.1%,134.2
Apr 2022,Quebec,Average weekly earnings including overtime for all employees,Transportation and warehousing,"$1,143.82",  1.3%,  5.4%,136.0
May 2022,Quebec,Average weekly earnings including overtime for all employees,Transportation and warehousing,"$1,142.88", -0.1%,  5.8%,135.9
Jun 2022,Quebec,Average weekly earnings including overtime for all employees,Transportation and warehousing,"$1,154.85",  1.0%,  7.3%,137.3
Jul 2022,Quebec,Average weekly earnings including overtime for all employees,Transportation and warehousing,"$1,176.07",  1.8%,  8.0%,139.8
Aug 2022,Quebec,Average weekly earnings including overtime for all employees,Transportation and warehousing,"$1,166.29", -0.8%,  3.9%,138.7
Sep 2022,Quebec,Average weekly earnings including overtime for all employees,Transportation and warehousing,"$1,149.94", -1.4%,  2.3%,136.7
Oct 2022,Quebec,Average weekly earnings including overtime for all employees,Transportation and warehousing,"$1,178.90",  2.5%,  6.3%,140.2
Nov 2022,Quebec,Average weekly earnings including overtime for all employees,Transportation and warehousing,"$1,179.32",  0.0%,  6.7%,140.2
Dec 2022,Quebec,Average weekly earnings including overtime for all employees,Transportation and warehousing,"$1,135.29", -3.7%,  4.6%,135.0
Jan 2023,Quebec,Average weekly earnings including overtime for all employees,Transportation and warehousing,"$1,168.79",  3.0%,  4.9%,139.0
Feb 2023,Quebec,Average weekly earnings including overtime for all employees,Transportation and warehousing,"$1,176.01",  0.6%,  4.2%,139.8
Mar 2023,Quebec,Average weekly earnings including overtime for all employees,Transportation and warehousing,"$1,158.58", -1.5%,  2.7%,137.7
Apr 2023,Quebec,Average weekly earnings including overtime for all employees,Transportation and warehousing,"$1,199.72",  3.6%,  4.9%,142.6
May 2023,Quebec,Average weekly earnings including overtime for all employees,Transportation and warehousing,"$1,202.70",  0.2%,  5.2%,143.0
Jun 2023,Quebec,Average weekly earnings including overtime for all employees,Transportation and warehousing,"$1,201.16", -0.1%,  4.0%,142.8
Jul 2023,Quebec,Average weekly earnings including overtime for all employees,Transportation and warehousing,"$1,200.80",  0.0%,  2.1%,142.8
Aug 2023,Quebec,Average weekly earnings including overtime for all employees,Transportation and warehousing,"$1,192.72", -0.7%,  2.3%,141.8
Sep 2023,Quebec,Average weekly earnings including overtime for all employees,Transportation and warehousing,"$1,203.87",  0.9%,  4.7%,143.1
Oct 2023,Quebec,Average weekly earnings including overtime for all employees,Transportation and warehousing,"$1,204.70",  0.1%,  2.2%,143.2
Nov 2023,Quebec,Average weekly earnings including overtime for all employees,Transportation and warehousing,"$1,202.24", -0.2%,  1.9%,142.9
Dec 2023,Quebec,Average weekly earnings including overtime for all employees,Transportation and warehousing,"$1,232.12",  2.5%,  8.5%,146.5
Jan 2024,Quebec,Average weekly earnings including overtime for all employees,Transportation and warehousing,"$1,224.95", -0.6%,  4.8%,145.6
Feb 2024,Quebec,Average weekly earnings including overtime for all employees,Transportation and warehousing,"$1,214.45", -0.9%,  3.3%,144.4
Mar 2024,Quebec,Average weekly earnings including overtime for all employees,Transportation and warehousing,"$1,245.46",  2.6%,  7.5%,148.1
Apr 2024,Quebec,Average weekly earnings including overtime for all employees,Transportation and warehousing,"$1,233.70", -0.9%,  2.8%,146.7
May 2024,Quebec,Average weekly earnings including overtime for all employees,Transportation and warehousing,"$1,241.80",  0.7%,  3.3%,147.6
Jun 2024,Quebec,Average weekly earnings including overtime for all employees,Transportation and warehousing,"$1,256.80",  1.2%,  4.6%,149.4
Jul 2024,Quebec,Average weekly earnings including overtime for all employees,Transportation and warehousing,"$1,266.99",  0.8%,  5.5%,150.6
Aug 2024,Quebec,Average weekly earnings including overtime for all employees,Transportation and warehousing,"$1,269.56",  0.2%,  6.4%,150.9
Sep 2024,Quebec,Average weekly earnings including overtime for all employees,Transportation and warehousing,"$1,284.46",  1.2%,  6.7%,152.7
Oct 2024,Quebec,Average weekly earnings including overtime for all employees,Transportation and warehousing,"$1,263.59", -1.6%,  4.9%,150.2
Jan 2011,Quebec,Average weekly earnings including overtime for all employees,Information and cultural industries,"$1,134.06",  6.2%, 13.7%,100.0
Feb 2011,Quebec,Average weekly earnings including overtime for all employees,Information and cultural industries,"$1,027.94", -9.4%,  1.4%, 90.6
Mar 2011,Quebec,Average weekly earnings including overtime for all employees,Information and cultural industries,"$1,036.89",  0.9%, -0.1%, 91.4
Apr 2011,Quebec,Average weekly earnings including overtime for all employees,Information and cultural industries,$  998.60, -3.7%,  1.3%, 88.1
May 2011,Quebec,Average weekly earnings including overtime for all employees,Information and cultural industries,"$1,009.68",  1.1%,  8.1%, 89.0
Jun 2011,Quebec,Average weekly earnings including overtime for all employees,Information and cultural industries,"$1,005.27", -0.4%,  2.3%, 88.6
Jul 2011,Quebec,Average weekly earnings including overtime for all employees,Information and cultural industries,"$1,045.25",  4.0%,  6.4%, 92.2
Aug 2011,Quebec,Average weekly earnings including overtime for all employees,Information and cultural industries,"$1,084.26",  3.7%,  6.0%, 95.6
Sep 2011,Quebec,Average weekly earnings including overtime for all employees,Information and cultural industries,"$1,074.77", -0.9%,  8.2%, 94.8
Oct 2011,Quebec,Average weekly earnings including overtime for all employees,Information and cultural industries,"$1,050.79", -2.2%,  4.6%, 92.7
Nov 2011,Quebec,Average weekly earnings including overtime for all employees,Information and cultural industries,"$1,065.39",  1.4%,  4.0%, 93.9
Dec 2011,Quebec,Average weekly earnings including overtime for all employees,Information and cultural industries,"$1,032.66", -3.1%, -3.3%, 91.1
Jan 2012,Quebec,Average weekly earnings including overtime for all employees,Information and cultural industries,"$1,079.74",  4.6%, -4.8%, 95.2
Feb 2012,Quebec,Average weekly earnings including overtime for all employees,Information and cultural industries,"$1,073.88", -0.5%,  4.5%, 94.7
Mar 2012,Quebec,Average weekly earnings including overtime for all employees,Information and cultural industries,"$1,111.69",  3.5%,  7.2%, 98.0
Apr 2012,Quebec,Average weekly earnings including overtime for all employees,Information and cultural industries,"$1,082.62", -2.6%,  8.4%, 95.5
May 2012,Quebec,Average weekly earnings including overtime for all employees,Information and cultural industries,"$1,096.97",  1.3%,  8.6%, 96.7
Jun 2012,Quebec,Average weekly earnings including overtime for all employees,Information and cultural industries,"$1,062.89", -3.1%,  5.7%, 93.7
Jul 2012,Quebec,Average weekly earnings including overtime for all employees,Information and cultural industries,"$1,149.60",  8.2%, 10.0%,101.4
Aug 2012,Quebec,Average weekly earnings including overtime for all employees,Information and cultural industries,"$1,150.68",  0.1%,  6.1%,101.5
Sep 2012,Quebec,Average weekly earnings including overtime for all employees,Information and cultural industries,"$1,118.03", -2.8%,  4.0%, 98.6
Oct 2012,Quebec,Average weekly earnings including overtime for all employees,Information and cultural industries,"$1,086.77", -2.8%,  3.4%, 95.8
Nov 2012,Quebec,Average weekly earnings including overtime for all employees,Information and cultural industries,"$1,098.42",  1.1%,  3.1%, 96.9
Dec 2012,Quebec,Average weekly earnings including overtime for all employees,Information and cultural industries,"$1,108.25",  0.9%,  7.3%, 97.7
Jan 2013,Quebec,Average weekly earnings including overtime for all employees,Information and cultural industries,"$1,146.18",  3.4%,  6.2%,101.1
Feb 2013,Quebec,Average weekly earnings including overtime for all employees,Information and cultural industries,"$1,100.58", -4.0%,  2.5%, 97.0
Mar 2013,Quebec,Average weekly earnings including overtime for all employees,Information and cultural industries,"$1,072.75", -2.5%, -3.5%, 94.6
Apr 2013,Quebec,Average weekly earnings including overtime for all employees,Information and cultural industries,"$1,075.69",  0.3%, -0.6%, 94.9
May 2013,Quebec,Average weekly earnings including overtime for all employees,Information and cultural industries,"$1,121.78",  4.3%,  2.3%, 98.9
Jun 2013,Quebec,Average weekly earnings including overtime for all employees,Information and cultural industries,"$1,081.54", -3.6%,  1.8%, 95.4
Jul 2013,Quebec,Average weekly earnings including overtime for all employees,Information and cultural industries,"$1,146.14",  6.0%, -0.3%,101.1
Aug 2013,Quebec,Average weekly earnings including overtime for all employees,Information and cultural industries,"$1,105.48", -3.5%, -3.9%, 97.5
Sep 2013,Quebec,Average weekly earnings including overtime for all employees,Information and cultural industries,"$1,099.66", -0.5%, -1.6%, 97.0
Oct 2013,Quebec,Average weekly earnings including overtime for all employees,Information and cultural industries,"$1,042.69", -5.2%, -4.1%, 91.9
Nov 2013,Quebec,Average weekly earnings including overtime for all employees,Information and cultural industries,"$1,130.44",  8.4%,  2.9%, 99.7
Dec 2013,Quebec,Average weekly earnings including overtime for all employees,Information and cultural industries,"$1,145.08",  1.3%,  3.3%,101.0
Jan 2014,Quebec,Average weekly earnings including overtime for all employees,Information and cultural industries,"$1,147.22",  0.2%,  0.1%,101.2
Feb 2014,Quebec,Average weekly earnings including overtime for all employees,Information and cultural industries,"$1,196.90",  4.3%,  8.8%,105.5
Mar 2014,Quebec,Average weekly earnings including overtime for all employees,Information and cultural industries,"$1,153.33", -3.6%,  7.5%,101.7
Apr 2014,Quebec,Average weekly earnings including overtime for all employees,Information and cultural industries,"$1,159.08",  0.5%,  7.8%,102.2
May 2014,Quebec,Average weekly earnings including overtime for all employees,Information and cultural industries,"$1,149.12", -0.9%,  2.4%,101.3
Jun 2014,Quebec,Average weekly earnings including overtime for all employees,Information and cultural industries,"$1,152.22",  0.3%,  6.5%,101.6
Jul 2014,Quebec,Average weekly earnings including overtime for all employees,Information and cultural industries,"$1,170.32",  1.6%,  2.1%,103.2
Aug 2014,Quebec,Average weekly earnings including overtime for all employees,Information and cultural industries,"$1,232.46",  5.3%, 11.5%,108.7
Sep 2014,Quebec,Average weekly earnings including overtime for all employees,Information and cultural industries,"$1,182.34", -4.1%,  7.5%,104.3
Oct 2014,Quebec,Average weekly earnings including overtime for all employees,Information and cultural industries,"$1,123.64", -5.0%,  7.8%, 99.1
Nov 2014,Quebec,Average weekly earnings including overtime for all employees,Information and cultural industries,"$1,099.39", -2.2%, -2.7%, 96.9
Dec 2014,Quebec,Average weekly earnings including overtime for all employees,Information and cultural industries,"$1,130.61",  2.8%, -1.3%, 99.7
Jan 2015,Quebec,Average weekly earnings including overtime for all employees,Information and cultural industries,"$1,103.51", -2.4%, -3.8%, 97.3
Feb 2015,Quebec,Average weekly earnings including overtime for all employees,Information and cultural industries,"$1,142.72",  3.6%, -4.5%,100.8
Mar 2015,Quebec,Average weekly earnings including overtime for all employees,Information and cultural industries,"$1,172.87",  2.6%,  1.7%,103.4
Apr 2015,Quebec,Average weekly earnings including overtime for all employees,Information and cultural industries,"$1,157.33", -1.3%, -0.2%,102.1
May 2015,Quebec,Average weekly earnings including overtime for all employees,Information and cultural industries,"$1,142.82", -1.3%, -0.5%,100.8
Jun 2015,Quebec,Average weekly earnings including overtime for all employees,Information and cultural industries,"$1,122.04", -1.8%, -2.6%, 98.9
Jul 2015,Quebec,Average weekly earnings including overtime for all employees,Information and cultural industries,"$1,159.27",  3.3%, -0.9%,102.2
Aug 2015,Quebec,Average weekly earnings including overtime for all employees,Information and cultural industries,"$1,148.29", -0.9%, -6.8%,101.3
Sep 2015,Quebec,Average weekly earnings including overtime for all employees,Information and cultural industries,"$1,116.73", -2.7%, -5.5%, 98.5
Oct 2015,Quebec,Average weekly earnings including overtime for all employees,Information and cultural industries,"$1,116.91",  0.0%, -0.6%, 98.5
Nov 2015,Quebec,Average weekly earnings including overtime for all employees,Information and cultural industries,"$1,166.20",  4.4%,  6.1%,102.8
Dec 2015,Quebec,Average weekly earnings including overtime for all employees,Information and cultural industries,"$1,173.40",  0.6%,  3.8%,103.5
Jan 2016,Quebec,Average weekly earnings including overtime for all employees,Information and cultural industries,"$1,181.87",  0.7%,  7.1%,104.2
Feb 2016,Quebec,Average weekly earnings including overtime for all employees,Information and cultural industries,"$1,288.64",  9.0%, 12.8%,113.6
Mar 2016,Quebec,Average weekly earnings including overtime for all employees,Information and cultural industries,"$1,246.05", -3.3%,  6.2%,109.9
Apr 2016,Quebec,Average weekly earnings including overtime for all employees,Information and cultural industries,"$1,229.00", -1.4%,  6.2%,108.4
May 2016,Quebec,Average weekly earnings including overtime for all employees,Information and cultural industries,"$1,196.59", -2.6%,  4.7%,105.5
Jun 2016,Quebec,Average weekly earnings including overtime for all employees,Information and cultural industries,"$1,276.85",  6.7%, 13.8%,112.6
Jul 2016,Quebec,Average weekly earnings including overtime for all employees,Information and cultural industries,"$1,236.58", -3.2%,  6.7%,109.0
Aug 2016,Quebec,Average weekly earnings including overtime for all employees,Information and cultural industries,"$1,248.16",  0.9%,  8.7%,110.1
Sep 2016,Quebec,Average weekly earnings including overtime for all employees,Information and cultural industries,"$1,211.90", -2.9%,  8.5%,106.9
Oct 2016,Quebec,Average weekly earnings including overtime for all employees,Information and cultural industries,"$1,272.07",  5.0%, 13.9%,112.2
Nov 2016,Quebec,Average weekly earnings including overtime for all employees,Information and cultural industries,"$1,246.16", -2.0%,  6.9%,109.9
Dec 2016,Quebec,Average weekly earnings including overtime for all employees,Information and cultural industries,"$1,241.08", -0.4%,  5.8%,109.4
Jan 2017,Quebec,Average weekly earnings including overtime for all employees,Information and cultural industries,"$1,198.05", -3.5%,  1.4%,105.6
Feb 2017,Quebec,Average weekly earnings including overtime for all employees,Information and cultural industries,"$1,287.74",  7.5%, -0.1%,113.6
Mar 2017,Quebec,Average weekly earnings including overtime for all employees,Information and cultural industries,"$1,243.42", -3.4%, -0.2%,109.6
Apr 2017,Quebec,Average weekly earnings including overtime for all employees,Information and cultural industries,"$1,169.54", -5.9%, -4.8%,103.1
May 2017,Quebec,Average weekly earnings including overtime for all employees,Information and cultural industries,"$1,226.46",  4.9%,  2.5%,108.1
Jun 2017,Quebec,Average weekly earnings including overtime for all employees,Information and cultural industries,"$1,249.92",  1.9%, -2.1%,110.2
Jul 2017,Quebec,Average weekly earnings including overtime for all employees,Information and cultural industries,"$1,152.37", -7.8%, -6.8%,101.6
Aug 2017,Quebec,Average weekly earnings including overtime for all employees,Information and cultural industries,"$1,227.86",  6.6%, -1.6%,108.3
Sep 2017,Quebec,Average weekly earnings including overtime for all employees,Information and cultural industries,"$1,099.56",-10.4%, -9.3%, 97.0
Oct 2017,Quebec,Average weekly earnings including overtime for all employees,Information and cultural industries,"$1,120.79",  1.9%,-11.9%, 98.8
Nov 2017,Quebec,Average weekly earnings including overtime for all employees,Information and cultural industries,"$1,205.65",  7.6%, -3.3%,106.3
Dec 2017,Quebec,Average weekly earnings including overtime for all employees,Information and cultural industries,"$1,122.48", -6.9%, -9.6%, 99.0
Jan 2018,Quebec,Average weekly earnings including overtime for all employees,Information and cultural industries,"$1,089.12", -3.0%, -9.1%, 96.0
Feb 2018,Quebec,Average weekly earnings including overtime for all employees,Information and cultural industries,"$1,258.96", 15.6%, -2.2%,111.0
Mar 2018,Quebec,Average weekly earnings including overtime for all employees,Information and cultural industries,"$1,118.34",-11.2%,-10.1%, 98.6
Apr 2018,Quebec,Average weekly earnings including overtime for all employees,Information and cultural industries,"$1,187.25",  6.2%,  1.5%,104.7
May 2018,Quebec,Average weekly earnings including overtime for all employees,Information and cultural industries,"$1,135.35", -4.4%, -7.4%,100.1
Jun 2018,Quebec,Average weekly earnings including overtime for all employees,Information and cultural industries,"$1,174.28",  3.4%, -6.1%,103.5
Jul 2018,Quebec,Average weekly earnings including overtime for all employees,Information and cultural industries,"$1,229.24",  4.7%,  6.7%,108.4
Aug 2018,Quebec,Average weekly earnings including overtime for all employees,Information and cultural industries,"$1,215.50", -1.1%, -1.0%,107.2
Sep 2018,Quebec,Average weekly earnings including overtime for all employees,Information and cultural industries,"$1,247.65",  2.6%, 13.5%,110.0
Oct 2018,Quebec,Average weekly earnings including overtime for all employees,Information and cultural industries,"$1,269.01",  1.7%, 13.2%,111.9
Nov 2018,Quebec,Average weekly earnings including overtime for all employees,Information and cultural industries,"$1,237.46", -2.5%,  2.6%,109.1
Dec 2018,Quebec,Average weekly earnings including overtime for all employees,Information and cultural industries,"$1,259.69",  1.8%, 12.2%,111.1
Jan 2019,Quebec,Average weekly earnings including overtime for all employees,Information and cultural industries,"$1,228.99", -2.4%, 12.8%,108.4
Feb 2019,Quebec,Average weekly earnings including overtime for all employees,Information and cultural industries,"$1,193.37", -2.9%, -5.2%,105.2
Mar 2019,Quebec,Average weekly earnings including overtime for all employees,Information and cultural industries,"$1,176.01", -1.5%,  5.2%,103.7
Apr 2019,Quebec,Average weekly earnings including overtime for all employees,Information and cultural industries,"$1,185.71",  0.8%, -0.1%,104.6
May 2019,Quebec,Average weekly earnings including overtime for all employees,Information and cultural industries,"$1,287.17",  8.6%, 13.4%,113.5
Jun 2019,Quebec,Average weekly earnings including overtime for all employees,Information and cultural industries,"$1,268.49", -1.5%,  8.0%,111.9
Jul 2019,Quebec,Average weekly earnings including overtime for all employees,Information and cultural industries,"$1,301.10",  2.6%,  5.8%,114.7
Aug 2019,Quebec,Average weekly earnings including overtime for all employees,Information and cultural industries,"$1,192.42", -8.4%, -1.9%,105.1
Sep 2019,Quebec,Average weekly earnings including overtime for all employees,Information and cultural industries,"$1,221.16",  2.4%, -2.1%,107.7
Oct 2019,Quebec,Average weekly earnings including overtime for all employees,Information and cultural industries,"$1,213.74", -0.6%, -4.4%,107.0
Nov 2019,Quebec,Average weekly earnings including overtime for all employees,Information and cultural industries,"$1,255.39",  3.4%,  1.4%,110.7
Dec 2019,Quebec,Average weekly earnings including overtime for all employees,Information and cultural industries,"$1,297.49",  3.4%,  3.0%,114.4
Jan 2020,Quebec,Average weekly earnings including overtime for all employees,Information and cultural industries,"$1,309.06",  0.9%,  6.5%,115.4
Feb 2020,Quebec,Average weekly earnings including overtime for all employees,Information and cultural industries,"$1,307.76", -0.1%,  9.6%,115.3
Mar 2020,Quebec,Average weekly earnings including overtime for all employees,Information and cultural industries,"$1,302.49", -0.4%, 10.8%,114.9
Apr 2020,Quebec,Average weekly earnings including overtime for all employees,Information and cultural industries,"$1,423.94",  9.3%, 20.1%,125.6
May 2020,Quebec,Average weekly earnings including overtime for all employees,Information and cultural industries,"$1,417.00", -0.5%, 10.1%,124.9
Jun 2020,Quebec,Average weekly earnings including overtime for all employees,Information and cultural industries,"$1,304.84", -7.9%,  2.9%,115.1
Jul 2020,Quebec,Average weekly earnings including overtime for all employees,Information and cultural industries,"$1,500.10", 15.0%, 15.3%,132.3
Aug 2020,Quebec,Average weekly earnings including overtime for all employees,Information and cultural industries,"$1,391.20", -7.3%, 16.7%,122.7
Sep 2020,Quebec,Average weekly earnings including overtime for all employees,Information and cultural industries,"$1,437.29",  3.3%, 17.7%,126.7
Oct 2020,Quebec,Average weekly earnings including overtime for all employees,Information and cultural industries,"$1,368.79", -4.8%, 12.8%,120.7
Nov 2020,Quebec,Average weekly earnings including overtime for all employees,Information and cultural industries,"$1,329.31", -2.9%,  5.9%,117.2
Dec 2020,Quebec,Average weekly earnings including overtime for all employees,Information and cultural industries,"$1,375.17",  3.4%,  6.0%,121.3
Jan 2021,Quebec,Average weekly earnings including overtime for all employees,Information and cultural industries,"$1,369.19", -0.4%,  4.6%,120.7
Feb 2021,Quebec,Average weekly earnings including overtime for all employees,Information and cultural industries,"$1,379.52",  0.8%,  5.5%,121.6
Mar 2021,Quebec,Average weekly earnings including overtime for all employees,Information and cultural industries,"$1,403.24",  1.7%,  7.7%,123.7
Apr 2021,Quebec,Average weekly earnings including overtime for all employees,Information and cultural industries,"$1,384.19", -1.4%, -2.8%,122.1
May 2021,Quebec,Average weekly earnings including overtime for all employees,Information and cultural industries,"$1,465.61",  5.9%,  3.4%,129.2
Jun 2021,Quebec,Average weekly earnings including overtime for all employees,Information and cultural industries,"$1,491.91",  1.8%, 14.3%,131.6
Jul 2021,Quebec,Average weekly earnings including overtime for all employees,Information and cultural industries,"$1,441.70", -3.4%, -3.9%,127.1
Aug 2021,Quebec,Average weekly earnings including overtime for all employees,Information and cultural industries,"$1,340.85", -7.0%, -3.6%,118.2
Sep 2021,Quebec,Average weekly earnings including overtime for all employees,Information and cultural industries,"$1,481.71", 10.5%,  3.1%,130.7
Oct 2021,Quebec,Average weekly earnings including overtime for all employees,Information and cultural industries,"$1,485.88",  0.3%,  8.6%,131.0
Nov 2021,Quebec,Average weekly earnings including overtime for all employees,Information and cultural industries,"$1,360.95", -8.4%,  2.4%,120.0
Dec 2021,Quebec,Average weekly earnings including overtime for all employees,Information and cultural industries,"$1,460.04",  7.3%,  6.2%,128.7
Jan 2022,Quebec,Average weekly earnings including overtime for all employees,Information and cultural industries,"$1,436.56", -1.6%,  4.9%,126.7
Feb 2022,Quebec,Average weekly earnings including overtime for all employees,Information and cultural industries,"$1,456.37",  1.4%,  5.6%,128.4
Mar 2022,Quebec,Average weekly earnings including overtime for all employees,Information and cultural industries,"$1,524.26",  4.7%,  8.6%,134.4
Apr 2022,Quebec,Average weekly earnings including overtime for all employees,Information and cultural industries,"$1,423.12", -6.6%,  2.8%,125.5
May 2022,Quebec,Average weekly earnings including overtime for all employees,Information and cultural industries,"$1,397.83", -1.8%, -4.6%,123.3
Jun 2022,Quebec,Average weekly earnings including overtime for all employees,Information and cultural industries,"$1,386.24", -0.8%, -7.1%,122.2
Jul 2022,Quebec,Average weekly earnings including overtime for all employees,Information and cultural industries,"$1,371.23", -1.1%, -4.9%,120.9
Aug 2022,Quebec,Average weekly earnings including overtime for all employees,Information and cultural industries,"$1,413.09",  3.1%,  5.4%,124.6
Sep 2022,Quebec,Average weekly earnings including overtime for all employees,Information and cultural industries,"$1,511.38",  7.0%,  2.0%,133.3
Oct 2022,Quebec,Average weekly earnings including overtime for all employees,Information and cultural industries,"$1,524.84",  0.9%,  2.6%,134.5
Nov 2022,Quebec,Average weekly earnings including overtime for all employees,Information and cultural industries,"$1,444.68", -5.3%,  6.2%,127.4
Dec 2022,Quebec,Average weekly earnings including overtime for all employees,Information and cultural industries,"$1,520.16",  5.2%,  4.1%,134.0
Jan 2023,Quebec,Average weekly earnings including overtime for all employees,Information and cultural industries,"$1,594.15",  4.9%, 11.0%,140.6
Feb 2023,Quebec,Average weekly earnings including overtime for all employees,Information and cultural industries,"$1,538.82", -3.5%,  5.7%,135.7
Mar 2023,Quebec,Average weekly earnings including overtime for all employees,Information and cultural industries,"$1,578.65",  2.6%,  3.6%,139.2
Apr 2023,Quebec,Average weekly earnings including overtime for all employees,Information and cultural industries,"$1,528.66", -3.2%,  7.4%,134.8
May 2023,Quebec,Average weekly earnings including overtime for all employees,Information and cultural industries,"$1,516.33", -0.8%,  8.5%,133.7
Jun 2023,Quebec,Average weekly earnings including overtime for all employees,Information and cultural industries,"$1,573.48",  3.8%, 13.5%,138.7
Jul 2023,Quebec,Average weekly earnings including overtime for all employees,Information and cultural industries,"$1,607.76",  2.2%, 17.2%,141.8
Aug 2023,Quebec,Average weekly earnings including overtime for all employees,Information and cultural industries,"$1,681.30",  4.6%, 19.0%,148.3
Sep 2023,Quebec,Average weekly earnings including overtime for all employees,Information and cultural industries,"$1,558.14", -7.3%,  3.1%,137.4
Oct 2023,Quebec,Average weekly earnings including overtime for all employees,Information and cultural industries,"$1,584.13",  1.7%,  3.9%,139.7
Nov 2023,Quebec,Average weekly earnings including overtime for all employees,Information and cultural industries,"$1,609.31",  1.6%, 11.4%,141.9
Dec 2023,Quebec,Average weekly earnings including overtime for all employees,Information and cultural industries,"$1,479.73", -8.1%, -2.7%,130.5
Jan 2024,Quebec,Average weekly earnings including overtime for all employees,Information and cultural industries,"$1,610.82",  8.9%,  1.0%,142.0
Feb 2024,Quebec,Average weekly earnings including overtime for all employees,Information and cultural industries,"$1,644.10",  2.1%,  6.8%,145.0
Mar 2024,Quebec,Average weekly earnings including overtime for all employees,Information and cultural industries,"$1,560.61", -5.1%, -1.1%,137.6
Apr 2024,Quebec,Average weekly earnings including overtime for all employees,Information and cultural industries,"$1,603.39",  2.7%,  4.9%,141.4
May 2024,Quebec,Average weekly earnings including overtime for all employees,Information and cultural industries,"$1,644.08",  2.5%,  8.4%,145.0
Jun 2024,Quebec,Average weekly earnings including overtime for all employees,Information and cultural industries,"$1,702.66",  3.6%,  8.2%,150.1
Jul 2024,Quebec,Average weekly earnings including overtime for all employees,Information and cultural industries,"$1,772.83",  4.1%, 10.3%,156.3
Aug 2024,Quebec,Average weekly earnings including overtime for all employees,Information and cultural industries,"$1,811.57",  2.2%,  7.7%,159.7
Sep 2024,Quebec,Average weekly earnings including overtime for all employees,Information and cultural industries,"$1,620.39",-10.6%,  4.0%,142.9
Oct 2024,Quebec,Average weekly earnings including overtime for all employees,Information and cultural industries,"$1,694.18",  4.6%,  6.9%,149.4
Jan 2011,Quebec,Average weekly earnings including overtime for all employees,Finance and insurance,$  992.97, -4.0%,  0.8%,100.0
Feb 2011,Quebec,Average weekly earnings including overtime for all employees,Finance and insurance,"$1,014.20",  2.1%,  2.2%,102.1
Mar 2011,Quebec,Average weekly earnings including overtime for all employees,Finance and insurance,"$1,020.25",  0.6%,  3.9%,102.7
Apr 2011,Quebec,Average weekly earnings including overtime for all employees,Finance and insurance,$  998.46, -2.1%,  2.4%,100.6
May 2011,Quebec,Average weekly earnings including overtime for all employees,Finance and insurance,$  995.03, -0.3%,  3.1%,100.2
Jun 2011,Quebec,Average weekly earnings including overtime for all employees,Finance and insurance,"$1,025.87",  3.1%,  8.2%,103.3
Jul 2011,Quebec,Average weekly earnings including overtime for all employees,Finance and insurance,"$1,001.31", -2.4%,  0.8%,100.8
Aug 2011,Quebec,Average weekly earnings including overtime for all employees,Finance and insurance,"$1,000.40", -0.1%,  0.4%,100.7
Sep 2011,Quebec,Average weekly earnings including overtime for all employees,Finance and insurance,$  992.89, -0.8%,  1.6%,100.0
Oct 2011,Quebec,Average weekly earnings including overtime for all employees,Finance and insurance,"$1,019.48",  2.7%,  2.2%,102.7
Nov 2011,Quebec,Average weekly earnings including overtime for all employees,Finance and insurance,"$1,036.76",  1.7%,  0.8%,104.4
Dec 2011,Quebec,Average weekly earnings including overtime for all employees,Finance and insurance,"$1,055.73",  1.8%,  2.1%,106.3
Jan 2012,Quebec,Average weekly earnings including overtime for all employees,Finance and insurance,"$1,060.04",  0.4%,  6.8%,106.8
Feb 2012,Quebec,Average weekly earnings including overtime for all employees,Finance and insurance,$  992.91, -6.3%, -2.1%,100.0
Mar 2012,Quebec,Average weekly earnings including overtime for all employees,Finance and insurance,$  996.72,  0.4%, -2.3%,100.4
Apr 2012,Quebec,Average weekly earnings including overtime for all employees,Finance and insurance,"$1,016.72",  2.0%,  1.8%,102.4
May 2012,Quebec,Average weekly earnings including overtime for all employees,Finance and insurance,"$1,033.70",  1.7%,  3.9%,104.1
Jun 2012,Quebec,Average weekly earnings including overtime for all employees,Finance and insurance,"$1,005.67", -2.7%, -2.0%,101.3
Jul 2012,Quebec,Average weekly earnings including overtime for all employees,Finance and insurance,"$1,043.64",  3.8%,  4.2%,105.1
Aug 2012,Quebec,Average weekly earnings including overtime for all employees,Finance and insurance,"$1,050.90",  0.7%,  5.0%,105.8
Sep 2012,Quebec,Average weekly earnings including overtime for all employees,Finance and insurance,"$1,096.58",  4.3%, 10.4%,110.4
Oct 2012,Quebec,Average weekly earnings including overtime for all employees,Finance and insurance,"$1,060.57", -3.3%,  4.0%,106.8
Nov 2012,Quebec,Average weekly earnings including overtime for all employees,Finance and insurance,"$1,074.20",  1.3%,  3.6%,108.2
Dec 2012,Quebec,Average weekly earnings including overtime for all employees,Finance and insurance,"$1,046.95", -2.5%, -0.8%,105.4
Jan 2013,Quebec,Average weekly earnings including overtime for all employees,Finance and insurance,"$1,034.85", -1.2%, -2.4%,104.2
Feb 2013,Quebec,Average weekly earnings including overtime for all employees,Finance and insurance,"$1,054.85",  1.9%,  6.2%,106.2
Mar 2013,Quebec,Average weekly earnings including overtime for all employees,Finance and insurance,"$1,009.95", -4.3%,  1.3%,101.7
Apr 2013,Quebec,Average weekly earnings including overtime for all employees,Finance and insurance,"$1,034.79",  2.5%,  1.8%,104.2
May 2013,Quebec,Average weekly earnings including overtime for all employees,Finance and insurance,"$1,047.93",  1.3%,  1.4%,105.5
Jun 2013,Quebec,Average weekly earnings including overtime for all employees,Finance and insurance,"$1,064.84",  1.6%,  5.9%,107.2
Jul 2013,Quebec,Average weekly earnings including overtime for all employees,Finance and insurance,"$1,032.23", -3.1%, -1.1%,104.0
Aug 2013,Quebec,Average weekly earnings including overtime for all employees,Finance and insurance,"$1,057.29",  2.4%,  0.6%,106.5
Sep 2013,Quebec,Average weekly earnings including overtime for all employees,Finance and insurance,"$1,072.77",  1.5%, -2.2%,108.0
Oct 2013,Quebec,Average weekly earnings including overtime for all employees,Finance and insurance,"$1,124.22",  4.8%,  6.0%,113.2
Nov 2013,Quebec,Average weekly earnings including overtime for all employees,Finance and insurance,"$1,070.49", -4.8%, -0.3%,107.8
Dec 2013,Quebec,Average weekly earnings including overtime for all employees,Finance and insurance,"$1,081.98",  1.1%,  3.3%,109.0
Jan 2014,Quebec,Average weekly earnings including overtime for all employees,Finance and insurance,"$1,061.39", -1.9%,  2.6%,106.9
Feb 2014,Quebec,Average weekly earnings including overtime for all employees,Finance and insurance,"$1,074.36",  1.2%,  1.8%,108.2
Mar 2014,Quebec,Average weekly earnings including overtime for all employees,Finance and insurance,"$1,092.64",  1.7%,  8.2%,110.0
Apr 2014,Quebec,Average weekly earnings including overtime for all employees,Finance and insurance,"$1,099.81",  0.7%,  6.3%,110.8
May 2014,Quebec,Average weekly earnings including overtime for all employees,Finance and insurance,"$1,108.81",  0.8%,  5.8%,111.7
Jun 2014,Quebec,Average weekly earnings including overtime for all employees,Finance and insurance,"$1,108.92",  0.0%,  4.1%,111.7
Jul 2014,Quebec,Average weekly earnings including overtime for all employees,Finance and insurance,"$1,118.05",  0.8%,  8.3%,112.6
Aug 2014,Quebec,Average weekly earnings including overtime for all employees,Finance and insurance,"$1,072.42", -4.1%,  1.4%,108.0
Sep 2014,Quebec,Average weekly earnings including overtime for all employees,Finance and insurance,"$1,079.03",  0.6%,  0.6%,108.7
Oct 2014,Quebec,Average weekly earnings including overtime for all employees,Finance and insurance,"$1,036.47", -3.9%, -7.8%,104.4
Nov 2014,Quebec,Average weekly earnings including overtime for all employees,Finance and insurance,"$1,045.73",  0.9%, -2.3%,105.3
Dec 2014,Quebec,Average weekly earnings including overtime for all employees,Finance and insurance,"$1,049.80",  0.4%, -3.0%,105.7
Jan 2015,Quebec,Average weekly earnings including overtime for all employees,Finance and insurance,"$1,114.95",  6.2%,  5.0%,112.3
Feb 2015,Quebec,Average weekly earnings including overtime for all employees,Finance and insurance,"$1,146.21",  2.8%,  6.7%,115.4
Mar 2015,Quebec,Average weekly earnings including overtime for all employees,Finance and insurance,"$1,218.71",  6.3%, 11.5%,122.7
Apr 2015,Quebec,Average weekly earnings including overtime for all employees,Finance and insurance,"$1,198.18", -1.7%,  8.9%,120.7
May 2015,Quebec,Average weekly earnings including overtime for all employees,Finance and insurance,"$1,126.58", -6.0%,  1.6%,113.5
Jun 2015,Quebec,Average weekly earnings including overtime for all employees,Finance and insurance,"$1,153.02",  2.3%,  4.0%,116.1
Jul 2015,Quebec,Average weekly earnings including overtime for all employees,Finance and insurance,"$1,137.70", -1.3%,  1.8%,114.6
Aug 2015,Quebec,Average weekly earnings including overtime for all employees,Finance and insurance,"$1,136.09", -0.1%,  5.9%,114.4
Sep 2015,Quebec,Average weekly earnings including overtime for all employees,Finance and insurance,"$1,135.39", -0.1%,  5.2%,114.3
Oct 2015,Quebec,Average weekly earnings including overtime for all employees,Finance and insurance,"$1,180.18",  3.9%, 13.9%,118.9
Nov 2015,Quebec,Average weekly earnings including overtime for all employees,Finance and insurance,"$1,149.29", -2.6%,  9.9%,115.7
Dec 2015,Quebec,Average weekly earnings including overtime for all employees,Finance and insurance,"$1,132.40", -1.5%,  7.9%,114.0
Jan 2016,Quebec,Average weekly earnings including overtime for all employees,Finance and insurance,"$1,140.25",  0.7%,  2.3%,114.8
Feb 2016,Quebec,Average weekly earnings including overtime for all employees,Finance and insurance,"$1,167.50",  2.4%,  1.9%,117.6
Mar 2016,Quebec,Average weekly earnings including overtime for all employees,Finance and insurance,"$1,135.78", -2.7%, -6.8%,114.4
Apr 2016,Quebec,Average weekly earnings including overtime for all employees,Finance and insurance,"$1,135.44",  0.0%, -5.2%,114.3
May 2016,Quebec,Average weekly earnings including overtime for all employees,Finance and insurance,"$1,194.16",  5.2%,  6.0%,120.3
Jun 2016,Quebec,Average weekly earnings including overtime for all employees,Finance and insurance,"$1,191.78", -0.2%,  3.4%,120.0
Jul 2016,Quebec,Average weekly earnings including overtime for all employees,Finance and insurance,"$1,224.26",  2.7%,  7.6%,123.3
Aug 2016,Quebec,Average weekly earnings including overtime for all employees,Finance and insurance,"$1,192.58", -2.6%,  5.0%,120.1
Sep 2016,Quebec,Average weekly earnings including overtime for all employees,Finance and insurance,"$1,172.75", -1.7%,  3.3%,118.1
Oct 2016,Quebec,Average weekly earnings including overtime for all employees,Finance and insurance,"$1,177.33",  0.4%, -0.2%,118.6
Nov 2016,Quebec,Average weekly earnings including overtime for all employees,Finance and insurance,"$1,207.98",  2.6%,  5.1%,121.7
Dec 2016,Quebec,Average weekly earnings including overtime for all employees,Finance and insurance,"$1,262.18",  4.5%, 11.5%,127.1
Jan 2017,Quebec,Average weekly earnings including overtime for all employees,Finance and insurance,"$1,228.52", -2.7%,  7.7%,123.7
Feb 2017,Quebec,Average weekly earnings including overtime for all employees,Finance and insurance,"$1,197.89", -2.5%,  2.6%,120.6
Mar 2017,Quebec,Average weekly earnings including overtime for all employees,Finance and insurance,"$1,196.88", -0.1%,  5.4%,120.5
Apr 2017,Quebec,Average weekly earnings including overtime for all employees,Finance and insurance,"$1,211.16",  1.2%,  6.7%,122.0
May 2017,Quebec,Average weekly earnings including overtime for all employees,Finance and insurance,"$1,211.02",  0.0%,  1.4%,122.0
Jun 2017,Quebec,Average weekly earnings including overtime for all employees,Finance and insurance,"$1,192.95", -1.5%,  0.1%,120.1
Jul 2017,Quebec,Average weekly earnings including overtime for all employees,Finance and insurance,"$1,197.43",  0.4%, -2.2%,120.6
Aug 2017,Quebec,Average weekly earnings including overtime for all employees,Finance and insurance,"$1,272.35",  6.3%,  6.7%,128.1
Sep 2017,Quebec,Average weekly earnings including overtime for all employees,Finance and insurance,"$1,255.41", -1.3%,  7.0%,126.4
Oct 2017,Quebec,Average weekly earnings including overtime for all employees,Finance and insurance,"$1,232.84", -1.8%,  4.7%,124.2
Nov 2017,Quebec,Average weekly earnings including overtime for all employees,Finance and insurance,"$1,302.30",  5.6%,  7.8%,131.2
Dec 2017,Quebec,Average weekly earnings including overtime for all employees,Finance and insurance,"$1,284.17", -1.4%,  1.7%,129.3
Jan 2018,Quebec,Average weekly earnings including overtime for all employees,Finance and insurance,"$1,310.11",  2.0%,  6.6%,131.9
Feb 2018,Quebec,Average weekly earnings including overtime for all employees,Finance and insurance,"$1,294.63", -1.2%,  8.1%,130.4
Mar 2018,Quebec,Average weekly earnings including overtime for all employees,Finance and insurance,"$1,328.00",  2.6%, 11.0%,133.7
Apr 2018,Quebec,Average weekly earnings including overtime for all employees,Finance and insurance,"$1,265.17", -4.7%,  4.5%,127.4
May 2018,Quebec,Average weekly earnings including overtime for all employees,Finance and insurance,"$1,240.55", -1.9%,  2.4%,124.9
Jun 2018,Quebec,Average weekly earnings including overtime for all employees,Finance and insurance,"$1,258.30",  1.4%,  5.5%,126.7
Jul 2018,Quebec,Average weekly earnings including overtime for all employees,Finance and insurance,"$1,255.09", -0.3%,  4.8%,126.4
Aug 2018,Quebec,Average weekly earnings including overtime for all employees,Finance and insurance,"$1,262.65",  0.6%, -0.8%,127.2
Sep 2018,Quebec,Average weekly earnings including overtime for all employees,Finance and insurance,"$1,293.35",  2.4%,  3.0%,130.3
Oct 2018,Quebec,Average weekly earnings including overtime for all employees,Finance and insurance,"$1,289.19", -0.3%,  4.6%,129.8
Nov 2018,Quebec,Average weekly earnings including overtime for all employees,Finance and insurance,"$1,269.94", -1.5%, -2.5%,127.9
Dec 2018,Quebec,Average weekly earnings including overtime for all employees,Finance and insurance,"$1,227.84", -3.3%, -4.4%,123.7
Jan 2019,Quebec,Average weekly earnings including overtime for all employees,Finance and insurance,"$1,258.52",  2.5%, -3.9%,126.7
Feb 2019,Quebec,Average weekly earnings including overtime for all employees,Finance and insurance,"$1,298.67",  3.2%,  0.3%,130.8
Mar 2019,Quebec,Average weekly earnings including overtime for all employees,Finance and insurance,"$1,261.19", -2.9%, -5.0%,127.0
Apr 2019,Quebec,Average weekly earnings including overtime for all employees,Finance and insurance,"$1,311.51",  4.0%,  3.7%,132.1
May 2019,Quebec,Average weekly earnings including overtime for all employees,Finance and insurance,"$1,312.28",  0.1%,  5.8%,132.2
Jun 2019,Quebec,Average weekly earnings including overtime for all employees,Finance and insurance,"$1,301.12", -0.9%,  3.4%,131.0
Jul 2019,Quebec,Average weekly earnings including overtime for all employees,Finance and insurance,"$1,294.03", -0.5%,  3.1%,130.3
Aug 2019,Quebec,Average weekly earnings including overtime for all employees,Finance and insurance,"$1,309.15",  1.2%,  3.7%,131.8
Sep 2019,Quebec,Average weekly earnings including overtime for all employees,Finance and insurance,"$1,289.82", -1.5%, -0.3%,129.9
Oct 2019,Quebec,Average weekly earnings including overtime for all employees,Finance and insurance,"$1,291.76",  0.2%,  0.2%,130.1
Nov 2019,Quebec,Average weekly earnings including overtime for all employees,Finance and insurance,"$1,297.88",  0.5%,  2.2%,130.7
Dec 2019,Quebec,Average weekly earnings including overtime for all employees,Finance and insurance,"$1,386.56",  6.8%, 12.9%,139.6
Jan 2020,Quebec,Average weekly earnings including overtime for all employees,Finance and insurance,"$1,383.70", -0.2%,  9.9%,139.3
Feb 2020,Quebec,Average weekly earnings including overtime for all employees,Finance and insurance,"$1,320.87", -4.5%,  1.7%,133.0
Mar 2020,Quebec,Average weekly earnings including overtime for all employees,Finance and insurance,"$1,368.17",  3.6%,  8.5%,137.8
Apr 2020,Quebec,Average weekly earnings including overtime for all employees,Finance and insurance,"$1,536.44", 12.3%, 17.2%,154.7
May 2020,Quebec,Average weekly earnings including overtime for all employees,Finance and insurance,"$1,394.84", -9.2%,  6.3%,140.5
Jun 2020,Quebec,Average weekly earnings including overtime for all employees,Finance and insurance,"$1,397.97",  0.2%,  7.4%,140.8
Jul 2020,Quebec,Average weekly earnings including overtime for all employees,Finance and insurance,"$1,438.12",  2.9%, 11.1%,144.8
Aug 2020,Quebec,Average weekly earnings including overtime for all employees,Finance and insurance,"$1,408.16", -2.1%,  7.6%,141.8
Sep 2020,Quebec,Average weekly earnings including overtime for all employees,Finance and insurance,"$1,397.36", -0.8%,  8.3%,140.7
Oct 2020,Quebec,Average weekly earnings including overtime for all employees,Finance and insurance,"$1,424.68",  2.0%, 10.3%,143.5
Nov 2020,Quebec,Average weekly earnings including overtime for all employees,Finance and insurance,"$1,357.61", -4.7%,  4.6%,136.7
Dec 2020,Quebec,Average weekly earnings including overtime for all employees,Finance and insurance,"$1,455.00",  7.2%,  4.9%,146.5
Jan 2021,Quebec,Average weekly earnings including overtime for all employees,Finance and insurance,"$1,316.45", -9.5%, -4.9%,132.6
Feb 2021,Quebec,Average weekly earnings including overtime for all employees,Finance and insurance,"$1,348.71",  2.5%,  2.1%,135.8
Mar 2021,Quebec,Average weekly earnings including overtime for all employees,Finance and insurance,"$1,291.63", -4.2%, -5.6%,130.1
Apr 2021,Quebec,Average weekly earnings including overtime for all employees,Finance and insurance,"$1,337.96",  3.6%,-12.9%,134.7
May 2021,Quebec,Average weekly earnings including overtime for all employees,Finance and insurance,"$1,348.73",  0.8%, -3.3%,135.8
Jun 2021,Quebec,Average weekly earnings including overtime for all employees,Finance and insurance,"$1,331.88", -1.2%, -4.7%,134.1
Jul 2021,Quebec,Average weekly earnings including overtime for all employees,Finance and insurance,"$1,328.44", -0.3%, -7.6%,133.8
Aug 2021,Quebec,Average weekly earnings including overtime for all employees,Finance and insurance,"$1,293.27", -2.6%, -8.2%,130.2
Sep 2021,Quebec,Average weekly earnings including overtime for all employees,Finance and insurance,"$1,402.27",  8.4%,  0.4%,141.2
Oct 2021,Quebec,Average weekly earnings including overtime for all employees,Finance and insurance,"$1,399.10", -0.2%, -1.8%,140.9
Nov 2021,Quebec,Average weekly earnings including overtime for all employees,Finance and insurance,"$1,439.31",  2.9%,  6.0%,144.9
Dec 2021,Quebec,Average weekly earnings including overtime for all employees,Finance and insurance,"$1,502.97",  4.4%,  3.3%,151.4
Jan 2022,Quebec,Average weekly earnings including overtime for all employees,Finance and insurance,"$1,440.45", -4.2%,  9.4%,145.1
Feb 2022,Quebec,Average weekly earnings including overtime for all employees,Finance and insurance,"$1,467.71",  1.9%,  8.8%,147.8
Mar 2022,Quebec,Average weekly earnings including overtime for all employees,Finance and insurance,"$1,498.33",  2.1%, 16.0%,150.9
Apr 2022,Quebec,Average weekly earnings including overtime for all employees,Finance and insurance,"$1,422.09", -5.1%,  6.3%,143.2
May 2022,Quebec,Average weekly earnings including overtime for all employees,Finance and insurance,"$1,400.70", -1.5%,  3.9%,141.1
Jun 2022,Quebec,Average weekly earnings including overtime for all employees,Finance and insurance,"$1,446.67",  3.3%,  8.6%,145.7
Jul 2022,Quebec,Average weekly earnings including overtime for all employees,Finance and insurance,"$1,397.94", -3.4%,  5.2%,140.8
Aug 2022,Quebec,Average weekly earnings including overtime for all employees,Finance and insurance,"$1,461.24",  4.5%, 13.0%,147.2
Sep 2022,Quebec,Average weekly earnings including overtime for all employees,Finance and insurance,"$1,485.43",  1.7%,  5.9%,149.6
Oct 2022,Quebec,Average weekly earnings including overtime for all employees,Finance and insurance,"$1,450.45", -2.4%,  3.7%,146.1
Nov 2022,Quebec,Average weekly earnings including overtime for all employees,Finance and insurance,"$1,475.05",  1.7%,  2.5%,148.5
Dec 2022,Quebec,Average weekly earnings including overtime for all employees,Finance and insurance,"$1,422.98", -3.5%, -5.3%,143.3
Jan 2023,Quebec,Average weekly earnings including overtime for all employees,Finance and insurance,"$1,484.26",  4.3%,  3.0%,149.5
Feb 2023,Quebec,Average weekly earnings including overtime for all employees,Finance and insurance,"$1,436.99", -3.2%, -2.1%,144.7
Mar 2023,Quebec,Average weekly earnings including overtime for all employees,Finance and insurance,"$1,462.58",  1.8%, -2.4%,147.3
Apr 2023,Quebec,Average weekly earnings including overtime for all employees,Finance and insurance,"$1,530.51",  4.6%,  7.6%,154.1
May 2023,Quebec,Average weekly earnings including overtime for all employees,Finance and insurance,"$1,571.20",  2.7%, 12.2%,158.2
Jun 2023,Quebec,Average weekly earnings including overtime for all employees,Finance and insurance,"$1,564.91", -0.4%,  8.2%,157.6
Jul 2023,Quebec,Average weekly earnings including overtime for all employees,Finance and insurance,"$1,560.17", -0.3%, 11.6%,157.1
Aug 2023,Quebec,Average weekly earnings including overtime for all employees,Finance and insurance,"$1,545.46", -0.9%,  5.8%,155.6
Sep 2023,Quebec,Average weekly earnings including overtime for all employees,Finance and insurance,"$1,537.52", -0.5%,  3.5%,154.8
Oct 2023,Quebec,Average weekly earnings including overtime for all employees,Finance and insurance,"$1,535.89", -0.1%,  5.9%,154.7
Nov 2023,Quebec,Average weekly earnings including overtime for all employees,Finance and insurance,"$1,561.16",  1.6%,  5.8%,157.2
Dec 2023,Quebec,Average weekly earnings including overtime for all employees,Finance and insurance,"$1,504.58", -3.6%,  5.7%,151.5
Jan 2024,Quebec,Average weekly earnings including overtime for all employees,Finance and insurance,"$1,504.39",  0.0%,  1.4%,151.5
Feb 2024,Quebec,Average weekly earnings including overtime for all employees,Finance and insurance,"$1,569.73",  4.3%,  9.2%,158.1
Mar 2024,Quebec,Average weekly earnings including overtime for all employees,Finance and insurance,"$1,515.32", -3.5%,  3.6%,152.6
Apr 2024,Quebec,Average weekly earnings including overtime for all employees,Finance and insurance,"$1,548.80",  2.2%,  1.2%,156.0
May 2024,Quebec,Average weekly earnings including overtime for all employees,Finance and insurance,"$1,580.91",  2.1%,  0.6%,159.2
Jun 2024,Quebec,Average weekly earnings including overtime for all employees,Finance and insurance,"$1,589.58",  0.5%,  1.6%,160.1
Jul 2024,Quebec,Average weekly earnings including overtime for all employees,Finance and insurance,"$1,659.96",  4.4%,  6.4%,167.2
Aug 2024,Quebec,Average weekly earnings including overtime for all employees,Finance and insurance,"$1,662.50",  0.2%,  7.6%,167.4
Sep 2024,Quebec,Average weekly earnings including overtime for all employees,Finance and insurance,"$1,663.65",  0.1%,  8.2%,167.5
Oct 2024,Quebec,Average weekly earnings including overtime for all employees,Finance and insurance,"$1,741.58",  4.7%, 13.4%,175.4
Jan 2011,Quebec,Average weekly earnings including overtime for all employees,Real estate and rental and leasing,$  654.52,  3.0%, -4.5%,100.0
Feb 2011,Quebec,Average weekly earnings including overtime for all employees,Real estate and rental and leasing,$  688.73,  5.2%,  3.0%,105.2
Mar 2011,Quebec,Average weekly earnings including overtime for all employees,Real estate and rental and leasing,$  672.32, -2.4%, -0.6%,102.7
Apr 2011,Quebec,Average weekly earnings including overtime for all employees,Real estate and rental and leasing,$  652.70, -2.9%, -4.4%, 99.7
May 2011,Quebec,Average weekly earnings including overtime for all employees,Real estate and rental and leasing,$  645.07, -1.2%, -5.3%, 98.6
Jun 2011,Quebec,Average weekly earnings including overtime for all employees,Real estate and rental and leasing,$  689.12,  6.8%,  6.7%,105.3
Jul 2011,Quebec,Average weekly earnings including overtime for all employees,Real estate and rental and leasing,$  691.46,  0.3%,  6.1%,105.6
Aug 2011,Quebec,Average weekly earnings including overtime for all employees,Real estate and rental and leasing,$  656.76, -5.0%, -2.3%,100.3
Sep 2011,Quebec,Average weekly earnings including overtime for all employees,Real estate and rental and leasing,$  663.58,  1.0%, -5.0%,101.4
Oct 2011,Quebec,Average weekly earnings including overtime for all employees,Real estate and rental and leasing,$  662.41, -0.2%, -1.4%,101.2
Nov 2011,Quebec,Average weekly earnings including overtime for all employees,Real estate and rental and leasing,$  682.01,  3.0%, -1.3%,104.2
Dec 2011,Quebec,Average weekly earnings including overtime for all employees,Real estate and rental and leasing,$  672.22, -1.4%,  5.7%,102.7
Jan 2012,Quebec,Average weekly earnings including overtime for all employees,Real estate and rental and leasing,$  681.52,  1.4%,  4.1%,104.1
Feb 2012,Quebec,Average weekly earnings including overtime for all employees,Real estate and rental and leasing,$  683.87,  0.3%, -0.7%,104.5
Mar 2012,Quebec,Average weekly earnings including overtime for all employees,Real estate and rental and leasing,$  705.22,  3.1%,  4.9%,107.7
Apr 2012,Quebec,Average weekly earnings including overtime for all employees,Real estate and rental and leasing,$  675.65, -4.2%,  3.5%,103.2
May 2012,Quebec,Average weekly earnings including overtime for all employees,Real estate and rental and leasing,$  704.76,  4.3%,  9.3%,107.7
Jun 2012,Quebec,Average weekly earnings including overtime for all employees,Real estate and rental and leasing,$  666.00, -5.5%, -3.4%,101.8
Jul 2012,Quebec,Average weekly earnings including overtime for all employees,Real estate and rental and leasing,$  667.68,  0.3%, -3.4%,102.0
Aug 2012,Quebec,Average weekly earnings including overtime for all employees,Real estate and rental and leasing,$  687.86,  3.0%,  4.7%,105.1
Sep 2012,Quebec,Average weekly earnings including overtime for all employees,Real estate and rental and leasing,$  694.05,  0.9%,  4.6%,106.0
Oct 2012,Quebec,Average weekly earnings including overtime for all employees,Real estate and rental and leasing,$  695.61,  0.2%,  5.0%,106.3
Nov 2012,Quebec,Average weekly earnings including overtime for all employees,Real estate and rental and leasing,$  684.05, -1.7%,  0.3%,104.5
Dec 2012,Quebec,Average weekly earnings including overtime for all employees,Real estate and rental and leasing,$  702.59,  2.7%,  4.5%,107.3
Jan 2013,Quebec,Average weekly earnings including overtime for all employees,Real estate and rental and leasing,$  669.59, -4.7%, -1.8%,102.3
Feb 2013,Quebec,Average weekly earnings including overtime for all employees,Real estate and rental and leasing,$  642.62, -4.0%, -6.0%, 98.2
Mar 2013,Quebec,Average weekly earnings including overtime for all employees,Real estate and rental and leasing,$  645.81,  0.5%, -8.4%, 98.7
Apr 2013,Quebec,Average weekly earnings including overtime for all employees,Real estate and rental and leasing,$  676.31,  4.7%,  0.1%,103.3
May 2013,Quebec,Average weekly earnings including overtime for all employees,Real estate and rental and leasing,$  734.58,  8.6%,  4.2%,112.2
Jun 2013,Quebec,Average weekly earnings including overtime for all employees,Real estate and rental and leasing,$  685.82, -6.6%,  3.0%,104.8
Jul 2013,Quebec,Average weekly earnings including overtime for all employees,Real estate and rental and leasing,$  693.37,  1.1%,  3.8%,105.9
Aug 2013,Quebec,Average weekly earnings including overtime for all employees,Real estate and rental and leasing,$  692.41, -0.1%,  0.7%,105.8
Sep 2013,Quebec,Average weekly earnings including overtime for all employees,Real estate and rental and leasing,$  692.62,  0.0%, -0.2%,105.8
Oct 2013,Quebec,Average weekly earnings including overtime for all employees,Real estate and rental and leasing,$  694.44,  0.3%, -0.2%,106.1
Nov 2013,Quebec,Average weekly earnings including overtime for all employees,Real estate and rental and leasing,$  683.66, -1.6%, -0.1%,104.5
Dec 2013,Quebec,Average weekly earnings including overtime for all employees,Real estate and rental and leasing,$  726.54,  6.3%,  3.4%,111.0
Jan 2014,Quebec,Average weekly earnings including overtime for all employees,Real estate and rental and leasing,$  710.76, -2.2%,  6.1%,108.6
Feb 2014,Quebec,Average weekly earnings including overtime for all employees,Real estate and rental and leasing,$  693.67, -2.4%,  7.9%,106.0
Mar 2014,Quebec,Average weekly earnings including overtime for all employees,Real estate and rental and leasing,$  718.67,  3.6%, 11.3%,109.8
Apr 2014,Quebec,Average weekly earnings including overtime for all employees,Real estate and rental and leasing,$  705.09, -1.9%,  4.3%,107.7
May 2014,Quebec,Average weekly earnings including overtime for all employees,Real estate and rental and leasing,$  687.34, -2.5%, -6.4%,105.0
Jun 2014,Quebec,Average weekly earnings including overtime for all employees,Real estate and rental and leasing,$  737.48,  7.3%,  7.5%,112.7
Jul 2014,Quebec,Average weekly earnings including overtime for all employees,Real estate and rental and leasing,$  740.70,  0.4%,  6.8%,113.2
Aug 2014,Quebec,Average weekly earnings including overtime for all employees,Real estate and rental and leasing,$  692.66, -6.5%,  0.0%,105.8
Sep 2014,Quebec,Average weekly earnings including overtime for all employees,Real estate and rental and leasing,$  702.91,  1.5%,  1.5%,107.4
Oct 2014,Quebec,Average weekly earnings including overtime for all employees,Real estate and rental and leasing,$  694.15, -1.2%,  0.0%,106.1
Nov 2014,Quebec,Average weekly earnings including overtime for all employees,Real estate and rental and leasing,$  712.76,  2.7%,  4.3%,108.9
Dec 2014,Quebec,Average weekly earnings including overtime for all employees,Real estate and rental and leasing,$  732.68,  2.8%,  0.8%,111.9
Jan 2015,Quebec,Average weekly earnings including overtime for all employees,Real estate and rental and leasing,$  726.11, -0.9%,  2.2%,110.9
Feb 2015,Quebec,Average weekly earnings including overtime for all employees,Real estate and rental and leasing,$  726.20,  0.0%,  4.7%,111.0
Mar 2015,Quebec,Average weekly earnings including overtime for all employees,Real estate and rental and leasing,$  690.59, -4.9%, -3.9%,105.5
Apr 2015,Quebec,Average weekly earnings including overtime for all employees,Real estate and rental and leasing,$  751.49,  8.8%,  6.6%,114.8
May 2015,Quebec,Average weekly earnings including overtime for all employees,Real estate and rental and leasing,$  692.10, -7.9%,  0.7%,105.7
Jun 2015,Quebec,Average weekly earnings including overtime for all employees,Real estate and rental and leasing,$  747.45,  8.0%,  1.4%,114.2
Jul 2015,Quebec,Average weekly earnings including overtime for all employees,Real estate and rental and leasing,$  742.88, -0.6%,  0.3%,113.5
Aug 2015,Quebec,Average weekly earnings including overtime for all employees,Real estate and rental and leasing,$  755.46,  1.7%,  9.1%,115.4
Sep 2015,Quebec,Average weekly earnings including overtime for all employees,Real estate and rental and leasing,$  731.27, -3.2%,  4.0%,111.7
Oct 2015,Quebec,Average weekly earnings including overtime for all employees,Real estate and rental and leasing,$  807.37, 10.4%, 16.3%,123.4
Nov 2015,Quebec,Average weekly earnings including overtime for all employees,Real estate and rental and leasing,$  727.32, -9.9%,  2.0%,111.1
Dec 2015,Quebec,Average weekly earnings including overtime for all employees,Real estate and rental and leasing,$  723.84, -0.5%, -1.2%,110.6
Jan 2016,Quebec,Average weekly earnings including overtime for all employees,Real estate and rental and leasing,$  792.94,  9.5%,  9.2%,121.1
Feb 2016,Quebec,Average weekly earnings including overtime for all employees,Real estate and rental and leasing,$  745.98, -5.9%,  2.7%,114.0
Mar 2016,Quebec,Average weekly earnings including overtime for all employees,Real estate and rental and leasing,$  785.66,  5.3%, 13.8%,120.0
Apr 2016,Quebec,Average weekly earnings including overtime for all employees,Real estate and rental and leasing,$  712.83, -9.3%, -5.1%,108.9
May 2016,Quebec,Average weekly earnings including overtime for all employees,Real estate and rental and leasing,$  766.82,  7.6%, 10.8%,117.2
Jun 2016,Quebec,Average weekly earnings including overtime for all employees,Real estate and rental and leasing,$  744.99, -2.8%, -0.3%,113.8
Jul 2016,Quebec,Average weekly earnings including overtime for all employees,Real estate and rental and leasing,$  774.74,  4.0%,  4.3%,118.4
Aug 2016,Quebec,Average weekly earnings including overtime for all employees,Real estate and rental and leasing,$  769.26, -0.7%,  1.8%,117.5
Sep 2016,Quebec,Average weekly earnings including overtime for all employees,Real estate and rental and leasing,$  793.96,  3.2%,  8.6%,121.3
Oct 2016,Quebec,Average weekly earnings including overtime for all employees,Real estate and rental and leasing,$  747.73, -5.8%, -7.4%,114.2
Nov 2016,Quebec,Average weekly earnings including overtime for all employees,Real estate and rental and leasing,$  793.74,  6.2%,  9.1%,121.3
Dec 2016,Quebec,Average weekly earnings including overtime for all employees,Real estate and rental and leasing,$  796.58,  0.4%, 10.0%,121.7
Jan 2017,Quebec,Average weekly earnings including overtime for all employees,Real estate and rental and leasing,$  792.00, -0.6%, -0.1%,121.0
Feb 2017,Quebec,Average weekly earnings including overtime for all employees,Real estate and rental and leasing,$  813.86,  2.8%,  9.1%,124.3
Mar 2017,Quebec,Average weekly earnings including overtime for all employees,Real estate and rental and leasing,$  756.86, -7.0%, -3.7%,115.6
Apr 2017,Quebec,Average weekly earnings including overtime for all employees,Real estate and rental and leasing,$  827.87,  9.4%, 16.1%,126.5
May 2017,Quebec,Average weekly earnings including overtime for all employees,Real estate and rental and leasing,$  816.26, -1.4%,  6.4%,124.7
Jun 2017,Quebec,Average weekly earnings including overtime for all employees,Real estate and rental and leasing,$  821.63,  0.7%, 10.3%,125.5
Jul 2017,Quebec,Average weekly earnings including overtime for all employees,Real estate and rental and leasing,$  797.82, -2.9%,  3.0%,121.9
Aug 2017,Quebec,Average weekly earnings including overtime for all employees,Real estate and rental and leasing,$  845.20,  5.9%,  9.9%,129.1
Sep 2017,Quebec,Average weekly earnings including overtime for all employees,Real estate and rental and leasing,$  860.74,  1.8%,  8.4%,131.5
Oct 2017,Quebec,Average weekly earnings including overtime for all employees,Real estate and rental and leasing,$  854.91, -0.7%, 14.3%,130.6
Nov 2017,Quebec,Average weekly earnings including overtime for all employees,Real estate and rental and leasing,$  867.82,  1.5%,  9.3%,132.6
Dec 2017,Quebec,Average weekly earnings including overtime for all employees,Real estate and rental and leasing,$  886.73,  2.2%, 11.3%,135.5
Jan 2018,Quebec,Average weekly earnings including overtime for all employees,Real estate and rental and leasing,$  808.48, -8.8%,  2.1%,123.5
Feb 2018,Quebec,Average weekly earnings including overtime for all employees,Real estate and rental and leasing,$  821.84,  1.7%,  1.0%,125.6
Mar 2018,Quebec,Average weekly earnings including overtime for all employees,Real estate and rental and leasing,$  854.32,  4.0%, 12.9%,130.5
Apr 2018,Quebec,Average weekly earnings including overtime for all employees,Real estate and rental and leasing,$  859.01,  0.5%,  3.8%,131.2
May 2018,Quebec,Average weekly earnings including overtime for all employees,Real estate and rental and leasing,$  818.83, -4.7%,  0.3%,125.1
Jun 2018,Quebec,Average weekly earnings including overtime for all employees,Real estate and rental and leasing,$  870.76,  6.3%,  6.0%,133.0
Jul 2018,Quebec,Average weekly earnings including overtime for all employees,Real estate and rental and leasing,$  822.00, -5.6%,  3.0%,125.6
Aug 2018,Quebec,Average weekly earnings including overtime for all employees,Real estate and rental and leasing,$  817.35, -0.6%, -3.3%,124.9
Sep 2018,Quebec,Average weekly earnings including overtime for all employees,Real estate and rental and leasing,$  827.99,  1.3%, -3.8%,126.5
Oct 2018,Quebec,Average weekly earnings including overtime for all employees,Real estate and rental and leasing,$  868.87,  4.9%,  1.6%,132.7
Nov 2018,Quebec,Average weekly earnings including overtime for all employees,Real estate and rental and leasing,$  877.96,  1.0%,  1.2%,134.1
Dec 2018,Quebec,Average weekly earnings including overtime for all employees,Real estate and rental and leasing,$  877.50, -0.1%, -1.0%,134.1
Jan 2019,Quebec,Average weekly earnings including overtime for all employees,Real estate and rental and leasing,$  865.95, -1.3%,  7.1%,132.3
Feb 2019,Quebec,Average weekly earnings including overtime for all employees,Real estate and rental and leasing,$  937.94,  8.3%, 14.1%,143.3
Mar 2019,Quebec,Average weekly earnings including overtime for all employees,Real estate and rental and leasing,$  920.92, -1.8%,  7.8%,140.7
Apr 2019,Quebec,Average weekly earnings including overtime for all employees,Real estate and rental and leasing,$  884.75, -3.9%,  3.0%,135.2
May 2019,Quebec,Average weekly earnings including overtime for all employees,Real estate and rental and leasing,$  881.23, -0.4%,  7.6%,134.6
Jun 2019,Quebec,Average weekly earnings including overtime for all employees,Real estate and rental and leasing,$  824.08, -6.5%, -5.4%,125.9
Jul 2019,Quebec,Average weekly earnings including overtime for all employees,Real estate and rental and leasing,$  868.19,  5.4%,  5.6%,132.6
Aug 2019,Quebec,Average weekly earnings including overtime for all employees,Real estate and rental and leasing,$  910.29,  4.8%, 11.4%,139.1
Sep 2019,Quebec,Average weekly earnings including overtime for all employees,Real estate and rental and leasing,$  885.83, -2.7%,  7.0%,135.3
Oct 2019,Quebec,Average weekly earnings including overtime for all employees,Real estate and rental and leasing,$  890.28,  0.5%,  2.5%,136.0
Nov 2019,Quebec,Average weekly earnings including overtime for all employees,Real estate and rental and leasing,$  935.19,  5.0%,  6.5%,142.9
Dec 2019,Quebec,Average weekly earnings including overtime for all employees,Real estate and rental and leasing,$  916.92, -2.0%,  4.5%,140.1
Jan 2020,Quebec,Average weekly earnings including overtime for all employees,Real estate and rental and leasing,$  890.19, -2.9%,  2.8%,136.0
Feb 2020,Quebec,Average weekly earnings including overtime for all employees,Real estate and rental and leasing,$  963.51,  8.2%,  2.7%,147.2
Mar 2020,Quebec,Average weekly earnings including overtime for all employees,Real estate and rental and leasing,$  991.23,  2.9%,  7.6%,151.4
Apr 2020,Quebec,Average weekly earnings including overtime for all employees,Real estate and rental and leasing,$  978.91, -1.2%, 10.6%,149.6
May 2020,Quebec,Average weekly earnings including overtime for all employees,Real estate and rental and leasing,"$1,020.46",  4.2%, 15.8%,155.9
Jun 2020,Quebec,Average weekly earnings including overtime for all employees,Real estate and rental and leasing,"$1,014.97", -0.5%, 23.2%,155.1
Jul 2020,Quebec,Average weekly earnings including overtime for all employees,Real estate and rental and leasing,"$1,053.34",  3.8%, 21.3%,160.9
Aug 2020,Quebec,Average weekly earnings including overtime for all employees,Real estate and rental and leasing,"$1,020.06", -3.2%, 12.1%,155.8
Sep 2020,Quebec,Average weekly earnings including overtime for all employees,Real estate and rental and leasing,$  982.14, -3.7%, 10.9%,150.1
Oct 2020,Quebec,Average weekly earnings including overtime for all employees,Real estate and rental and leasing,$  985.94,  0.4%, 10.7%,150.6
Nov 2020,Quebec,Average weekly earnings including overtime for all employees,Real estate and rental and leasing,$  985.06, -0.1%,  5.3%,150.5
Dec 2020,Quebec,Average weekly earnings including overtime for all employees,Real estate and rental and leasing,$  962.81, -2.3%,  5.0%,147.1
Jan 2021,Quebec,Average weekly earnings including overtime for all employees,Real estate and rental and leasing,"$1,073.30", 11.5%, 20.6%,164.0
Feb 2021,Quebec,Average weekly earnings including overtime for all employees,Real estate and rental and leasing,"$1,054.56", -1.7%,  9.4%,161.1
Mar 2021,Quebec,Average weekly earnings including overtime for all employees,Real estate and rental and leasing,"$1,075.70",  2.0%,  8.5%,164.3
Apr 2021,Quebec,Average weekly earnings including overtime for all employees,Real estate and rental and leasing,"$1,122.61",  4.4%, 14.7%,171.5
May 2021,Quebec,Average weekly earnings including overtime for all employees,Real estate and rental and leasing,"$1,107.82", -1.3%,  8.6%,169.3
Jun 2021,Quebec,Average weekly earnings including overtime for all employees,Real estate and rental and leasing,"$1,182.31",  6.7%, 16.5%,180.6
Jul 2021,Quebec,Average weekly earnings including overtime for all employees,Real estate and rental and leasing,"$1,057.28",-10.6%,  0.4%,161.5
Aug 2021,Quebec,Average weekly earnings including overtime for all employees,Real estate and rental and leasing,"$1,052.43", -0.5%,  3.2%,160.8
Sep 2021,Quebec,Average weekly earnings including overtime for all employees,Real estate and rental and leasing,"$1,127.17",  7.1%, 14.8%,172.2
Oct 2021,Quebec,Average weekly earnings including overtime for all employees,Real estate and rental and leasing,"$1,069.91", -5.1%,  8.5%,163.5
Nov 2021,Quebec,Average weekly earnings including overtime for all employees,Real estate and rental and leasing,"$1,061.40", -0.8%,  7.7%,162.2
Dec 2021,Quebec,Average weekly earnings including overtime for all employees,Real estate and rental and leasing,"$1,056.68", -0.4%,  9.7%,161.4
Jan 2022,Quebec,Average weekly earnings including overtime for all employees,Real estate and rental and leasing,"$1,110.60",  5.1%,  3.5%,169.7
Feb 2022,Quebec,Average weekly earnings including overtime for all employees,Real estate and rental and leasing,"$1,047.09", -5.7%, -0.7%,160.0
Mar 2022,Quebec,Average weekly earnings including overtime for all employees,Real estate and rental and leasing,"$1,073.75",  2.5%, -0.2%,164.1
Apr 2022,Quebec,Average weekly earnings including overtime for all employees,Real estate and rental and leasing,"$1,054.07", -1.8%, -6.1%,161.0
May 2022,Quebec,Average weekly earnings including overtime for all employees,Real estate and rental and leasing,"$1,121.58",  6.4%,  1.2%,171.4
Jun 2022,Quebec,Average weekly earnings including overtime for all employees,Real estate and rental and leasing,"$1,105.66", -1.4%, -6.5%,168.9
Jul 2022,Quebec,Average weekly earnings including overtime for all employees,Real estate and rental and leasing,"$1,126.54",  1.9%,  6.6%,172.1
Aug 2022,Quebec,Average weekly earnings including overtime for all employees,Real estate and rental and leasing,"$1,143.73",  1.5%,  8.7%,174.7
Sep 2022,Quebec,Average weekly earnings including overtime for all employees,Real estate and rental and leasing,"$1,124.99", -1.6%, -0.2%,171.9
Oct 2022,Quebec,Average weekly earnings including overtime for all employees,Real estate and rental and leasing,"$1,137.56",  1.1%,  6.3%,173.8
Nov 2022,Quebec,Average weekly earnings including overtime for all employees,Real estate and rental and leasing,"$1,160.76",  2.0%,  9.4%,177.3
Dec 2022,Quebec,Average weekly earnings including overtime for all employees,Real estate and rental and leasing,"$1,158.11", -0.2%,  9.6%,176.9
Jan 2023,Quebec,Average weekly earnings including overtime for all employees,Real estate and rental and leasing,"$1,099.84", -5.0%, -1.0%,168.0
Feb 2023,Quebec,Average weekly earnings including overtime for all employees,Real estate and rental and leasing,"$1,141.17",  3.8%,  9.0%,174.4
Mar 2023,Quebec,Average weekly earnings including overtime for all employees,Real estate and rental and leasing,"$1,111.56", -2.6%,  3.5%,169.8
Apr 2023,Quebec,Average weekly earnings including overtime for all employees,Real estate and rental and leasing,"$1,122.11",  0.9%,  6.5%,171.4
May 2023,Quebec,Average weekly earnings including overtime for all employees,Real estate and rental and leasing,"$1,085.43", -3.3%, -3.2%,165.8
Jun 2023,Quebec,Average weekly earnings including overtime for all employees,Real estate and rental and leasing,"$1,097.63",  1.1%, -0.7%,167.7
Jul 2023,Quebec,Average weekly earnings including overtime for all employees,Real estate and rental and leasing,"$1,107.93",  0.9%, -1.7%,169.3
Aug 2023,Quebec,Average weekly earnings including overtime for all employees,Real estate and rental and leasing,"$1,117.56",  0.9%, -2.3%,170.7
Sep 2023,Quebec,Average weekly earnings including overtime for all employees,Real estate and rental and leasing,"$1,142.48",  2.2%,  1.6%,174.6
Oct 2023,Quebec,Average weekly earnings including overtime for all employees,Real estate and rental and leasing,"$1,165.74",  2.0%,  2.5%,178.1
Nov 2023,Quebec,Average weekly earnings including overtime for all employees,Real estate and rental and leasing,"$1,119.51", -4.0%, -3.6%,171.0
Dec 2023,Quebec,Average weekly earnings including overtime for all employees,Real estate and rental and leasing,"$1,170.95",  4.6%,  1.1%,178.9
Jan 2024,Quebec,Average weekly earnings including overtime for all employees,Real estate and rental and leasing,"$1,163.64", -0.6%,  5.8%,177.8
Feb 2024,Quebec,Average weekly earnings including overtime for all employees,Real estate and rental and leasing,"$1,128.97", -3.0%, -1.1%,172.5
Mar 2024,Quebec,Average weekly earnings including overtime for all employees,Real estate and rental and leasing,"$1,158.26",  2.6%,  4.2%,177.0
Apr 2024,Quebec,Average weekly earnings including overtime for all employees,Real estate and rental and leasing,"$1,110.13", -4.2%, -1.1%,169.6
May 2024,Quebec,Average weekly earnings including overtime for all employees,Real estate and rental and leasing,"$1,102.54", -0.7%,  1.6%,168.5
Jun 2024,Quebec,Average weekly earnings including overtime for all employees,Real estate and rental and leasing,"$1,157.77",  5.0%,  5.5%,176.9
Jul 2024,Quebec,Average weekly earnings including overtime for all employees,Real estate and rental and leasing,"$1,118.34", -3.4%,  0.9%,170.9
Aug 2024,Quebec,Average weekly earnings including overtime for all employees,Real estate and rental and leasing,"$1,140.50",  2.0%,  2.1%,174.2
Sep 2024,Quebec,Average weekly earnings including overtime for all employees,Real estate and rental and leasing,"$1,123.65", -1.5%, -1.6%,171.7
Oct 2024,Quebec,Average weekly earnings including overtime for all employees,Real estate and rental and leasing,"$1,117.33", -0.6%, -4.2%,170.7
Jan 2011,Quebec,Average weekly earnings including overtime for all employees,"Professional, scientific and technical services","$1,115.54", -1.4%,  1.3%,100.0
Feb 2011,Quebec,Average weekly earnings including overtime for all employees,"Professional, scientific and technical services","$1,159.86",  4.0%,  5.8%,104.0
Mar 2011,Quebec,Average weekly earnings including overtime for all employees,"Professional, scientific and technical services","$1,074.56", -7.4%, -2.4%, 96.3
Apr 2011,Quebec,Average weekly earnings including overtime for all employees,"Professional, scientific and technical services","$1,098.23",  2.2%,  1.7%, 98.4
May 2011,Quebec,Average weekly earnings including overtime for all employees,"Professional, scientific and technical services","$1,105.95",  0.7%,  0.5%, 99.1
Jun 2011,Quebec,Average weekly earnings including overtime for all employees,"Professional, scientific and technical services","$1,124.46",  1.7%,  0.3%,100.8
Jul 2011,Quebec,Average weekly earnings including overtime for all employees,"Professional, scientific and technical services","$1,099.57", -2.2%,  1.0%, 98.6
Aug 2011,Quebec,Average weekly earnings including overtime for all employees,"Professional, scientific and technical services","$1,089.69", -0.9%, -0.2%, 97.7
Sep 2011,Quebec,Average weekly earnings including overtime for all employees,"Professional, scientific and technical services","$1,110.62",  1.9%,  1.2%, 99.6
Oct 2011,Quebec,Average weekly earnings including overtime for all employees,"Professional, scientific and technical services","$1,134.90",  2.2%,  2.4%,101.7
Nov 2011,Quebec,Average weekly earnings including overtime for all employees,"Professional, scientific and technical services","$1,126.24", -0.8%,  0.4%,101.0
Dec 2011,Quebec,Average weekly earnings including overtime for all employees,"Professional, scientific and technical services","$1,102.01", -2.2%, -2.6%, 98.8
Jan 2012,Quebec,Average weekly earnings including overtime for all employees,"Professional, scientific and technical services","$1,123.69",  2.0%,  0.7%,100.7
Feb 2012,Quebec,Average weekly earnings including overtime for all employees,"Professional, scientific and technical services","$1,110.90", -1.1%, -4.2%, 99.6
Mar 2012,Quebec,Average weekly earnings including overtime for all employees,"Professional, scientific and technical services","$1,129.07",  1.6%,  5.1%,101.2
Apr 2012,Quebec,Average weekly earnings including overtime for all employees,"Professional, scientific and technical services","$1,152.82",  2.1%,  5.0%,103.3
May 2012,Quebec,Average weekly earnings including overtime for all employees,"Professional, scientific and technical services","$1,138.73", -1.2%,  3.0%,102.1
Jun 2012,Quebec,Average weekly earnings including overtime for all employees,"Professional, scientific and technical services","$1,133.69", -0.4%,  0.8%,101.6
Jul 2012,Quebec,Average weekly earnings including overtime for all employees,"Professional, scientific and technical services","$1,178.55",  4.0%,  7.2%,105.6
Aug 2012,Quebec,Average weekly earnings including overtime for all employees,"Professional, scientific and technical services","$1,193.93",  1.3%,  9.6%,107.0
Sep 2012,Quebec,Average weekly earnings including overtime for all employees,"Professional, scientific and technical services","$1,167.56", -2.2%,  5.1%,104.7
Oct 2012,Quebec,Average weekly earnings including overtime for all employees,"Professional, scientific and technical services","$1,169.82",  0.2%,  3.1%,104.9
Nov 2012,Quebec,Average weekly earnings including overtime for all employees,"Professional, scientific and technical services","$1,166.38", -0.3%,  3.6%,104.6
Dec 2012,Quebec,Average weekly earnings including overtime for all employees,"Professional, scientific and technical services","$1,149.76", -1.4%,  4.3%,103.1
Jan 2013,Quebec,Average weekly earnings including overtime for all employees,"Professional, scientific and technical services","$1,141.64", -0.7%,  1.6%,102.3
Feb 2013,Quebec,Average weekly earnings including overtime for all employees,"Professional, scientific and technical services","$1,159.37",  1.6%,  4.4%,103.9
Mar 2013,Quebec,Average weekly earnings including overtime for all employees,"Professional, scientific and technical services","$1,137.54", -1.9%,  0.8%,102.0
Apr 2013,Quebec,Average weekly earnings including overtime for all employees,"Professional, scientific and technical services","$1,169.84",  2.8%,  1.5%,104.9
May 2013,Quebec,Average weekly earnings including overtime for all employees,"Professional, scientific and technical services","$1,130.51", -3.4%, -0.7%,101.3
Jun 2013,Quebec,Average weekly earnings including overtime for all employees,"Professional, scientific and technical services","$1,137.40",  0.6%,  0.3%,102.0
Jul 2013,Quebec,Average weekly earnings including overtime for all employees,"Professional, scientific and technical services","$1,171.91",  3.0%, -0.6%,105.1
Aug 2013,Quebec,Average weekly earnings including overtime for all employees,"Professional, scientific and technical services","$1,158.80", -1.1%, -2.9%,103.9
Sep 2013,Quebec,Average weekly earnings including overtime for all employees,"Professional, scientific and technical services","$1,191.46",  2.8%,  2.0%,106.8
Oct 2013,Quebec,Average weekly earnings including overtime for all employees,"Professional, scientific and technical services","$1,192.15",  0.1%,  1.9%,106.9
Nov 2013,Quebec,Average weekly earnings including overtime for all employees,"Professional, scientific and technical services","$1,174.67", -1.5%,  0.7%,105.3
Dec 2013,Quebec,Average weekly earnings including overtime for all employees,"Professional, scientific and technical services","$1,195.24",  1.8%,  4.0%,107.1
Jan 2014,Quebec,Average weekly earnings including overtime for all employees,"Professional, scientific and technical services","$1,167.92", -2.3%,  2.3%,104.7
Feb 2014,Quebec,Average weekly earnings including overtime for all employees,"Professional, scientific and technical services","$1,178.69",  0.9%,  1.7%,105.7
Mar 2014,Quebec,Average weekly earnings including overtime for all employees,"Professional, scientific and technical services","$1,168.33", -0.9%,  2.7%,104.7
Apr 2014,Quebec,Average weekly earnings including overtime for all employees,"Professional, scientific and technical services","$1,172.66",  0.4%,  0.2%,105.1
May 2014,Quebec,Average weekly earnings including overtime for all employees,"Professional, scientific and technical services","$1,194.92",  1.9%,  5.7%,107.1
Jun 2014,Quebec,Average weekly earnings including overtime for all employees,"Professional, scientific and technical services","$1,200.05",  0.4%,  5.5%,107.6
Jul 2014,Quebec,Average weekly earnings including overtime for all employees,"Professional, scientific and technical services","$1,188.33", -1.0%,  1.4%,106.5
Aug 2014,Quebec,Average weekly earnings including overtime for all employees,"Professional, scientific and technical services","$1,221.86",  2.8%,  5.4%,109.5
Sep 2014,Quebec,Average weekly earnings including overtime for all employees,"Professional, scientific and technical services","$1,184.16", -3.1%, -0.6%,106.2
Oct 2014,Quebec,Average weekly earnings including overtime for all employees,"Professional, scientific and technical services","$1,233.05",  4.1%,  3.4%,110.5
Nov 2014,Quebec,Average weekly earnings including overtime for all employees,"Professional, scientific and technical services","$1,198.63", -2.8%,  2.0%,107.4
Dec 2014,Quebec,Average weekly earnings including overtime for all employees,"Professional, scientific and technical services","$1,223.74",  2.1%,  2.4%,109.7
Jan 2015,Quebec,Average weekly earnings including overtime for all employees,"Professional, scientific and technical services","$1,223.01", -0.1%,  4.7%,109.6
Feb 2015,Quebec,Average weekly earnings including overtime for all employees,"Professional, scientific and technical services","$1,220.18", -0.2%,  3.5%,109.4
Mar 2015,Quebec,Average weekly earnings including overtime for all employees,"Professional, scientific and technical services","$1,237.05",  1.4%,  5.9%,110.9
Apr 2015,Quebec,Average weekly earnings including overtime for all employees,"Professional, scientific and technical services","$1,257.09",  1.6%,  7.2%,112.7
May 2015,Quebec,Average weekly earnings including overtime for all employees,"Professional, scientific and technical services","$1,247.26", -0.8%,  4.4%,111.8
Jun 2015,Quebec,Average weekly earnings including overtime for all employees,"Professional, scientific and technical services","$1,213.85", -2.7%,  1.1%,108.8
Jul 2015,Quebec,Average weekly earnings including overtime for all employees,"Professional, scientific and technical services","$1,238.39",  2.0%,  4.2%,111.0
Aug 2015,Quebec,Average weekly earnings including overtime for all employees,"Professional, scientific and technical services","$1,212.95", -2.1%, -0.7%,108.7
Sep 2015,Quebec,Average weekly earnings including overtime for all employees,"Professional, scientific and technical services","$1,253.88",  3.4%,  5.9%,112.4
Oct 2015,Quebec,Average weekly earnings including overtime for all employees,"Professional, scientific and technical services","$1,215.17", -3.1%, -1.5%,108.9
Nov 2015,Quebec,Average weekly earnings including overtime for all employees,"Professional, scientific and technical services","$1,235.23",  1.7%,  3.1%,110.7
Dec 2015,Quebec,Average weekly earnings including overtime for all employees,"Professional, scientific and technical services","$1,195.51", -3.2%, -2.3%,107.2
Jan 2016,Quebec,Average weekly earnings including overtime for all employees,"Professional, scientific and technical services","$1,252.12",  4.7%,  2.4%,112.2
Feb 2016,Quebec,Average weekly earnings including overtime for all employees,"Professional, scientific and technical services","$1,227.14", -2.0%,  0.6%,110.0
Mar 2016,Quebec,Average weekly earnings including overtime for all employees,"Professional, scientific and technical services","$1,238.11",  0.9%,  0.1%,111.0
Apr 2016,Quebec,Average weekly earnings including overtime for all employees,"Professional, scientific and technical services","$1,246.75",  0.7%, -0.8%,111.8
May 2016,Quebec,Average weekly earnings including overtime for all employees,"Professional, scientific and technical services","$1,233.73", -1.0%, -1.1%,110.6
Jun 2016,Quebec,Average weekly earnings including overtime for all employees,"Professional, scientific and technical services","$1,211.74", -1.8%, -0.2%,108.6
Jul 2016,Quebec,Average weekly earnings including overtime for all employees,"Professional, scientific and technical services","$1,232.99",  1.8%, -0.4%,110.5
Aug 2016,Quebec,Average weekly earnings including overtime for all employees,"Professional, scientific and technical services","$1,228.62", -0.4%,  1.3%,110.1
Sep 2016,Quebec,Average weekly earnings including overtime for all employees,"Professional, scientific and technical services","$1,195.91", -2.7%, -4.6%,107.2
Oct 2016,Quebec,Average weekly earnings including overtime for all employees,"Professional, scientific and technical services","$1,215.16",  1.6%,  0.0%,108.9
Nov 2016,Quebec,Average weekly earnings including overtime for all employees,"Professional, scientific and technical services","$1,223.18",  0.7%, -1.0%,109.6
Dec 2016,Quebec,Average weekly earnings including overtime for all employees,"Professional, scientific and technical services","$1,243.22",  1.6%,  4.0%,111.4
Jan 2017,Quebec,Average weekly earnings including overtime for all employees,"Professional, scientific and technical services","$1,232.85", -0.8%, -1.5%,110.5
Feb 2017,Quebec,Average weekly earnings including overtime for all employees,"Professional, scientific and technical services","$1,243.43",  0.9%,  1.3%,111.5
Mar 2017,Quebec,Average weekly earnings including overtime for all employees,"Professional, scientific and technical services","$1,270.75",  2.2%,  2.6%,113.9
Apr 2017,Quebec,Average weekly earnings including overtime for all employees,"Professional, scientific and technical services","$1,232.80", -3.0%, -1.1%,110.5
May 2017,Quebec,Average weekly earnings including overtime for all employees,"Professional, scientific and technical services","$1,266.17",  2.7%,  2.6%,113.5
Jun 2017,Quebec,Average weekly earnings including overtime for all employees,"Professional, scientific and technical services","$1,287.86",  1.7%,  6.3%,115.4
Jul 2017,Quebec,Average weekly earnings including overtime for all employees,"Professional, scientific and technical services","$1,270.74", -1.3%,  3.1%,113.9
Aug 2017,Quebec,Average weekly earnings including overtime for all employees,"Professional, scientific and technical services","$1,243.71", -2.1%,  1.2%,111.5
Sep 2017,Quebec,Average weekly earnings including overtime for all employees,"Professional, scientific and technical services","$1,276.08",  2.6%,  6.7%,114.4
Oct 2017,Quebec,Average weekly earnings including overtime for all employees,"Professional, scientific and technical services","$1,263.17", -1.0%,  4.0%,113.2
Nov 2017,Quebec,Average weekly earnings including overtime for all employees,"Professional, scientific and technical services","$1,310.60",  3.8%,  7.1%,117.5
Dec 2017,Quebec,Average weekly earnings including overtime for all employees,"Professional, scientific and technical services","$1,324.45",  1.1%,  6.5%,118.7
Jan 2018,Quebec,Average weekly earnings including overtime for all employees,"Professional, scientific and technical services","$1,291.33", -2.5%,  4.7%,115.8
Feb 2018,Quebec,Average weekly earnings including overtime for all employees,"Professional, scientific and technical services","$1,311.56",  1.6%,  5.5%,117.6
Mar 2018,Quebec,Average weekly earnings including overtime for all employees,"Professional, scientific and technical services","$1,320.57",  0.7%,  3.9%,118.4
Apr 2018,Quebec,Average weekly earnings including overtime for all employees,"Professional, scientific and technical services","$1,261.94", -4.4%,  2.4%,113.1
May 2018,Quebec,Average weekly earnings including overtime for all employees,"Professional, scientific and technical services","$1,282.40",  1.6%,  1.3%,115.0
Jun 2018,Quebec,Average weekly earnings including overtime for all employees,"Professional, scientific and technical services","$1,264.82", -1.4%, -1.8%,113.4
Jul 2018,Quebec,Average weekly earnings including overtime for all employees,"Professional, scientific and technical services","$1,291.59",  2.1%,  1.6%,115.8
Aug 2018,Quebec,Average weekly earnings including overtime for all employees,"Professional, scientific and technical services","$1,313.33",  1.7%,  5.6%,117.7
Sep 2018,Quebec,Average weekly earnings including overtime for all employees,"Professional, scientific and technical services","$1,296.51", -1.3%,  1.6%,116.2
Oct 2018,Quebec,Average weekly earnings including overtime for all employees,"Professional, scientific and technical services","$1,323.15",  2.1%,  4.7%,118.6
Nov 2018,Quebec,Average weekly earnings including overtime for all employees,"Professional, scientific and technical services","$1,290.79", -2.4%, -1.5%,115.7
Dec 2018,Quebec,Average weekly earnings including overtime for all employees,"Professional, scientific and technical services","$1,334.28",  3.4%,  0.7%,119.6
Jan 2019,Quebec,Average weekly earnings including overtime for all employees,"Professional, scientific and technical services","$1,344.08",  0.7%,  4.1%,120.5
Feb 2019,Quebec,Average weekly earnings including overtime for all employees,"Professional, scientific and technical services","$1,348.83",  0.4%,  2.8%,120.9
Mar 2019,Quebec,Average weekly earnings including overtime for all employees,"Professional, scientific and technical services","$1,362.56",  1.0%,  3.2%,122.1
Apr 2019,Quebec,Average weekly earnings including overtime for all employees,"Professional, scientific and technical services","$1,376.20",  1.0%,  9.1%,123.4
May 2019,Quebec,Average weekly earnings including overtime for all employees,"Professional, scientific and technical services","$1,302.89", -5.3%,  1.6%,116.8
Jun 2019,Quebec,Average weekly earnings including overtime for all employees,"Professional, scientific and technical services","$1,346.37",  3.3%,  6.4%,120.7
Jul 2019,Quebec,Average weekly earnings including overtime for all employees,"Professional, scientific and technical services","$1,301.43", -3.3%,  0.8%,116.7
Aug 2019,Quebec,Average weekly earnings including overtime for all employees,"Professional, scientific and technical services","$1,342.98",  3.2%,  2.3%,120.4
Sep 2019,Quebec,Average weekly earnings including overtime for all employees,"Professional, scientific and technical services","$1,386.99",  3.3%,  7.0%,124.3
Oct 2019,Quebec,Average weekly earnings including overtime for all employees,"Professional, scientific and technical services","$1,340.72", -3.3%,  1.3%,120.2
Nov 2019,Quebec,Average weekly earnings including overtime for all employees,"Professional, scientific and technical services","$1,387.10",  3.5%,  7.5%,124.3
Dec 2019,Quebec,Average weekly earnings including overtime for all employees,"Professional, scientific and technical services","$1,390.66",  0.3%,  4.2%,124.7
Jan 2020,Quebec,Average weekly earnings including overtime for all employees,"Professional, scientific and technical services","$1,390.59",  0.0%,  3.5%,124.7
Feb 2020,Quebec,Average weekly earnings including overtime for all employees,"Professional, scientific and technical services","$1,377.56", -0.9%,  2.1%,123.5
Mar 2020,Quebec,Average weekly earnings including overtime for all employees,"Professional, scientific and technical services","$1,365.07", -0.9%,  0.2%,122.4
Apr 2020,Quebec,Average weekly earnings including overtime for all employees,"Professional, scientific and technical services","$1,358.39", -0.5%, -1.3%,121.8
May 2020,Quebec,Average weekly earnings including overtime for all employees,"Professional, scientific and technical services","$1,420.75",  4.6%,  9.0%,127.4
Jun 2020,Quebec,Average weekly earnings including overtime for all employees,"Professional, scientific and technical services","$1,386.87", -2.4%,  3.0%,124.3
Jul 2020,Quebec,Average weekly earnings including overtime for all employees,"Professional, scientific and technical services","$1,385.66", -0.1%,  6.5%,124.2
Aug 2020,Quebec,Average weekly earnings including overtime for all employees,"Professional, scientific and technical services","$1,422.53",  2.7%,  5.9%,127.5
Sep 2020,Quebec,Average weekly earnings including overtime for all employees,"Professional, scientific and technical services","$1,404.43", -1.3%,  1.3%,125.9
Oct 2020,Quebec,Average weekly earnings including overtime for all employees,"Professional, scientific and technical services","$1,447.33",  3.1%,  8.0%,129.7
Nov 2020,Quebec,Average weekly earnings including overtime for all employees,"Professional, scientific and technical services","$1,413.42", -2.3%,  1.9%,126.7
Dec 2020,Quebec,Average weekly earnings including overtime for all employees,"Professional, scientific and technical services","$1,418.43",  0.4%,  2.0%,127.2
Jan 2021,Quebec,Average weekly earnings including overtime for all employees,"Professional, scientific and technical services","$1,405.28", -0.9%,  1.1%,126.0
Feb 2021,Quebec,Average weekly earnings including overtime for all employees,"Professional, scientific and technical services","$1,420.30",  1.1%,  3.1%,127.3
Mar 2021,Quebec,Average weekly earnings including overtime for all employees,"Professional, scientific and technical services","$1,402.78", -1.2%,  2.8%,125.7
Apr 2021,Quebec,Average weekly earnings including overtime for all employees,"Professional, scientific and technical services","$1,454.16",  3.7%,  7.1%,130.4
May 2021,Quebec,Average weekly earnings including overtime for all employees,"Professional, scientific and technical services","$1,448.55", -0.4%,  2.0%,129.9
Jun 2021,Quebec,Average weekly earnings including overtime for all employees,"Professional, scientific and technical services","$1,439.92", -0.6%,  3.8%,129.1
Jul 2021,Quebec,Average weekly earnings including overtime for all employees,"Professional, scientific and technical services","$1,452.47",  0.9%,  4.8%,130.2
Aug 2021,Quebec,Average weekly earnings including overtime for all employees,"Professional, scientific and technical services","$1,440.11", -0.9%,  1.2%,129.1
Sep 2021,Quebec,Average weekly earnings including overtime for all employees,"Professional, scientific and technical services","$1,452.16",  0.8%,  3.4%,130.2
Oct 2021,Quebec,Average weekly earnings including overtime for all employees,"Professional, scientific and technical services","$1,451.83",  0.0%,  0.3%,130.1
Nov 2021,Quebec,Average weekly earnings including overtime for all employees,"Professional, scientific and technical services","$1,491.06",  2.7%,  5.5%,133.7
Dec 2021,Quebec,Average weekly earnings including overtime for all employees,"Professional, scientific and technical services","$1,479.18", -0.8%,  4.3%,132.6
Jan 2022,Quebec,Average weekly earnings including overtime for all employees,"Professional, scientific and technical services","$1,493.33",  1.0%,  6.3%,133.9
Feb 2022,Quebec,Average weekly earnings including overtime for all employees,"Professional, scientific and technical services","$1,514.00",  1.4%,  6.6%,135.7
Mar 2022,Quebec,Average weekly earnings including overtime for all employees,"Professional, scientific and technical services","$1,533.99",  1.3%,  9.4%,137.5
Apr 2022,Quebec,Average weekly earnings including overtime for all employees,"Professional, scientific and technical services","$1,558.64",  1.6%,  7.2%,139.7
May 2022,Quebec,Average weekly earnings including overtime for all employees,"Professional, scientific and technical services","$1,551.77", -0.4%,  7.1%,139.1
Jun 2022,Quebec,Average weekly earnings including overtime for all employees,"Professional, scientific and technical services","$1,579.20",  1.8%,  9.7%,141.6
Jul 2022,Quebec,Average weekly earnings including overtime for all employees,"Professional, scientific and technical services","$1,600.11",  1.3%, 10.2%,143.4
Aug 2022,Quebec,Average weekly earnings including overtime for all employees,"Professional, scientific and technical services","$1,565.85", -2.1%,  8.7%,140.4
Sep 2022,Quebec,Average weekly earnings including overtime for all employees,"Professional, scientific and technical services","$1,553.41", -0.8%,  7.0%,139.3
Oct 2022,Quebec,Average weekly earnings including overtime for all employees,"Professional, scientific and technical services","$1,550.27", -0.2%,  6.8%,139.0
Nov 2022,Quebec,Average weekly earnings including overtime for all employees,"Professional, scientific and technical services","$1,541.95", -0.5%,  3.4%,138.2
Dec 2022,Quebec,Average weekly earnings including overtime for all employees,"Professional, scientific and technical services","$1,556.17",  0.9%,  5.2%,139.5
Jan 2023,Quebec,Average weekly earnings including overtime for all employees,"Professional, scientific and technical services","$1,600.69",  2.9%,  7.2%,143.5
Feb 2023,Quebec,Average weekly earnings including overtime for all employees,"Professional, scientific and technical services","$1,583.44", -1.1%,  4.6%,141.9
Mar 2023,Quebec,Average weekly earnings including overtime for all employees,"Professional, scientific and technical services","$1,610.90",  1.7%,  5.0%,144.4
Apr 2023,Quebec,Average weekly earnings including overtime for all employees,"Professional, scientific and technical services","$1,603.04", -0.5%,  2.8%,143.7
May 2023,Quebec,Average weekly earnings including overtime for all employees,"Professional, scientific and technical services","$1,620.52",  1.1%,  4.4%,145.3
Jun 2023,Quebec,Average weekly earnings including overtime for all employees,"Professional, scientific and technical services","$1,659.27",  2.4%,  5.1%,148.7
Jul 2023,Quebec,Average weekly earnings including overtime for all employees,"Professional, scientific and technical services","$1,668.22",  0.5%,  4.3%,149.5
Aug 2023,Quebec,Average weekly earnings including overtime for all employees,"Professional, scientific and technical services","$1,678.38",  0.6%,  7.2%,150.5
Sep 2023,Quebec,Average weekly earnings including overtime for all employees,"Professional, scientific and technical services","$1,678.16",  0.0%,  8.0%,150.4
Oct 2023,Quebec,Average weekly earnings including overtime for all employees,"Professional, scientific and technical services","$1,677.92",  0.0%,  8.2%,150.4
Nov 2023,Quebec,Average weekly earnings including overtime for all employees,"Professional, scientific and technical services","$1,689.69",  0.7%,  9.6%,151.5
Dec 2023,Quebec,Average weekly earnings including overtime for all employees,"Professional, scientific and technical services","$1,675.20", -0.9%,  7.6%,150.2
Jan 2024,Quebec,Average weekly earnings including overtime for all employees,"Professional, scientific and technical services","$1,641.08", -2.0%,  2.5%,147.1
Feb 2024,Quebec,Average weekly earnings including overtime for all employees,"Professional, scientific and technical services","$1,652.23",  0.7%,  4.3%,148.1
Mar 2024,Quebec,Average weekly earnings including overtime for all employees,"Professional, scientific and technical services","$1,664.55",  0.7%,  3.3%,149.2
Apr 2024,Quebec,Average weekly earnings including overtime for all employees,"Professional, scientific and technical services","$1,662.41", -0.1%,  3.7%,149.0
May 2024,Quebec,Average weekly earnings including overtime for all employees,"Professional, scientific and technical services","$1,739.00",  4.6%,  7.3%,155.9
Jun 2024,Quebec,Average weekly earnings including overtime for all employees,"Professional, scientific and technical services","$1,660.70", -4.5%,  0.1%,148.9
Jul 2024,Quebec,Average weekly earnings including overtime for all employees,"Professional, scientific and technical services","$1,713.16",  3.2%,  2.7%,153.6
Aug 2024,Quebec,Average weekly earnings including overtime for all employees,"Professional, scientific and technical services","$1,720.90",  0.5%,  2.5%,154.3
Sep 2024,Quebec,Average weekly earnings including overtime for all employees,"Professional, scientific and technical services","$1,740.70",  1.2%,  3.7%,156.0
Oct 2024,Quebec,Average weekly earnings including overtime for all employees,"Professional, scientific and technical services","$1,798.74",  3.3%,  7.2%,161.2
Jan 2011,Quebec,Average weekly earnings including overtime for all employees,Management of companies and enterprises,"$1,047.47", -1.0%, -6.0%,100.0
Feb 2011,Quebec,Average weekly earnings including overtime for all employees,Management of companies and enterprises,"$1,078.98",  3.0%, -1.4%,103.0
Mar 2011,Quebec,Average weekly earnings including overtime for all employees,Management of companies and enterprises,$  981.75, -9.0%,-10.2%, 93.7
Apr 2011,Quebec,Average weekly earnings including overtime for all employees,Management of companies and enterprises,$  985.71,  0.4%,-10.9%, 94.1
May 2011,Quebec,Average weekly earnings including overtime for all employees,Management of companies and enterprises,"$1,006.45",  2.1%, -2.0%, 96.1
Jun 2011,Quebec,Average weekly earnings including overtime for all employees,Management of companies and enterprises,"$1,013.32",  0.7%, -5.6%, 96.7
Jul 2011,Quebec,Average weekly earnings including overtime for all employees,Management of companies and enterprises,$  939.39, -7.3%, -3.4%, 89.7
Aug 2011,Quebec,Average weekly earnings including overtime for all employees,Management of companies and enterprises,$  962.06,  2.4%,  0.9%, 91.8
Sep 2011,Quebec,Average weekly earnings including overtime for all employees,Management of companies and enterprises,$  986.79,  2.6%, -1.3%, 94.2
Oct 2011,Quebec,Average weekly earnings including overtime for all employees,Management of companies and enterprises,$  984.58, -0.2%, -0.5%, 94.0
Nov 2011,Quebec,Average weekly earnings including overtime for all employees,Management of companies and enterprises,$  966.96, -1.8%, -0.9%, 92.3
Dec 2011,Quebec,Average weekly earnings including overtime for all employees,Management of companies and enterprises,"$1,014.30",  4.9%, -4.1%, 96.8
Jan 2012,Quebec,Average weekly earnings including overtime for all employees,Management of companies and enterprises,"$1,053.91",  3.9%,  0.6%,100.6
Feb 2012,Quebec,Average weekly earnings including overtime for all employees,Management of companies and enterprises,"$1,099.48",  4.3%,  1.9%,105.0
Mar 2012,Quebec,Average weekly earnings including overtime for all employees,Management of companies and enterprises,"$1,004.80", -8.6%,  2.3%, 95.9
Apr 2012,Quebec,Average weekly earnings including overtime for all employees,Management of companies and enterprises,"$1,085.90",  8.1%, 10.2%,103.7
May 2012,Quebec,Average weekly earnings including overtime for all employees,Management of companies and enterprises,"$1,091.43",  0.5%,  8.4%,104.2
Jun 2012,Quebec,Average weekly earnings including overtime for all employees,Management of companies and enterprises,"$1,092.38",  0.1%,  7.8%,104.3
Jul 2012,Quebec,Average weekly earnings including overtime for all employees,Management of companies and enterprises,"$1,152.82",  5.5%, 22.7%,110.1
Aug 2012,Quebec,Average weekly earnings including overtime for all employees,Management of companies and enterprises,"$1,168.29",  1.3%, 21.4%,111.5
Sep 2012,Quebec,Average weekly earnings including overtime for all employees,Management of companies and enterprises,"$1,077.49", -7.8%,  9.2%,102.9
Oct 2012,Quebec,Average weekly earnings including overtime for all employees,Management of companies and enterprises,"$1,048.16", -2.7%,  6.5%,100.1
Nov 2012,Quebec,Average weekly earnings including overtime for all employees,Management of companies and enterprises,"$1,086.13",  3.6%, 12.3%,103.7
Dec 2012,Quebec,Average weekly earnings including overtime for all employees,Management of companies and enterprises,"$1,130.96",  4.1%, 11.5%,108.0
Jan 2013,Quebec,Average weekly earnings including overtime for all employees,Management of companies and enterprises,"$1,063.34", -6.0%,  0.9%,101.5
Feb 2013,Quebec,Average weekly earnings including overtime for all employees,Management of companies and enterprises,"$1,131.67",  6.4%,  2.9%,108.0
Mar 2013,Quebec,Average weekly earnings including overtime for all employees,Management of companies and enterprises,"$1,076.38", -4.9%,  7.1%,102.8
Apr 2013,Quebec,Average weekly earnings including overtime for all employees,Management of companies and enterprises,"$1,045.85", -2.8%, -3.7%, 99.8
May 2013,Quebec,Average weekly earnings including overtime for all employees,Management of companies and enterprises,"$1,033.68", -1.2%, -5.3%, 98.7
Jun 2013,Quebec,Average weekly earnings including overtime for all employees,Management of companies and enterprises,"$1,073.68",  3.9%, -1.7%,102.5
Jul 2013,Quebec,Average weekly earnings including overtime for all employees,Management of companies and enterprises,"$1,082.79",  0.8%, -6.1%,103.4
Aug 2013,Quebec,Average weekly earnings including overtime for all employees,Management of companies and enterprises,"$1,035.37", -4.4%,-11.4%, 98.8
Sep 2013,Quebec,Average weekly earnings including overtime for all employees,Management of companies and enterprises,"$1,050.08",  1.4%, -2.5%,100.2
Oct 2013,Quebec,Average weekly earnings including overtime for all employees,Management of companies and enterprises,"$1,043.47", -0.6%, -0.4%, 99.6
Nov 2013,Quebec,Average weekly earnings including overtime for all employees,Management of companies and enterprises,"$1,089.55",  4.4%,  0.3%,104.0
Dec 2013,Quebec,Average weekly earnings including overtime for all employees,Management of companies and enterprises,"$1,022.16", -6.2%, -9.6%, 97.6
Jan 2014,Quebec,Average weekly earnings including overtime for all employees,Management of companies and enterprises,"$1,093.49",  7.0%,  2.8%,104.4
Feb 2014,Quebec,Average weekly earnings including overtime for all employees,Management of companies and enterprises,"$1,167.74",  6.8%,  3.2%,111.5
Mar 2014,Quebec,Average weekly earnings including overtime for all employees,Management of companies and enterprises,"$1,142.42", -2.2%,  6.1%,109.1
Apr 2014,Quebec,Average weekly earnings including overtime for all employees,Management of companies and enterprises,"$1,197.82",  4.8%, 14.5%,114.4
May 2014,Quebec,Average weekly earnings including overtime for all employees,Management of companies and enterprises,"$1,124.68", -6.1%,  8.8%,107.4
Jun 2014,Quebec,Average weekly earnings including overtime for all employees,Management of companies and enterprises,"$1,166.37",  3.7%,  8.6%,111.4
Jul 2014,Quebec,Average weekly earnings including overtime for all employees,Management of companies and enterprises,"$1,271.22",  9.0%, 17.4%,121.4
Aug 2014,Quebec,Average weekly earnings including overtime for all employees,Management of companies and enterprises,"$1,188.72", -6.5%, 14.8%,113.5
Sep 2014,Quebec,Average weekly earnings including overtime for all employees,Management of companies and enterprises,"$1,199.16",  0.9%, 14.2%,114.5
Oct 2014,Quebec,Average weekly earnings including overtime for all employees,Management of companies and enterprises,"$1,134.13", -5.4%,  8.7%,108.3
Nov 2014,Quebec,Average weekly earnings including overtime for all employees,Management of companies and enterprises,"$1,175.23",  3.6%,  7.9%,112.2
Dec 2014,Quebec,Average weekly earnings including overtime for all employees,Management of companies and enterprises,"$1,246.65",  6.1%, 22.0%,119.0
Jan 2015,Quebec,Average weekly earnings including overtime for all employees,Management of companies and enterprises,"$1,138.26", -8.7%,  4.1%,108.7
Feb 2015,Quebec,Average weekly earnings including overtime for all employees,Management of companies and enterprises,"$1,228.00",  7.9%,  5.2%,117.2
Mar 2015,Quebec,Average weekly earnings including overtime for all employees,Management of companies and enterprises,"$1,145.77", -6.7%,  0.3%,109.4
Apr 2015,Quebec,Average weekly earnings including overtime for all employees,Management of companies and enterprises,"$1,204.24",  5.1%,  0.5%,115.0
May 2015,Quebec,Average weekly earnings including overtime for all employees,Management of companies and enterprises,"$1,229.38",  2.1%,  9.3%,117.4
Jun 2015,Quebec,Average weekly earnings including overtime for all employees,Management of companies and enterprises,"$1,236.52",  0.6%,  6.0%,118.0
Jul 2015,Quebec,Average weekly earnings including overtime for all employees,Management of companies and enterprises,"$1,271.09",  2.8%,  0.0%,121.3
Aug 2015,Quebec,Average weekly earnings including overtime for all employees,Management of companies and enterprises,"$1,194.07", -6.1%,  0.5%,114.0
Sep 2015,Quebec,Average weekly earnings including overtime for all employees,Management of companies and enterprises,"$1,162.36", -2.7%, -3.1%,111.0
Oct 2015,Quebec,Average weekly earnings including overtime for all employees,Management of companies and enterprises,"$1,214.99",  4.5%,  7.1%,116.0
Nov 2015,Quebec,Average weekly earnings including overtime for all employees,Management of companies and enterprises,"$1,219.47",  0.4%,  3.8%,116.4
Dec 2015,Quebec,Average weekly earnings including overtime for all employees,Management of companies and enterprises,"$1,287.90",  5.6%,  3.3%,123.0
Jan 2016,Quebec,Average weekly earnings including overtime for all employees,Management of companies and enterprises,"$1,290.11",  0.2%, 13.3%,123.2
Feb 2016,Quebec,Average weekly earnings including overtime for all employees,Management of companies and enterprises,"$1,331.73",  3.2%,  8.4%,127.1
Mar 2016,Quebec,Average weekly earnings including overtime for all employees,Management of companies and enterprises,"$1,329.00", -0.2%, 16.0%,126.9
Apr 2016,Quebec,Average weekly earnings including overtime for all employees,Management of companies and enterprises,"$1,290.88", -2.9%,  7.2%,123.2
May 2016,Quebec,Average weekly earnings including overtime for all employees,Management of companies and enterprises,"$1,248.73", -3.3%,  1.6%,119.2
Jun 2016,Quebec,Average weekly earnings including overtime for all employees,Management of companies and enterprises,"$1,312.56",  5.1%,  6.1%,125.3
Jul 2016,Quebec,Average weekly earnings including overtime for all employees,Management of companies and enterprises,"$1,237.74", -5.7%, -2.6%,118.2
Aug 2016,Quebec,Average weekly earnings including overtime for all employees,Management of companies and enterprises,"$1,280.99",  3.5%,  7.3%,122.3
Sep 2016,Quebec,Average weekly earnings including overtime for all employees,Management of companies and enterprises,"$1,222.46", -4.6%,  5.2%,116.7
Oct 2016,Quebec,Average weekly earnings including overtime for all employees,Management of companies and enterprises,"$1,240.04",  1.4%,  2.1%,118.4
Nov 2016,Quebec,Average weekly earnings including overtime for all employees,Management of companies and enterprises,"$1,249.83",  0.8%,  2.5%,119.3
Dec 2016,Quebec,Average weekly earnings including overtime for all employees,Management of companies and enterprises,"$1,322.05",  5.8%,  2.7%,126.2
Jan 2017,Quebec,Average weekly earnings including overtime for all employees,Management of companies and enterprises,"$1,366.33",  3.3%,  5.9%,130.4
Feb 2017,Quebec,Average weekly earnings including overtime for all employees,Management of companies and enterprises,"$1,448.99",  6.0%,  8.8%,138.3
Mar 2017,Quebec,Average weekly earnings including overtime for all employees,Management of companies and enterprises,"$1,377.90", -4.9%,  3.7%,131.5
Apr 2017,Quebec,Average weekly earnings including overtime for all employees,Management of companies and enterprises,"$1,436.09",  4.2%, 11.2%,137.1
May 2017,Quebec,Average weekly earnings including overtime for all employees,Management of companies and enterprises,"$1,463.20",  1.9%, 17.2%,139.7
Jun 2017,Quebec,Average weekly earnings including overtime for all employees,Management of companies and enterprises,"$1,468.57",  0.4%, 11.9%,140.2
Jul 2017,Quebec,Average weekly earnings including overtime for all employees,Management of companies and enterprises,"$1,440.47", -1.9%, 16.4%,137.5
Aug 2017,Quebec,Average weekly earnings including overtime for all employees,Management of companies and enterprises,"$1,531.04",  6.3%, 19.5%,146.2
Sep 2017,Quebec,Average weekly earnings including overtime for all employees,Management of companies and enterprises,"$1,517.67", -0.9%, 24.1%,144.9
Oct 2017,Quebec,Average weekly earnings including overtime for all employees,Management of companies and enterprises,"$1,483.70", -2.2%, 19.6%,141.6
Nov 2017,Quebec,Average weekly earnings including overtime for all employees,Management of companies and enterprises,"$1,427.44", -3.8%, 14.2%,136.3
Dec 2017,Quebec,Average weekly earnings including overtime for all employees,Management of companies and enterprises,"$1,588.99", 11.3%, 20.2%,151.7
Jan 2018,Quebec,Average weekly earnings including overtime for all employees,Management of companies and enterprises,"$1,513.11", -4.8%, 10.7%,144.5
Feb 2018,Quebec,Average weekly earnings including overtime for all employees,Management of companies and enterprises,"$1,570.39",  3.8%,  8.4%,149.9
Mar 2018,Quebec,Average weekly earnings including overtime for all employees,Management of companies and enterprises,"$1,565.89", -0.3%, 13.6%,149.5
Apr 2018,Quebec,Average weekly earnings including overtime for all employees,Management of companies and enterprises,"$1,392.27",-11.1%, -3.1%,132.9
May 2018,Quebec,Average weekly earnings including overtime for all employees,Management of companies and enterprises,"$1,423.68",  2.3%, -2.7%,135.9
Jun 2018,Quebec,Average weekly earnings including overtime for all employees,Management of companies and enterprises,"$1,411.50", -0.9%, -3.9%,134.8
Jul 2018,Quebec,Average weekly earnings including overtime for all employees,Management of companies and enterprises,"$1,335.88", -5.4%, -7.3%,127.5
Aug 2018,Quebec,Average weekly earnings including overtime for all employees,Management of companies and enterprises,"$1,375.42",  3.0%,-10.2%,131.3
Sep 2018,Quebec,Average weekly earnings including overtime for all employees,Management of companies and enterprises,"$1,332.42", -3.1%,-12.2%,127.2
Oct 2018,Quebec,Average weekly earnings including overtime for all employees,Management of companies and enterprises,"$1,371.43",  2.9%, -7.6%,130.9
Nov 2018,Quebec,Average weekly earnings including overtime for all employees,Management of companies and enterprises,"$1,388.22",  1.2%, -2.7%,132.5
Dec 2018,Quebec,Average weekly earnings including overtime for all employees,Management of companies and enterprises,"$1,486.77",  7.1%, -6.4%,141.9
Jan 2019,Quebec,Average weekly earnings including overtime for all employees,Management of companies and enterprises,"$1,485.88", -0.1%, -1.8%,141.9
Feb 2019,Quebec,Average weekly earnings including overtime for all employees,Management of companies and enterprises,"$1,388.80", -6.5%,-11.6%,132.6
Mar 2019,Quebec,Average weekly earnings including overtime for all employees,Management of companies and enterprises,"$1,348.16", -2.9%,-13.9%,128.7
Apr 2019,Quebec,Average weekly earnings including overtime for all employees,Management of companies and enterprises,"$1,296.84", -3.8%, -6.9%,123.8
May 2019,Quebec,Average weekly earnings including overtime for all employees,Management of companies and enterprises,"$1,303.62",  0.5%, -8.4%,124.5
Jun 2019,Quebec,Average weekly earnings including overtime for all employees,Management of companies and enterprises,"$1,252.34", -3.9%,-11.3%,119.6
Jul 2019,Quebec,Average weekly earnings including overtime for all employees,Management of companies and enterprises,"$1,353.27",  8.1%,  1.3%,129.2
Aug 2019,Quebec,Average weekly earnings including overtime for all employees,Management of companies and enterprises,"$1,367.50",  1.1%, -0.6%,130.6
Sep 2019,Quebec,Average weekly earnings including overtime for all employees,Management of companies and enterprises,"$1,369.45",  0.1%,  2.8%,130.7
Oct 2019,Quebec,Average weekly earnings including overtime for all employees,Management of companies and enterprises,"$1,450.97",  6.0%,  5.8%,138.5
Nov 2019,Quebec,Average weekly earnings including overtime for all employees,Management of companies and enterprises,"$1,354.81", -6.6%, -2.4%,129.3
Dec 2019,Quebec,Average weekly earnings including overtime for all employees,Management of companies and enterprises,"$1,416.76",  4.6%, -4.7%,135.3
Jan 2020,Quebec,Average weekly earnings including overtime for all employees,Management of companies and enterprises,"$1,485.79",  4.9%,  0.0%,141.8
Feb 2020,Quebec,Average weekly earnings including overtime for all employees,Management of companies and enterprises,"$1,367.24", -8.0%, -1.6%,130.5
Mar 2020,Quebec,Average weekly earnings including overtime for all employees,Management of companies and enterprises,"$1,295.85", -5.2%, -3.9%,123.7
Apr 2020,Quebec,Average weekly earnings including overtime for all employees,Management of companies and enterprises,"$1,405.11",  8.4%,  8.3%,134.1
May 2020,Quebec,Average weekly earnings including overtime for all employees,Management of companies and enterprises,"$1,486.37",  5.8%, 14.0%,141.9
Jun 2020,Quebec,Average weekly earnings including overtime for all employees,Management of companies and enterprises,"$1,315.14",-11.5%,  5.0%,125.6
Jul 2020,Quebec,Average weekly earnings including overtime for all employees,Management of companies and enterprises,"$1,425.28",  8.4%,  5.3%,136.1
Aug 2020,Quebec,Average weekly earnings including overtime for all employees,Management of companies and enterprises,"$1,402.51", -1.6%,  2.6%,133.9
Sep 2020,Quebec,Average weekly earnings including overtime for all employees,Management of companies and enterprises,"$1,275.93", -9.0%, -6.8%,121.8
Oct 2020,Quebec,Average weekly earnings including overtime for all employees,Management of companies and enterprises,"$1,492.25", 17.0%,  2.8%,142.5
Nov 2020,Quebec,Average weekly earnings including overtime for all employees,Management of companies and enterprises,"$1,482.04", -0.7%,  9.4%,141.5
Dec 2020,Quebec,Average weekly earnings including overtime for all employees,Management of companies and enterprises,"$1,411.94", -4.7%, -0.3%,134.8
Jan 2021,Quebec,Average weekly earnings including overtime for all employees,Management of companies and enterprises,"$1,419.24",  0.5%, -4.5%,135.5
Feb 2021,Quebec,Average weekly earnings including overtime for all employees,Management of companies and enterprises,"$1,488.87",  4.9%,  8.9%,142.1
Mar 2021,Quebec,Average weekly earnings including overtime for all employees,Management of companies and enterprises,"$1,514.56",  1.7%, 16.9%,144.6
Apr 2021,Quebec,Average weekly earnings including overtime for all employees,Management of companies and enterprises,"$1,439.24", -5.0%,  2.4%,137.4
May 2021,Quebec,Average weekly earnings including overtime for all employees,Management of companies and enterprises,"$1,579.27",  9.7%,  6.3%,150.8
Jun 2021,Quebec,Average weekly earnings including overtime for all employees,Management of companies and enterprises,"$1,570.29", -0.6%, 19.4%,149.9
Jul 2021,Quebec,Average weekly earnings including overtime for all employees,Management of companies and enterprises,"$1,507.22", -4.0%,  5.7%,143.9
Aug 2021,Quebec,Average weekly earnings including overtime for all employees,Management of companies and enterprises,"$1,471.48", -2.4%,  4.9%,140.5
Sep 2021,Quebec,Average weekly earnings including overtime for all employees,Management of companies and enterprises,"$1,586.12",  7.8%, 24.3%,151.4
Oct 2021,Quebec,Average weekly earnings including overtime for all employees,Management of companies and enterprises,"$1,424.33",-10.2%, -4.6%,136.0
Nov 2021,Quebec,Average weekly earnings including overtime for all employees,Management of companies and enterprises,"$1,474.06",  3.5%, -0.5%,140.7
Dec 2021,Quebec,Average weekly earnings including overtime for all employees,Management of companies and enterprises,"$1,457.56", -1.1%,  3.2%,139.2
Jan 2022,Quebec,Average weekly earnings including overtime for all employees,Management of companies and enterprises,"$1,454.89", -0.2%,  2.5%,138.9
Feb 2022,Quebec,Average weekly earnings including overtime for all employees,Management of companies and enterprises,"$1,498.61",  3.0%,  0.7%,143.1
Mar 2022,Quebec,Average weekly earnings including overtime for all employees,Management of companies and enterprises,"$1,538.09",  2.6%,  1.6%,146.8
Apr 2022,Quebec,Average weekly earnings including overtime for all employees,Management of companies and enterprises,"$1,433.79", -6.8%, -0.4%,136.9
May 2022,Quebec,Average weekly earnings including overtime for all employees,Management of companies and enterprises,"$1,459.43",  1.8%, -7.6%,139.3
Jun 2022,Quebec,Average weekly earnings including overtime for all employees,Management of companies and enterprises,"$1,519.26",  4.1%, -3.2%,145.0
Jul 2022,Quebec,Average weekly earnings including overtime for all employees,Management of companies and enterprises,"$1,547.97",  1.9%,  2.7%,147.8
Aug 2022,Quebec,Average weekly earnings including overtime for all employees,Management of companies and enterprises,"$1,576.11",  1.8%,  7.1%,150.5
Sep 2022,Quebec,Average weekly earnings including overtime for all employees,Management of companies and enterprises,"$1,428.32", -9.4%, -9.9%,136.4
Oct 2022,Quebec,Average weekly earnings including overtime for all employees,Management of companies and enterprises,"$1,523.56",  6.7%,  7.0%,145.5
Nov 2022,Quebec,Average weekly earnings including overtime for all employees,Management of companies and enterprises,"$1,531.92",  0.5%,  3.9%,146.2
Dec 2022,Quebec,Average weekly earnings including overtime for all employees,Management of companies and enterprises,"$1,584.09",  3.4%,  8.7%,151.2
Jan 2023,Quebec,Average weekly earnings including overtime for all employees,Management of companies and enterprises,"$1,569.43", -0.9%,  7.9%,149.8
Feb 2023,Quebec,Average weekly earnings including overtime for all employees,Management of companies and enterprises,"$1,614.20",  2.9%,  7.7%,154.1
Mar 2023,Quebec,Average weekly earnings including overtime for all employees,Management of companies and enterprises,"$1,644.59",  1.9%,  6.9%,157.0
Apr 2023,Quebec,Average weekly earnings including overtime for all employees,Management of companies and enterprises,"$1,636.65", -0.5%, 14.1%,156.2
May 2023,Quebec,Average weekly earnings including overtime for all employees,Management of companies and enterprises,"$1,606.39", -1.8%, 10.1%,153.4
Jun 2023,Quebec,Average weekly earnings including overtime for all employees,Management of companies and enterprises,"$1,646.27",  2.5%,  8.4%,157.2
Jul 2023,Quebec,Average weekly earnings including overtime for all employees,Management of companies and enterprises,"$1,638.39", -0.5%,  5.8%,156.4
Aug 2023,Quebec,Average weekly earnings including overtime for all employees,Management of companies and enterprises,"$1,669.61",  1.9%,  5.9%,159.4
Sep 2023,Quebec,Average weekly earnings including overtime for all employees,Management of companies and enterprises,"$1,647.16", -1.3%, 15.3%,157.3
Oct 2023,Quebec,Average weekly earnings including overtime for all employees,Management of companies and enterprises,"$1,672.12",  1.5%,  9.8%,159.6
Nov 2023,Quebec,Average weekly earnings including overtime for all employees,Management of companies and enterprises,"$1,686.69",  0.9%, 10.1%,161.0
Dec 2023,Quebec,Average weekly earnings including overtime for all employees,Management of companies and enterprises,"$1,736.50",  3.0%,  9.6%,165.8
Jan 2024,Quebec,Average weekly earnings including overtime for all employees,Management of companies and enterprises,"$1,726.82", -0.6%, 10.0%,164.9
Feb 2024,Quebec,Average weekly earnings including overtime for all employees,Management of companies and enterprises,"$1,682.00", -2.6%,  4.2%,160.6
Mar 2024,Quebec,Average weekly earnings including overtime for all employees,Management of companies and enterprises,"$1,693.40",  0.7%,  3.0%,161.7
Apr 2024,Quebec,Average weekly earnings including overtime for all employees,Management of companies and enterprises,"$1,736.33",  2.5%,  6.1%,165.8
May 2024,Quebec,Average weekly earnings including overtime for all employees,Management of companies and enterprises,"$1,785.31",  2.8%, 11.1%,170.4
Jun 2024,Quebec,Average weekly earnings including overtime for all employees,Management of companies and enterprises,"$1,696.28", -5.0%,  3.0%,161.9
Jul 2024,Quebec,Average weekly earnings including overtime for all employees,Management of companies and enterprises,"$1,679.72", -1.0%,  2.5%,160.4
Aug 2024,Quebec,Average weekly earnings including overtime for all employees,Management of companies and enterprises,"$1,666.99", -0.8%, -0.2%,159.1
Sep 2024,Quebec,Average weekly earnings including overtime for all employees,Management of companies and enterprises,"$1,720.16",  3.2%,  4.4%,164.2
Oct 2024,Quebec,Average weekly earnings including overtime for all employees,Management of companies and enterprises,"$1,794.57",  4.3%,  7.3%,171.3
Jan 2011,Quebec,Average weekly earnings including overtime for all employees,"Administrative and support, waste management and remediation services",$  672.52, -3.2%,  7.8%,100.0
Feb 2011,Quebec,Average weekly earnings including overtime for all employees,"Administrative and support, waste management and remediation services",$  675.06,  0.4%,  7.1%,100.4
Mar 2011,Quebec,Average weekly earnings including overtime for all employees,"Administrative and support, waste management and remediation services",$  681.73,  1.0%,  7.0%,101.4
Apr 2011,Quebec,Average weekly earnings including overtime for all employees,"Administrative and support, waste management and remediation services",$  692.78,  1.6%,  7.9%,103.0
May 2011,Quebec,Average weekly earnings including overtime for all employees,"Administrative and support, waste management and remediation services",$  668.73, -3.5%,  1.3%, 99.4
Jun 2011,Quebec,Average weekly earnings including overtime for all employees,"Administrative and support, waste management and remediation services",$  677.63,  1.3%,  0.4%,100.8
Jul 2011,Quebec,Average weekly earnings including overtime for all employees,"Administrative and support, waste management and remediation services",$  693.99,  2.4%,  4.6%,103.2
Aug 2011,Quebec,Average weekly earnings including overtime for all employees,"Administrative and support, waste management and remediation services",$  679.16, -2.1%, -1.4%,101.0
Sep 2011,Quebec,Average weekly earnings including overtime for all employees,"Administrative and support, waste management and remediation services",$  671.52, -1.1%,  4.9%, 99.9
Oct 2011,Quebec,Average weekly earnings including overtime for all employees,"Administrative and support, waste management and remediation services",$  674.45,  0.4%,  5.3%,100.3
Nov 2011,Quebec,Average weekly earnings including overtime for all employees,"Administrative and support, waste management and remediation services",$  687.37,  1.9%,  3.2%,102.2
Dec 2011,Quebec,Average weekly earnings including overtime for all employees,"Administrative and support, waste management and remediation services",$  664.59, -3.3%, -4.3%, 98.8
Jan 2012,Quebec,Average weekly earnings including overtime for all employees,"Administrative and support, waste management and remediation services",$  671.66,  1.1%, -0.1%, 99.9
Feb 2012,Quebec,Average weekly earnings including overtime for all employees,"Administrative and support, waste management and remediation services",$  665.27, -1.0%, -1.5%, 98.9
Mar 2012,Quebec,Average weekly earnings including overtime for all employees,"Administrative and support, waste management and remediation services",$  669.93,  0.7%, -1.7%, 99.6
Apr 2012,Quebec,Average weekly earnings including overtime for all employees,"Administrative and support, waste management and remediation services",$  667.92, -0.3%, -3.6%, 99.3
May 2012,Quebec,Average weekly earnings including overtime for all employees,"Administrative and support, waste management and remediation services",$  672.23,  0.6%,  0.5%,100.0
Jun 2012,Quebec,Average weekly earnings including overtime for all employees,"Administrative and support, waste management and remediation services",$  659.01, -2.0%, -2.7%, 98.0
Jul 2012,Quebec,Average weekly earnings including overtime for all employees,"Administrative and support, waste management and remediation services",$  673.68,  2.2%, -2.9%,100.2
Aug 2012,Quebec,Average weekly earnings including overtime for all employees,"Administrative and support, waste management and remediation services",$  666.93, -1.0%, -1.8%, 99.2
Sep 2012,Quebec,Average weekly earnings including overtime for all employees,"Administrative and support, waste management and remediation services",$  698.02,  4.7%,  3.9%,103.8
Oct 2012,Quebec,Average weekly earnings including overtime for all employees,"Administrative and support, waste management and remediation services",$  677.34, -3.0%,  0.4%,100.7
Nov 2012,Quebec,Average weekly earnings including overtime for all employees,"Administrative and support, waste management and remediation services",$  679.46,  0.3%, -1.2%,101.0
Dec 2012,Quebec,Average weekly earnings including overtime for all employees,"Administrative and support, waste management and remediation services",$  683.96,  0.7%,  2.9%,101.7
Jan 2013,Quebec,Average weekly earnings including overtime for all employees,"Administrative and support, waste management and remediation services",$  679.27, -0.7%,  1.1%,101.0
Feb 2013,Quebec,Average weekly earnings including overtime for all employees,"Administrative and support, waste management and remediation services",$  678.96,  0.0%,  2.1%,101.0
Mar 2013,Quebec,Average weekly earnings including overtime for all employees,"Administrative and support, waste management and remediation services",$  688.50,  1.4%,  2.8%,102.4
Apr 2013,Quebec,Average weekly earnings including overtime for all employees,"Administrative and support, waste management and remediation services",$  699.70,  1.6%,  4.8%,104.0
May 2013,Quebec,Average weekly earnings including overtime for all employees,"Administrative and support, waste management and remediation services",$  700.63,  0.1%,  4.2%,104.2
Jun 2013,Quebec,Average weekly earnings including overtime for all employees,"Administrative and support, waste management and remediation services",$  669.60, -4.4%,  1.6%, 99.6
Jul 2013,Quebec,Average weekly earnings including overtime for all employees,"Administrative and support, waste management and remediation services",$  674.39,  0.7%,  0.1%,100.3
Aug 2013,Quebec,Average weekly earnings including overtime for all employees,"Administrative and support, waste management and remediation services",$  654.19, -3.0%, -1.9%, 97.3
Sep 2013,Quebec,Average weekly earnings including overtime for all employees,"Administrative and support, waste management and remediation services",$  675.69,  3.3%, -3.2%,100.5
Oct 2013,Quebec,Average weekly earnings including overtime for all employees,"Administrative and support, waste management and remediation services",$  692.75,  2.5%,  2.3%,103.0
Nov 2013,Quebec,Average weekly earnings including overtime for all employees,"Administrative and support, waste management and remediation services",$  691.64, -0.2%,  1.8%,102.8
Dec 2013,Quebec,Average weekly earnings including overtime for all employees,"Administrative and support, waste management and remediation services",$  679.38, -1.8%, -0.7%,101.0
Jan 2014,Quebec,Average weekly earnings including overtime for all employees,"Administrative and support, waste management and remediation services",$  677.11, -0.3%, -0.3%,100.7
Feb 2014,Quebec,Average weekly earnings including overtime for all employees,"Administrative and support, waste management and remediation services",$  669.78, -1.1%, -1.4%, 99.6
Mar 2014,Quebec,Average weekly earnings including overtime for all employees,"Administrative and support, waste management and remediation services",$  669.55,  0.0%, -2.8%, 99.6
Apr 2014,Quebec,Average weekly earnings including overtime for all employees,"Administrative and support, waste management and remediation services",$  669.97,  0.1%, -4.2%, 99.6
May 2014,Quebec,Average weekly earnings including overtime for all employees,"Administrative and support, waste management and remediation services",$  677.14,  1.1%, -3.4%,100.7
Jun 2014,Quebec,Average weekly earnings including overtime for all employees,"Administrative and support, waste management and remediation services",$  666.27, -1.6%, -0.5%, 99.1
Jul 2014,Quebec,Average weekly earnings including overtime for all employees,"Administrative and support, waste management and remediation services",$  655.00, -1.7%, -2.9%, 97.4
Aug 2014,Quebec,Average weekly earnings including overtime for all employees,"Administrative and support, waste management and remediation services",$  668.43,  2.1%,  2.2%, 99.4
Sep 2014,Quebec,Average weekly earnings including overtime for all employees,"Administrative and support, waste management and remediation services",$  676.93,  1.3%,  0.2%,100.7
Oct 2014,Quebec,Average weekly earnings including overtime for all employees,"Administrative and support, waste management and remediation services",$  695.98,  2.8%,  0.5%,103.5
Nov 2014,Quebec,Average weekly earnings including overtime for all employees,"Administrative and support, waste management and remediation services",$  680.08, -2.3%, -1.7%,101.1
Dec 2014,Quebec,Average weekly earnings including overtime for all employees,"Administrative and support, waste management and remediation services",$  687.00,  1.0%,  1.1%,102.2
Jan 2015,Quebec,Average weekly earnings including overtime for all employees,"Administrative and support, waste management and remediation services",$  691.45,  0.6%,  2.1%,102.8
Feb 2015,Quebec,Average weekly earnings including overtime for all employees,"Administrative and support, waste management and remediation services",$  706.64,  2.2%,  5.5%,105.1
Mar 2015,Quebec,Average weekly earnings including overtime for all employees,"Administrative and support, waste management and remediation services",$  673.81, -4.6%,  0.6%,100.2
Apr 2015,Quebec,Average weekly earnings including overtime for all employees,"Administrative and support, waste management and remediation services",$  696.53,  3.4%,  4.0%,103.6
May 2015,Quebec,Average weekly earnings including overtime for all employees,"Administrative and support, waste management and remediation services",$  683.00, -1.9%,  0.9%,101.6
Jun 2015,Quebec,Average weekly earnings including overtime for all employees,"Administrative and support, waste management and remediation services",$  719.47,  5.3%,  8.0%,107.0
Jul 2015,Quebec,Average weekly earnings including overtime for all employees,"Administrative and support, waste management and remediation services",$  714.99, -0.6%,  9.2%,106.3
Aug 2015,Quebec,Average weekly earnings including overtime for all employees,"Administrative and support, waste management and remediation services",$  728.15,  1.8%,  8.9%,108.3
Sep 2015,Quebec,Average weekly earnings including overtime for all employees,"Administrative and support, waste management and remediation services",$  730.05,  0.3%,  7.8%,108.6
Oct 2015,Quebec,Average weekly earnings including overtime for all employees,"Administrative and support, waste management and remediation services",$  719.07, -1.5%,  3.3%,106.9
Nov 2015,Quebec,Average weekly earnings including overtime for all employees,"Administrative and support, waste management and remediation services",$  724.46,  0.7%,  6.5%,107.7
Dec 2015,Quebec,Average weekly earnings including overtime for all employees,"Administrative and support, waste management and remediation services",$  709.56, -2.1%,  3.3%,105.5
Jan 2016,Quebec,Average weekly earnings including overtime for all employees,"Administrative and support, waste management and remediation services",$  711.63,  0.3%,  2.9%,105.8
Feb 2016,Quebec,Average weekly earnings including overtime for all employees,"Administrative and support, waste management and remediation services",$  727.88,  2.3%,  3.0%,108.2
Mar 2016,Quebec,Average weekly earnings including overtime for all employees,"Administrative and support, waste management and remediation services",$  715.20, -1.7%,  6.1%,106.3
Apr 2016,Quebec,Average weekly earnings including overtime for all employees,"Administrative and support, waste management and remediation services",$  696.41, -2.6%,  0.0%,103.6
May 2016,Quebec,Average weekly earnings including overtime for all employees,"Administrative and support, waste management and remediation services",$  706.06,  1.4%,  3.4%,105.0
Jun 2016,Quebec,Average weekly earnings including overtime for all employees,"Administrative and support, waste management and remediation services",$  705.05, -0.1%, -2.0%,104.8
Jul 2016,Quebec,Average weekly earnings including overtime for all employees,"Administrative and support, waste management and remediation services",$  703.80, -0.2%, -1.6%,104.7
Aug 2016,Quebec,Average weekly earnings including overtime for all employees,"Administrative and support, waste management and remediation services",$  692.20, -1.6%, -4.9%,102.9
Sep 2016,Quebec,Average weekly earnings including overtime for all employees,"Administrative and support, waste management and remediation services",$  708.53,  2.4%, -2.9%,105.4
Oct 2016,Quebec,Average weekly earnings including overtime for all employees,"Administrative and support, waste management and remediation services",$  694.34, -2.0%, -3.4%,103.2
Nov 2016,Quebec,Average weekly earnings including overtime for all employees,"Administrative and support, waste management and remediation services",$  686.31, -1.2%, -5.3%,102.1
Dec 2016,Quebec,Average weekly earnings including overtime for all employees,"Administrative and support, waste management and remediation services",$  716.13,  4.3%,  0.9%,106.5
Jan 2017,Quebec,Average weekly earnings including overtime for all employees,"Administrative and support, waste management and remediation services",$  703.23, -1.8%, -1.2%,104.6
Feb 2017,Quebec,Average weekly earnings including overtime for all employees,"Administrative and support, waste management and remediation services",$  686.34, -2.4%, -5.7%,102.1
Mar 2017,Quebec,Average weekly earnings including overtime for all employees,"Administrative and support, waste management and remediation services",$  732.44,  6.7%,  2.4%,108.9
Apr 2017,Quebec,Average weekly earnings including overtime for all employees,"Administrative and support, waste management and remediation services",$  768.20,  4.9%, 10.3%,114.2
May 2017,Quebec,Average weekly earnings including overtime for all employees,"Administrative and support, waste management and remediation services",$  704.46, -8.3%, -0.2%,104.7
Jun 2017,Quebec,Average weekly earnings including overtime for all employees,"Administrative and support, waste management and remediation services",$  692.30, -1.7%, -1.8%,102.9
Jul 2017,Quebec,Average weekly earnings including overtime for all employees,"Administrative and support, waste management and remediation services",$  732.73,  5.8%,  4.1%,109.0
Aug 2017,Quebec,Average weekly earnings including overtime for all employees,"Administrative and support, waste management and remediation services",$  709.10, -3.2%,  2.4%,105.4
Sep 2017,Quebec,Average weekly earnings including overtime for all employees,"Administrative and support, waste management and remediation services",$  706.65, -0.3%, -0.3%,105.1
Oct 2017,Quebec,Average weekly earnings including overtime for all employees,"Administrative and support, waste management and remediation services",$  709.41,  0.4%,  2.2%,105.5
Nov 2017,Quebec,Average weekly earnings including overtime for all employees,"Administrative and support, waste management and remediation services",$  692.13, -2.4%,  0.8%,102.9
Dec 2017,Quebec,Average weekly earnings including overtime for all employees,"Administrative and support, waste management and remediation services",$  706.85,  2.1%, -1.3%,105.1
Jan 2018,Quebec,Average weekly earnings including overtime for all employees,"Administrative and support, waste management and remediation services",$  704.94, -0.3%,  0.2%,104.8
Feb 2018,Quebec,Average weekly earnings including overtime for all employees,"Administrative and support, waste management and remediation services",$  727.66,  3.2%,  6.0%,108.2
Mar 2018,Quebec,Average weekly earnings including overtime for all employees,"Administrative and support, waste management and remediation services",$  716.09, -1.6%, -2.2%,106.5
Apr 2018,Quebec,Average weekly earnings including overtime for all employees,"Administrative and support, waste management and remediation services",$  683.85, -4.5%,-11.0%,101.7
May 2018,Quebec,Average weekly earnings including overtime for all employees,"Administrative and support, waste management and remediation services",$  710.73,  3.9%,  0.9%,105.7
Jun 2018,Quebec,Average weekly earnings including overtime for all employees,"Administrative and support, waste management and remediation services",$  715.64,  0.7%,  3.4%,106.4
Jul 2018,Quebec,Average weekly earnings including overtime for all employees,"Administrative and support, waste management and remediation services",$  702.09, -1.9%, -4.2%,104.4
Aug 2018,Quebec,Average weekly earnings including overtime for all employees,"Administrative and support, waste management and remediation services",$  723.94,  3.1%,  2.1%,107.6
Sep 2018,Quebec,Average weekly earnings including overtime for all employees,"Administrative and support, waste management and remediation services",$  706.88, -2.4%,  0.0%,105.1
Oct 2018,Quebec,Average weekly earnings including overtime for all employees,"Administrative and support, waste management and remediation services",$  701.10, -0.8%, -1.2%,104.2
Nov 2018,Quebec,Average weekly earnings including overtime for all employees,"Administrative and support, waste management and remediation services",$  715.06,  2.0%,  3.3%,106.3
Dec 2018,Quebec,Average weekly earnings including overtime for all employees,"Administrative and support, waste management and remediation services",$  725.21,  1.4%,  2.6%,107.8
Jan 2019,Quebec,Average weekly earnings including overtime for all employees,"Administrative and support, waste management and remediation services",$  722.80, -0.3%,  2.5%,107.5
Feb 2019,Quebec,Average weekly earnings including overtime for all employees,"Administrative and support, waste management and remediation services",$  737.13,  2.0%,  1.3%,109.6
Mar 2019,Quebec,Average weekly earnings including overtime for all employees,"Administrative and support, waste management and remediation services",$  760.82,  3.2%,  6.2%,113.1
Apr 2019,Quebec,Average weekly earnings including overtime for all employees,"Administrative and support, waste management and remediation services",$  759.08, -0.2%, 11.0%,112.9
May 2019,Quebec,Average weekly earnings including overtime for all employees,"Administrative and support, waste management and remediation services",$  789.52,  4.0%, 11.1%,117.4
Jun 2019,Quebec,Average weekly earnings including overtime for all employees,"Administrative and support, waste management and remediation services",$  774.35, -1.9%,  8.2%,115.1
Jul 2019,Quebec,Average weekly earnings including overtime for all employees,"Administrative and support, waste management and remediation services",$  746.91, -3.5%,  6.4%,111.1
Aug 2019,Quebec,Average weekly earnings including overtime for all employees,"Administrative and support, waste management and remediation services",$  776.66,  4.0%,  7.3%,115.5
Sep 2019,Quebec,Average weekly earnings including overtime for all employees,"Administrative and support, waste management and remediation services",$  781.88,  0.7%, 10.6%,116.3
Oct 2019,Quebec,Average weekly earnings including overtime for all employees,"Administrative and support, waste management and remediation services",$  789.47,  1.0%, 12.6%,117.4
Nov 2019,Quebec,Average weekly earnings including overtime for all employees,"Administrative and support, waste management and remediation services",$  833.20,  5.5%, 16.5%,123.9
Dec 2019,Quebec,Average weekly earnings including overtime for all employees,"Administrative and support, waste management and remediation services",$  836.43,  0.4%, 15.3%,124.4
Jan 2020,Quebec,Average weekly earnings including overtime for all employees,"Administrative and support, waste management and remediation services",$  866.67,  3.6%, 19.9%,128.9
Feb 2020,Quebec,Average weekly earnings including overtime for all employees,"Administrative and support, waste management and remediation services",$  826.54, -4.6%, 12.1%,122.9
Mar 2020,Quebec,Average weekly earnings including overtime for all employees,"Administrative and support, waste management and remediation services",$  835.15,  1.0%,  9.8%,124.2
Apr 2020,Quebec,Average weekly earnings including overtime for all employees,"Administrative and support, waste management and remediation services",$  849.05,  1.7%, 11.9%,126.2
May 2020,Quebec,Average weekly earnings including overtime for all employees,"Administrative and support, waste management and remediation services",$  835.85, -1.6%,  5.9%,124.3
Jun 2020,Quebec,Average weekly earnings including overtime for all employees,"Administrative and support, waste management and remediation services",$  848.32,  1.5%,  9.6%,126.1
Jul 2020,Quebec,Average weekly earnings including overtime for all employees,"Administrative and support, waste management and remediation services",$  855.91,  0.9%, 14.6%,127.3
Aug 2020,Quebec,Average weekly earnings including overtime for all employees,"Administrative and support, waste management and remediation services",$  834.63, -2.5%,  7.5%,124.1
Sep 2020,Quebec,Average weekly earnings including overtime for all employees,"Administrative and support, waste management and remediation services",$  847.68,  1.6%,  8.4%,126.0
Oct 2020,Quebec,Average weekly earnings including overtime for all employees,"Administrative and support, waste management and remediation services",$  880.62,  3.9%, 11.5%,130.9
Nov 2020,Quebec,Average weekly earnings including overtime for all employees,"Administrative and support, waste management and remediation services",$  854.32, -3.0%,  2.5%,127.0
Dec 2020,Quebec,Average weekly earnings including overtime for all employees,"Administrative and support, waste management and remediation services",$  803.87, -5.9%, -3.9%,119.5
Jan 2021,Quebec,Average weekly earnings including overtime for all employees,"Administrative and support, waste management and remediation services",$  850.16,  5.8%, -1.9%,126.4
Feb 2021,Quebec,Average weekly earnings including overtime for all employees,"Administrative and support, waste management and remediation services",$  873.45,  2.7%,  5.7%,129.9
Mar 2021,Quebec,Average weekly earnings including overtime for all employees,"Administrative and support, waste management and remediation services",$  838.42, -4.0%,  0.4%,124.7
Apr 2021,Quebec,Average weekly earnings including overtime for all employees,"Administrative and support, waste management and remediation services",$  859.92,  2.6%,  1.3%,127.9
May 2021,Quebec,Average weekly earnings including overtime for all employees,"Administrative and support, waste management and remediation services",$  864.46,  0.5%,  3.4%,128.5
Jun 2021,Quebec,Average weekly earnings including overtime for all employees,"Administrative and support, waste management and remediation services",$  845.45, -2.2%, -0.3%,125.7
Jul 2021,Quebec,Average weekly earnings including overtime for all employees,"Administrative and support, waste management and remediation services",$  850.14,  0.6%, -0.7%,126.4
Aug 2021,Quebec,Average weekly earnings including overtime for all employees,"Administrative and support, waste management and remediation services",$  879.38,  3.4%,  5.4%,130.8
Sep 2021,Quebec,Average weekly earnings including overtime for all employees,"Administrative and support, waste management and remediation services",$  877.60, -0.2%,  3.5%,130.5
Oct 2021,Quebec,Average weekly earnings including overtime for all employees,"Administrative and support, waste management and remediation services",$  865.96, -1.3%, -1.7%,128.8
Nov 2021,Quebec,Average weekly earnings including overtime for all employees,"Administrative and support, waste management and remediation services",$  888.87,  2.6%,  4.0%,132.2
Dec 2021,Quebec,Average weekly earnings including overtime for all employees,"Administrative and support, waste management and remediation services",$  884.95, -0.4%, 10.1%,131.6
Jan 2022,Quebec,Average weekly earnings including overtime for all employees,"Administrative and support, waste management and remediation services",$  887.23,  0.3%,  4.4%,131.9
Feb 2022,Quebec,Average weekly earnings including overtime for all employees,"Administrative and support, waste management and remediation services",$  881.95, -0.6%,  1.0%,131.1
Mar 2022,Quebec,Average weekly earnings including overtime for all employees,"Administrative and support, waste management and remediation services",$  885.43,  0.4%,  5.6%,131.7
Apr 2022,Quebec,Average weekly earnings including overtime for all employees,"Administrative and support, waste management and remediation services",$  880.85, -0.5%,  2.4%,131.0
May 2022,Quebec,Average weekly earnings including overtime for all employees,"Administrative and support, waste management and remediation services",$  893.67,  1.5%,  3.4%,132.9
Jun 2022,Quebec,Average weekly earnings including overtime for all employees,"Administrative and support, waste management and remediation services",$  928.70,  3.9%,  9.8%,138.1
Jul 2022,Quebec,Average weekly earnings including overtime for all employees,"Administrative and support, waste management and remediation services",$  929.18,  0.1%,  9.3%,138.2
Aug 2022,Quebec,Average weekly earnings including overtime for all employees,"Administrative and support, waste management and remediation services",$  923.48, -0.6%,  5.0%,137.3
Sep 2022,Quebec,Average weekly earnings including overtime for all employees,"Administrative and support, waste management and remediation services",$  911.48, -1.3%,  3.9%,135.5
Oct 2022,Quebec,Average weekly earnings including overtime for all employees,"Administrative and support, waste management and remediation services",$  920.23,  1.0%,  6.3%,136.8
Nov 2022,Quebec,Average weekly earnings including overtime for all employees,"Administrative and support, waste management and remediation services",$  891.15, -3.2%,  0.3%,132.5
Dec 2022,Quebec,Average weekly earnings including overtime for all employees,"Administrative and support, waste management and remediation services",$  881.31, -1.1%, -0.4%,131.0
Jan 2023,Quebec,Average weekly earnings including overtime for all employees,"Administrative and support, waste management and remediation services",$  882.37,  0.1%, -0.5%,131.2
Feb 2023,Quebec,Average weekly earnings including overtime for all employees,"Administrative and support, waste management and remediation services",$  887.73,  0.6%,  0.7%,132.0
Mar 2023,Quebec,Average weekly earnings including overtime for all employees,"Administrative and support, waste management and remediation services",$  898.25,  1.2%,  1.4%,133.6
Apr 2023,Quebec,Average weekly earnings including overtime for all employees,"Administrative and support, waste management and remediation services",$  930.31,  3.6%,  5.6%,138.3
May 2023,Quebec,Average weekly earnings including overtime for all employees,"Administrative and support, waste management and remediation services",$  922.44, -0.8%,  3.2%,137.2
Jun 2023,Quebec,Average weekly earnings including overtime for all employees,"Administrative and support, waste management and remediation services",$  930.57,  0.9%,  0.2%,138.4
Jul 2023,Quebec,Average weekly earnings including overtime for all employees,"Administrative and support, waste management and remediation services",$  945.97,  1.7%,  1.8%,140.7
Aug 2023,Quebec,Average weekly earnings including overtime for all employees,"Administrative and support, waste management and remediation services",$  943.79, -0.2%,  2.2%,140.3
Sep 2023,Quebec,Average weekly earnings including overtime for all employees,"Administrative and support, waste management and remediation services",$  957.56,  1.5%,  5.1%,142.4
Oct 2023,Quebec,Average weekly earnings including overtime for all employees,"Administrative and support, waste management and remediation services",$  976.44,  2.0%,  6.1%,145.2
Nov 2023,Quebec,Average weekly earnings including overtime for all employees,"Administrative and support, waste management and remediation services",$  961.98, -1.5%,  7.9%,143.0
Dec 2023,Quebec,Average weekly earnings including overtime for all employees,"Administrative and support, waste management and remediation services",$  974.85,  1.3%, 10.6%,145.0
Jan 2024,Quebec,Average weekly earnings including overtime for all employees,"Administrative and support, waste management and remediation services",$  981.41,  0.7%, 11.2%,145.9
Feb 2024,Quebec,Average weekly earnings including overtime for all employees,"Administrative and support, waste management and remediation services",$  984.01,  0.3%, 10.8%,146.3
Mar 2024,Quebec,Average weekly earnings including overtime for all employees,"Administrative and support, waste management and remediation services",$  985.98,  0.2%,  9.8%,146.6
Apr 2024,Quebec,Average weekly earnings including overtime for all employees,"Administrative and support, waste management and remediation services",$  977.44, -0.9%,  5.1%,145.3
May 2024,Quebec,Average weekly earnings including overtime for all employees,"Administrative and support, waste management and remediation services",$  958.73, -1.9%,  3.9%,142.6
Jun 2024,Quebec,Average weekly earnings including overtime for all employees,"Administrative and support, waste management and remediation services",$  969.72,  1.1%,  4.2%,144.2
Jul 2024,Quebec,Average weekly earnings including overtime for all employees,"Administrative and support, waste management and remediation services",$  974.54,  0.5%,  3.0%,144.9
Aug 2024,Quebec,Average weekly earnings including overtime for all employees,"Administrative and support, waste management and remediation services",$  970.65, -0.4%,  2.8%,144.3
Sep 2024,Quebec,Average weekly earnings including overtime for all employees,"Administrative and support, waste management and remediation services",$  978.21,  0.8%,  2.2%,145.5
Oct 2024,Quebec,Average weekly earnings including overtime for all employees,"Administrative and support, waste management and remediation services",$  982.98,  0.5%,  0.7%,146.2
Jan 2011,Quebec,Average weekly earnings including overtime for all employees,Educational services,$  862.37,  3.8%,  2.8%,100.0
Feb 2011,Quebec,Average weekly earnings including overtime for all employees,Educational services,$  850.17, -1.4%,  3.6%, 98.6
Mar 2011,Quebec,Average weekly earnings including overtime for all employees,Educational services,$  859.40,  1.1%,  3.0%, 99.7
Apr 2011,Quebec,Average weekly earnings including overtime for all employees,Educational services,$  867.70,  1.0%,  3.1%,100.6
May 2011,Quebec,Average weekly earnings including overtime for all employees,Educational services,$  824.38, -5.0%, -4.2%, 95.6
Jun 2011,Quebec,Average weekly earnings including overtime for all employees,Educational services,$  835.09,  1.3%, -9.6%, 96.8
Jul 2011,Quebec,Average weekly earnings including overtime for all employees,Educational services,$  856.69,  2.6%,  5.8%, 99.3
Aug 2011,Quebec,Average weekly earnings including overtime for all employees,Educational services,$  842.32, -1.7%,  0.6%, 97.7
Sep 2011,Quebec,Average weekly earnings including overtime for all employees,Educational services,$  867.43,  3.0%,  4.4%,100.6
Oct 2011,Quebec,Average weekly earnings including overtime for all employees,Educational services,$  882.86,  1.8%,  2.2%,102.4
Nov 2011,Quebec,Average weekly earnings including overtime for all employees,Educational services,$  859.10, -2.7%,  1.0%, 99.6
Dec 2011,Quebec,Average weekly earnings including overtime for all employees,Educational services,$  890.07,  3.6%,  7.1%,103.2
Jan 2012,Quebec,Average weekly earnings including overtime for all employees,Educational services,$  883.71, -0.7%,  2.5%,102.5
Feb 2012,Quebec,Average weekly earnings including overtime for all employees,Educational services,$  897.92,  1.6%,  5.6%,104.1
Mar 2012,Quebec,Average weekly earnings including overtime for all employees,Educational services,$  886.36, -1.3%,  3.1%,102.8
Apr 2012,Quebec,Average weekly earnings including overtime for all employees,Educational services,$  868.26, -2.0%,  0.1%,100.7
May 2012,Quebec,Average weekly earnings including overtime for all employees,Educational services,$  863.05, -0.6%,  4.7%,100.1
Jun 2012,Quebec,Average weekly earnings including overtime for all employees,Educational services,$  836.59, -3.1%,  0.2%, 97.0
Jul 2012,Quebec,Average weekly earnings including overtime for all employees,Educational services,$  892.30,  6.7%,  4.2%,103.5
Aug 2012,Quebec,Average weekly earnings including overtime for all employees,Educational services,$  943.92,  5.8%, 12.1%,109.5
Sep 2012,Quebec,Average weekly earnings including overtime for all employees,Educational services,$  887.52, -6.0%,  2.3%,102.9
Oct 2012,Quebec,Average weekly earnings including overtime for all employees,Educational services,$  893.47,  0.7%,  1.2%,103.6
Nov 2012,Quebec,Average weekly earnings including overtime for all employees,Educational services,$  903.19,  1.1%,  5.1%,104.7
Dec 2012,Quebec,Average weekly earnings including overtime for all employees,Educational services,$  906.50,  0.4%,  1.8%,105.1
Jan 2013,Quebec,Average weekly earnings including overtime for all employees,Educational services,$  884.78, -2.4%,  0.1%,102.6
Feb 2013,Quebec,Average weekly earnings including overtime for all employees,Educational services,$  904.38,  2.2%,  0.7%,104.9
Mar 2013,Quebec,Average weekly earnings including overtime for all employees,Educational services,$  889.99, -1.6%,  0.4%,103.2
Apr 2013,Quebec,Average weekly earnings including overtime for all employees,Educational services,$  897.42,  0.8%,  3.4%,104.1
May 2013,Quebec,Average weekly earnings including overtime for all employees,Educational services,$  909.06,  1.3%,  5.3%,105.4
Jun 2013,Quebec,Average weekly earnings including overtime for all employees,Educational services,$  934.29,  2.8%, 11.7%,108.3
Jul 2013,Quebec,Average weekly earnings including overtime for all employees,Educational services,$  883.48, -5.4%, -1.0%,102.4
Aug 2013,Quebec,Average weekly earnings including overtime for all employees,Educational services,$  884.75,  0.1%, -6.3%,102.6
Sep 2013,Quebec,Average weekly earnings including overtime for all employees,Educational services,$  896.60,  1.3%,  1.0%,104.0
Oct 2013,Quebec,Average weekly earnings including overtime for all employees,Educational services,$  871.85, -2.8%, -2.4%,101.1
Nov 2013,Quebec,Average weekly earnings including overtime for all employees,Educational services,$  876.11,  0.5%, -3.0%,101.6
Dec 2013,Quebec,Average weekly earnings including overtime for all employees,Educational services,$  858.27, -2.0%, -5.3%, 99.5
Jan 2014,Quebec,Average weekly earnings including overtime for all employees,Educational services,$  897.71,  4.6%,  1.5%,104.1
Feb 2014,Quebec,Average weekly earnings including overtime for all employees,Educational services,$  884.87, -1.4%, -2.2%,102.6
Mar 2014,Quebec,Average weekly earnings including overtime for all employees,Educational services,$  902.05,  1.9%,  1.4%,104.6
Apr 2014,Quebec,Average weekly earnings including overtime for all employees,Educational services,$  877.31, -2.7%, -2.2%,101.7
May 2014,Quebec,Average weekly earnings including overtime for all employees,Educational services,$  892.39,  1.7%, -1.8%,103.5
Jun 2014,Quebec,Average weekly earnings including overtime for all employees,Educational services,$  913.48,  2.4%, -2.2%,105.9
Jul 2014,Quebec,Average weekly earnings including overtime for all employees,Educational services,$  943.46,  3.3%,  6.8%,109.4
Aug 2014,Quebec,Average weekly earnings including overtime for all employees,Educational services,$  872.15, -7.6%, -1.4%,101.1
Sep 2014,Quebec,Average weekly earnings including overtime for all employees,Educational services,$  843.30, -3.3%, -5.9%, 97.8
Oct 2014,Quebec,Average weekly earnings including overtime for all employees,Educational services,$  875.44,  3.8%,  0.4%,101.5
Nov 2014,Quebec,Average weekly earnings including overtime for all employees,Educational services,$  901.70,  3.0%,  2.9%,104.6
Dec 2014,Quebec,Average weekly earnings including overtime for all employees,Educational services,$  909.74,  0.9%,  6.0%,105.5
Jan 2015,Quebec,Average weekly earnings including overtime for all employees,Educational services,$  896.71, -1.4%, -0.1%,104.0
Feb 2015,Quebec,Average weekly earnings including overtime for all employees,Educational services,$  900.62,  0.4%,  1.8%,104.4
Mar 2015,Quebec,Average weekly earnings including overtime for all employees,Educational services,$  891.72, -1.0%, -1.1%,103.4
Apr 2015,Quebec,Average weekly earnings including overtime for all employees,Educational services,$  912.56,  2.3%,  4.0%,105.8
May 2015,Quebec,Average weekly earnings including overtime for all employees,Educational services,$  932.86,  2.2%,  4.5%,108.2
Jun 2015,Quebec,Average weekly earnings including overtime for all employees,Educational services,$  962.45,  3.2%,  5.4%,111.6
Jul 2015,Quebec,Average weekly earnings including overtime for all employees,Educational services,$  939.67, -2.4%, -0.4%,109.0
Aug 2015,Quebec,Average weekly earnings including overtime for all employees,Educational services,$  910.03, -3.2%,  4.3%,105.5
Sep 2015,Quebec,Average weekly earnings including overtime for all employees,Educational services,$  940.73,  3.4%, 11.6%,109.1
Oct 2015,Quebec,Average weekly earnings including overtime for all employees,Educational services,$  907.33, -3.6%,  3.6%,105.2
Nov 2015,Quebec,Average weekly earnings including overtime for all employees,Educational services,$  881.77, -2.8%, -2.2%,102.2
Dec 2015,Quebec,Average weekly earnings including overtime for all employees,Educational services,$  930.29,  5.5%,  2.3%,107.9
Jan 2016,Quebec,Average weekly earnings including overtime for all employees,Educational services,$  913.32, -1.8%,  1.9%,105.9
Feb 2016,Quebec,Average weekly earnings including overtime for all employees,Educational services,$  941.36,  3.1%,  4.5%,109.2
Mar 2016,Quebec,Average weekly earnings including overtime for all employees,Educational services,$  947.06,  0.6%,  6.2%,109.8
Apr 2016,Quebec,Average weekly earnings including overtime for all employees,Educational services,$  949.65,  0.3%,  4.1%,110.1
May 2016,Quebec,Average weekly earnings including overtime for all employees,Educational services,$  927.37, -2.3%, -0.6%,107.5
Jun 2016,Quebec,Average weekly earnings including overtime for all employees,Educational services,$  924.23, -0.3%, -4.0%,107.2
Jul 2016,Quebec,Average weekly earnings including overtime for all employees,Educational services,$  949.75,  2.8%,  1.1%,110.1
Aug 2016,Quebec,Average weekly earnings including overtime for all employees,Educational services,$  955.19,  0.6%,  5.0%,110.8
Sep 2016,Quebec,Average weekly earnings including overtime for all employees,Educational services,$  954.74,  0.0%,  1.5%,110.7
Oct 2016,Quebec,Average weekly earnings including overtime for all employees,Educational services,$  947.97, -0.7%,  4.5%,109.9
Nov 2016,Quebec,Average weekly earnings including overtime for all employees,Educational services,$  960.02,  1.3%,  8.9%,111.3
Dec 2016,Quebec,Average weekly earnings including overtime for all employees,Educational services,$  943.55, -1.7%,  1.4%,109.4
Jan 2017,Quebec,Average weekly earnings including overtime for all employees,Educational services,$  959.26,  1.7%,  5.0%,111.2
Feb 2017,Quebec,Average weekly earnings including overtime for all employees,Educational services,$  947.30, -1.2%,  0.6%,109.8
Mar 2017,Quebec,Average weekly earnings including overtime for all employees,Educational services,$  981.21,  3.6%,  3.6%,113.8
Apr 2017,Quebec,Average weekly earnings including overtime for all employees,Educational services,$  979.41, -0.2%,  3.1%,113.6
May 2017,Quebec,Average weekly earnings including overtime for all employees,Educational services,$  963.37, -1.6%,  3.9%,111.7
Jun 2017,Quebec,Average weekly earnings including overtime for all employees,Educational services,$  944.29, -2.0%,  2.2%,109.5
Jul 2017,Quebec,Average weekly earnings including overtime for all employees,Educational services,$  953.20,  0.9%,  0.4%,110.5
Aug 2017,Quebec,Average weekly earnings including overtime for all employees,Educational services,$  986.66,  3.5%,  3.3%,114.4
Sep 2017,Quebec,Average weekly earnings including overtime for all employees,Educational services,$  990.13,  0.4%,  3.7%,114.8
Oct 2017,Quebec,Average weekly earnings including overtime for all employees,Educational services,$  970.45, -2.0%,  2.4%,112.5
Nov 2017,Quebec,Average weekly earnings including overtime for all employees,Educational services,$  996.54,  2.7%,  3.8%,115.6
Dec 2017,Quebec,Average weekly earnings including overtime for all employees,Educational services,$  943.02, -5.4%, -0.1%,109.4
Jan 2018,Quebec,Average weekly earnings including overtime for all employees,Educational services,$  972.52,  3.1%,  1.4%,112.8
Feb 2018,Quebec,Average weekly earnings including overtime for all employees,Educational services,$  967.09, -0.6%,  2.1%,112.1
Mar 2018,Quebec,Average weekly earnings including overtime for all employees,Educational services,$  954.72, -1.3%, -2.7%,110.7
Apr 2018,Quebec,Average weekly earnings including overtime for all employees,Educational services,$  966.06,  1.2%, -1.4%,112.0
May 2018,Quebec,Average weekly earnings including overtime for all employees,Educational services,$  997.31,  3.2%,  3.5%,115.6
Jun 2018,Quebec,Average weekly earnings including overtime for all employees,Educational services,"$1,053.45",  5.6%, 11.6%,122.2
Jul 2018,Quebec,Average weekly earnings including overtime for all employees,Educational services,$  963.52, -8.5%,  1.1%,111.7
Aug 2018,Quebec,Average weekly earnings including overtime for all employees,Educational services,$  994.79,  3.2%,  0.8%,115.4
Sep 2018,Quebec,Average weekly earnings including overtime for all employees,Educational services,$  979.55, -1.5%, -1.1%,113.6
Oct 2018,Quebec,Average weekly earnings including overtime for all employees,Educational services,$  989.03,  1.0%,  1.9%,114.7
Nov 2018,Quebec,Average weekly earnings including overtime for all employees,Educational services,$  983.69, -0.5%, -1.3%,114.1
Dec 2018,Quebec,Average weekly earnings including overtime for all employees,Educational services,$  990.45,  0.7%,  5.0%,114.9
Jan 2019,Quebec,Average weekly earnings including overtime for all employees,Educational services,$  992.60,  0.2%,  2.1%,115.1
Feb 2019,Quebec,Average weekly earnings including overtime for all employees,Educational services,$  994.74,  0.2%,  2.9%,115.3
Mar 2019,Quebec,Average weekly earnings including overtime for all employees,Educational services,$  973.19, -2.2%,  1.9%,112.9
Apr 2019,Quebec,Average weekly earnings including overtime for all employees,Educational services,$  974.71,  0.2%,  0.9%,113.0
May 2019,Quebec,Average weekly earnings including overtime for all employees,Educational services,"$1,014.15",  4.0%,  1.7%,117.6
Jun 2019,Quebec,Average weekly earnings including overtime for all employees,Educational services,"$1,017.28",  0.3%, -3.4%,118.0
Jul 2019,Quebec,Average weekly earnings including overtime for all employees,Educational services,$  953.12, -6.3%, -1.1%,110.5
Aug 2019,Quebec,Average weekly earnings including overtime for all employees,Educational services,"$1,007.92",  5.7%,  1.3%,116.9
Sep 2019,Quebec,Average weekly earnings including overtime for all employees,Educational services,"$1,009.85",  0.2%,  3.1%,117.1
Oct 2019,Quebec,Average weekly earnings including overtime for all employees,Educational services,"$1,036.11",  2.6%,  4.8%,120.1
Nov 2019,Quebec,Average weekly earnings including overtime for all employees,Educational services,"$1,000.54", -3.4%,  1.7%,116.0
Dec 2019,Quebec,Average weekly earnings including overtime for all employees,Educational services,"$1,003.26",  0.3%,  1.3%,116.3
Jan 2020,Quebec,Average weekly earnings including overtime for all employees,Educational services,$  987.78, -1.5%, -0.5%,114.5
Feb 2020,Quebec,Average weekly earnings including overtime for all employees,Educational services,"$1,007.38",  2.0%,  1.3%,116.8
Mar 2020,Quebec,Average weekly earnings including overtime for all employees,Educational services,"$1,008.79",  0.1%,  3.7%,117.0
Apr 2020,Quebec,Average weekly earnings including overtime for all employees,Educational services,"$1,029.79",  2.1%,  5.7%,119.4
May 2020,Quebec,Average weekly earnings including overtime for all employees,Educational services,"$1,050.75",  2.0%,  3.6%,121.8
Jun 2020,Quebec,Average weekly earnings including overtime for all employees,Educational services,"$1,093.24",  4.0%,  7.5%,126.8
Jul 2020,Quebec,Average weekly earnings including overtime for all employees,Educational services,"$1,080.27", -1.2%, 13.3%,125.3
Aug 2020,Quebec,Average weekly earnings including overtime for all employees,Educational services,"$1,057.45", -2.1%,  4.9%,122.6
Sep 2020,Quebec,Average weekly earnings including overtime for all employees,Educational services,"$1,041.80", -1.5%,  3.2%,120.8
Oct 2020,Quebec,Average weekly earnings including overtime for all employees,Educational services,"$1,070.78",  2.8%,  3.3%,124.2
Nov 2020,Quebec,Average weekly earnings including overtime for all employees,Educational services,"$1,083.30",  1.2%,  8.3%,125.6
Dec 2020,Quebec,Average weekly earnings including overtime for all employees,Educational services,"$1,129.90",  4.3%, 12.6%,131.0
Jan 2021,Quebec,Average weekly earnings including overtime for all employees,Educational services,"$1,112.07", -1.6%, 12.6%,129.0
Feb 2021,Quebec,Average weekly earnings including overtime for all employees,Educational services,"$1,081.47", -2.8%,  7.4%,125.4
Mar 2021,Quebec,Average weekly earnings including overtime for all employees,Educational services,"$1,094.72",  1.2%,  8.5%,126.9
Apr 2021,Quebec,Average weekly earnings including overtime for all employees,Educational services,"$1,073.49", -1.9%,  4.2%,124.5
May 2021,Quebec,Average weekly earnings including overtime for all employees,Educational services,"$1,055.58", -1.7%,  0.5%,122.4
Jun 2021,Quebec,Average weekly earnings including overtime for all employees,Educational services,"$1,049.30", -0.6%, -4.0%,121.7
Jul 2021,Quebec,Average weekly earnings including overtime for all employees,Educational services,"$1,093.80",  4.2%,  1.3%,126.8
Aug 2021,Quebec,Average weekly earnings including overtime for all employees,Educational services,"$1,077.34", -1.5%,  1.9%,124.9
Sep 2021,Quebec,Average weekly earnings including overtime for all employees,Educational services,"$1,100.13",  2.1%,  5.6%,127.6
Oct 2021,Quebec,Average weekly earnings including overtime for all employees,Educational services,"$1,060.10", -3.6%, -1.0%,122.9
Nov 2021,Quebec,Average weekly earnings including overtime for all employees,Educational services,"$1,067.30",  0.7%, -1.5%,123.8
Dec 2021,Quebec,Average weekly earnings including overtime for all employees,Educational services,"$1,069.81",  0.2%, -5.3%,124.1
Jan 2022,Quebec,Average weekly earnings including overtime for all employees,Educational services,"$1,086.83",  1.6%, -2.3%,126.0
Feb 2022,Quebec,Average weekly earnings including overtime for all employees,Educational services,"$1,114.34",  2.5%,  3.0%,129.2
Mar 2022,Quebec,Average weekly earnings including overtime for all employees,Educational services,"$1,121.02",  0.6%,  2.4%,130.0
Apr 2022,Quebec,Average weekly earnings including overtime for all employees,Educational services,"$1,113.48", -0.7%,  3.7%,129.1
May 2022,Quebec,Average weekly earnings including overtime for all employees,Educational services,"$1,095.62", -1.6%,  3.8%,127.0
Jun 2022,Quebec,Average weekly earnings including overtime for all employees,Educational services,"$1,064.24", -2.9%,  1.4%,123.4
Jul 2022,Quebec,Average weekly earnings including overtime for all employees,Educational services,"$1,097.92",  3.2%,  0.4%,127.3
Aug 2022,Quebec,Average weekly earnings including overtime for all employees,Educational services,"$1,091.36", -0.6%,  1.3%,126.6
Sep 2022,Quebec,Average weekly earnings including overtime for all employees,Educational services,"$1,095.49",  0.4%, -0.4%,127.0
Oct 2022,Quebec,Average weekly earnings including overtime for all employees,Educational services,"$1,104.35",  0.8%,  4.2%,128.1
Nov 2022,Quebec,Average weekly earnings including overtime for all employees,Educational services,"$1,113.12",  0.8%,  4.3%,129.1
Dec 2022,Quebec,Average weekly earnings including overtime for all employees,Educational services,"$1,132.30",  1.7%,  5.8%,131.3
Jan 2023,Quebec,Average weekly earnings including overtime for all employees,Educational services,"$1,114.08", -1.6%,  2.5%,129.2
Feb 2023,Quebec,Average weekly earnings including overtime for all employees,Educational services,"$1,104.27", -0.9%, -0.9%,128.1
Mar 2023,Quebec,Average weekly earnings including overtime for all employees,Educational services,"$1,104.49",  0.0%, -1.5%,128.1
Apr 2023,Quebec,Average weekly earnings including overtime for all employees,Educational services,"$1,127.21",  2.1%,  1.2%,130.7
May 2023,Quebec,Average weekly earnings including overtime for all employees,Educational services,"$1,102.17", -2.2%,  0.6%,127.8
Jun 2023,Quebec,Average weekly earnings including overtime for all employees,Educational services,"$1,077.17", -2.3%,  1.2%,124.9
Jul 2023,Quebec,Average weekly earnings including overtime for all employees,Educational services,"$1,101.83",  2.3%,  0.4%,127.8
Aug 2023,Quebec,Average weekly earnings including overtime for all employees,Educational services,"$1,092.96", -0.8%,  0.1%,126.7
Sep 2023,Quebec,Average weekly earnings including overtime for all employees,Educational services,"$1,132.17",  3.6%,  3.3%,131.3
Oct 2023,Quebec,Average weekly earnings including overtime for all employees,Educational services,"$1,152.30",  1.8%,  4.3%,133.6
Nov 2023,Quebec,Average weekly earnings including overtime for all employees,Educational services,"$1,155.53",  0.3%,  3.8%,134.0
Dec 2023,Quebec,Average weekly earnings including overtime for all employees,Educational services,"$1,085.17", -6.1%, -4.2%,125.8
Jan 2024,Quebec,Average weekly earnings including overtime for all employees,Educational services,"$1,128.50",  4.0%,  1.3%,130.9
Feb 2024,Quebec,Average weekly earnings including overtime for all employees,Educational services,"$1,183.45",  4.9%,  7.2%,137.2
Mar 2024,Quebec,Average weekly earnings including overtime for all employees,Educational services,"$1,180.32", -0.3%,  6.9%,136.9
Apr 2024,Quebec,Average weekly earnings including overtime for all employees,Educational services,"$1,162.38", -1.5%,  3.1%,134.8
May 2024,Quebec,Average weekly earnings including overtime for all employees,Educational services,"$1,158.63", -0.3%,  5.1%,134.4
Jun 2024,Quebec,Average weekly earnings including overtime for all employees,Educational services,"$1,144.06", -1.3%,  6.2%,132.7
Jul 2024,Quebec,Average weekly earnings including overtime for all employees,Educational services,"$1,194.56",  4.4%,  8.4%,138.5
Aug 2024,Quebec,Average weekly earnings including overtime for all employees,Educational services,"$1,175.54", -1.6%,  7.6%,136.3
Sep 2024,Quebec,Average weekly earnings including overtime for all employees,Educational services,"$1,202.84",  2.3%,  6.2%,139.5
Oct 2024,Quebec,Average weekly earnings including overtime for all employees,Educational services,"$1,219.88",  1.4%,  5.9%,141.5
,,,,,,,
"Source: Statistics Canada. Table 14 10 0223 Employment and average weekly earnings (including overtime) for all employees by province and territory, monthly, seasonally adjusted",,,,,,,
